JvmtiExport can_access_local_variables 0
JvmtiExport can_hotswap_or_post_breakpoint 0
JvmtiExport can_post_on_exceptions 0
# 316 ciObject found
instanceKlass groovy/lang/MetaClassImpl$1MOPIter
ciInstanceKlass java/lang/NumberFormatException 1 1 75 10 7 12 1 1 1 10 12 1 7 1 7 1 10 8 1 10 12 1 1 8 1 8 1 8 1 10 12 1 10 12 1 1 10 8 1 8 1 11 100 12 1 1 1 10 12 1 1 1 1 5 0 1 1 1 1 1 1 1 1 1 1 1 1 100 1 1 1 1 1 1 1 1 1
instanceKlass org/openqa/selenium/remote/WebElementToJsonConverter
instanceKlass com/kms/katalon/core/webui/common/internal/SmartWait
instanceKlass com/kms/katalon/core/webui/model/WebUiElementFinder
instanceKlass com/kms/katalon/core/webui/model/WebUiElementFinderWithTimeout
instanceKlass com/kms/katalon/core/webui/model/SeleniumElementFinder
instanceKlass com/kms/katalon/core/webui/model/ElementFinder
instanceKlass com/kms/katalon/core/webui/model/FindElementParams
instanceKlass com/kms/katalon/core/webui/model/SeleniumActionRetryController$ShouldRetryCondition
instanceKlass com/kms/katalon/core/webui/model/SeleniumActionRetryController
instanceKlass org/codehaus/groovy/runtime/ConversionHandler
instanceKlass com/kms/katalon/core/webui/model/SeleniumActionRetryController$RetryableAction
instanceKlass com/kms/katalon/core/testobject/TestObjectXpath
instanceKlass org/apache/commons/lang/IntHashMap$Entry
instanceKlass org/apache/commons/lang/IntHashMap
instanceKlass org/apache/commons/lang/Entities$PrimitiveEntityMap
instanceKlass org/apache/commons/lang/Entities$EntityMap
instanceKlass org/apache/commons/lang/Entities
instanceKlass org/apache/commons/lang/exception/Nestable
instanceKlass org/apache/commons/lang/StringEscapeUtils
instanceKlass org/codehaus/groovy/control/customizers/ImportCustomizer$1
instanceKlass org/dom4j/Visitor
instanceKlass com/kms/katalon/util/collections/NameValuePair
instanceKlass com/kms/katalon/core/testobject/TestObjectProperty
instanceKlass com/kms/katalon/core/testobject/WindowsTestObject
instanceKlass com/kms/katalon/core/testobject/ValidationStep
instanceKlass com/kms/katalon/core/util/StrSubstitutor
instanceKlass com/kms/katalon/core/testobject/authorization/BasicRequestAuthorization
instanceKlass com/kms/katalon/core/testobject/HttpMessage
instanceKlass com/kms/katalon/core/testobject/HttpBodyContent
instanceKlass com/kms/katalon/core/testobject/authorization/RequestAuthorization
instanceKlass net/bytebuddy/renamed/java/lang/Object$ByteBuddy$fPDDO1EE
instanceKlass org/openqa/selenium/remote/RemoteWebDriver$RemoteNavigation
instanceKlass com/kms/katalon/core/util/internal/PathUtil
instanceKlass com/kms/katalon/core/logging/testops/TestOpsLogHelper
instanceKlass java/lang/StackTraceElement$HashedModules
instanceKlass org/greenrobot/eventbus/EventBus$2
instanceKlass org/greenrobot/eventbus/EventBus$PostingThreadState
instanceKlass net/bytebuddy/renamed/java/lang/Object$ByteBuddy$l88CXTgI
instanceKlass org/openqa/selenium/remote/RemoteWebDriver$RemoteWebDriverOptions$RemoteTimeouts
instanceKlass net/bytebuddy/renamed/java/lang/Object$ByteBuddy$NiHLACuy
instanceKlass org/openqa/selenium/Beta
instanceKlass net/bytebuddy/description/annotation/AnnotationValue$Loaded
instanceKlass net/bytebuddy/description/annotation/AnnotationValue$AbstractBase
instanceKlass net/bytebuddy/description/enumeration/EnumerationDescription$AbstractBase
instanceKlass org/openqa/selenium/remote/RemoteWebDriver$RemoteWebDriverOptions
instanceKlass org/openqa/selenium/Cookie
instanceKlass org/openqa/selenium/WebDriver$Timeouts
instanceKlass org/openqa/selenium/WebDriver$Window
instanceKlass org/openqa/selenium/Alert
instanceKlass org/openqa/selenium/safari/HasDebugger
instanceKlass com/kms/katalon/selenium/driver/IExistingRemoteWebDriver
instanceKlass net/bytebuddy/dynamic/loading/ByteArrayClassLoader$ClassDefinitionAction
instanceKlass net/bytebuddy/dynamic/loading/ByteArrayClassLoader$SynchronizationStrategy$ForJava8CapableVm
instanceKlass net/bytebuddy/dynamic/loading/ByteArrayClassLoader$SynchronizationStrategy$ForJava7CapableVm
instanceKlass net/bytebuddy/dynamic/loading/ByteArrayClassLoader$SynchronizationStrategy
instanceKlass net/bytebuddy/dynamic/loading/ByteArrayClassLoader$SynchronizationStrategy$Initializable
instanceKlass net/bytebuddy/dynamic/loading/ByteArrayClassLoader$PackageLookupStrategy$ForJava9CapableVm
instanceKlass net/bytebuddy/utility/JavaModule$Module
instanceKlass net/bytebuddy/utility/JavaModule$Resolver
instanceKlass net/bytebuddy/utility/JavaModule
instanceKlass net/bytebuddy/dynamic/loading/ByteArrayClassLoader$PackageLookupStrategy
instanceKlass net/bytebuddy/dynamic/loading/ClassFilePostProcessor
instanceKlass net/bytebuddy/dynamic/loading/ByteArrayClassLoader$SingletonEnumeration
instanceKlass net/bytebuddy/dynamic/loading/ClassLoadingStrategy$Default$InjectionDispatcher
instanceKlass net/bytebuddy/dynamic/loading/PackageDefinitionStrategy$Definition
instanceKlass net/bytebuddy/dynamic/loading/PackageDefinitionStrategy
instanceKlass net/bytebuddy/dynamic/loading/ClassLoadingStrategy$Default$WrappingDispatcher
instanceKlass net/bytebuddy/dynamic/loading/ClassLoadingStrategy$Configurable
instanceKlass net/bytebuddy/dynamic/DynamicType$Loaded
instanceKlass net/bytebuddy/dynamic/ClassFileLocator$Resolution
instanceKlass net/bytebuddy/dynamic/DynamicType$Default
instanceKlass net/bytebuddy/dynamic/DynamicType$Unloaded
instanceKlass net/bytebuddy/dynamic/DynamicType
instanceKlass net/bytebuddy/dynamic/ClassFileLocator
instanceKlass net/bytebuddy/dynamic/scaffold/TypeWriter$Default$UnresolvedType
instanceKlass net/bytebuddy/jar/asm/ConstantDynamic
instanceKlass net/bytebuddy/jar/asm/Handle
instanceKlass net/bytebuddy/implementation/bytecode/constant/ClassConstant$ForReferenceType
instanceKlass net/bytebuddy/implementation/bytecode/ByteCodeAppender$Compound
instanceKlass net/bytebuddy/dynamic/scaffold/TypeInitializer$Simple
instanceKlass net/bytebuddy/implementation/bytecode/ByteCodeAppender$Simple
instanceKlass net/bytebuddy/dynamic/scaffold/TypeInitializer$Drain$Default
instanceKlass net/bytebuddy/description/type/TypeDefinition$SuperClassIterator
instanceKlass java/lang/reflect/AnnotatedArrayType
instanceKlass net/bytebuddy/description/type/TypeDescription$Generic$AnnotationReader$ForComponentType$AnnotatedParameterizedType
instanceKlass net/bytebuddy/implementation/bytecode/assign/primitive/PrimitiveBoxingDelegate$BoxingStackManipulation
instanceKlass net/bytebuddy/description/type/TypeDescription$Generic$AnnotationReader$ForTypeVariableBoundType$OfFormalTypeVariable$FormalTypeVariable
instanceKlass java/lang/reflect/AnnotatedWildcardType
instanceKlass net/bytebuddy/description/type/TypeDescription$Generic$AnnotationReader$ForWildcardUpperBoundType$AnnotatedWildcardType
instanceKlass java/lang/reflect/AnnotatedParameterizedType
instanceKlass net/bytebuddy/description/type/TypeDescription$Generic$AnnotationReader$ForTypeArgument$AnnotatedParameterizedType
instanceKlass net/bytebuddy/implementation/bytecode/Removal$2
instanceKlass net/bytebuddy/description/type/TypeDescription$Generic$AnnotationReader$Delegator$ForLoadedExecutableExceptionType$Dispatcher
instanceKlass net/bytebuddy/description/enumeration/EnumerationDescription
instanceKlass net/bytebuddy/description/annotation/AnnotationDescription$AbstractBase
instanceKlass net/bytebuddy/description/annotation/AnnotationDescription$Loadable
instanceKlass net/bytebuddy/implementation/bytecode/ByteCodeAppender$Size
instanceKlass net/bytebuddy/implementation/Implementation$Context$Default$FieldCacheEntry
instanceKlass net/bytebuddy/implementation/bytecode/assign/primitive/PrimitiveUnboxingDelegate$ImplicitlyTypedUnboxingResponsible
instanceKlass net/bytebuddy/implementation/bytecode/assign/primitive/PrimitiveUnboxingDelegate$UnboxingResponsible
instanceKlass net/bytebuddy/implementation/bytecode/member/MethodInvocation$WithImplicitInvocationTargetType
instanceKlass net/bytebuddy/implementation/bytecode/collection/ArrayFactory$ArrayStackManipulation
instanceKlass net/bytebuddy/implementation/bytecode/StackManipulation$Size
instanceKlass net/bytebuddy/implementation/bytecode/collection/ArrayFactory$ArrayCreator
instanceKlass net/bytebuddy/implementation/bytecode/collection/ArrayFactory
instanceKlass net/bytebuddy/implementation/bytecode/collection/CollectionFactory
instanceKlass net/bytebuddy/implementation/bytecode/constant/MethodConstant$CachedMethod
instanceKlass net/bytebuddy/implementation/bytecode/member/MethodVariableAccess$MethodLoading$TypeCastingHandler
instanceKlass net/bytebuddy/implementation/bytecode/member/FieldAccess$AccessDispatcher
instanceKlass net/bytebuddy/implementation/bytecode/member/FieldAccess$Defined
instanceKlass net/bytebuddy/implementation/bytecode/constant/MethodConstant$CanCache
instanceKlass net/bytebuddy/implementation/bytecode/StackManipulation$AbstractBase
instanceKlass net/bytebuddy/dynamic/scaffold/TypeWriter$MethodPool$Record$AccessBridgeWrapper
instanceKlass net/bytebuddy/dynamic/scaffold/TypeWriter$FieldPool$Record$ForImplicitField
instanceKlass net/bytebuddy/implementation/attribute/AnnotationAppender$Target$OnField
instanceKlass net/bytebuddy/dynamic/scaffold/TypeWriter$FieldPool$Record$ForExplicitField
instanceKlass net/bytebuddy/jar/asm/TypeReference
instanceKlass net/bytebuddy/implementation/attribute/AnnotationAppender$ForTypeAnnotations
instanceKlass net/bytebuddy/implementation/attribute/AnnotationAppender$Target$OnType
instanceKlass net/bytebuddy/implementation/attribute/AnnotationAppender$Default
instanceKlass net/bytebuddy/dynamic/scaffold/TypeWriter$Default$ValidatingClassVisitor$Constraint$Compound
instanceKlass net/bytebuddy/dynamic/scaffold/TypeWriter$Default$ValidatingClassVisitor$Constraint$ForClassFileVersion
instanceKlass net/bytebuddy/description/type/TypeDescription$Generic$Visitor$ForSignatureVisitor
instanceKlass net/bytebuddy/utility/OpenedClassReader
instanceKlass net/bytebuddy/dynamic/scaffold/TypeWriter$Default$ValidatingClassVisitor$Constraint
instanceKlass net/bytebuddy/dynamic/scaffold/TypeWriter$MethodPool$Record$ForDefinedMethod
instanceKlass net/bytebuddy/implementation/Implementation$Context$ExtractableView$AbstractBase
instanceKlass net/bytebuddy/description/type/RecordComponentDescription$InDefinedShape
instanceKlass net/bytebuddy/description/type/RecordComponentDescription
instanceKlass net/bytebuddy/dynamic/scaffold/TypeInitializer$Drain
instanceKlass net/bytebuddy/dynamic/scaffold/TypeWriter$Default$ClassDumpAction$Dispatcher$Enabled
instanceKlass net/bytebuddy/dynamic/scaffold/TypeWriter$Default$ClassDumpAction$Dispatcher
instanceKlass net/bytebuddy/dynamic/scaffold/inline/MethodRebaseResolver
instanceKlass net/bytebuddy/dynamic/scaffold/TypeWriter$Default
instanceKlass net/bytebuddy/dynamic/scaffold/TypeWriter
instanceKlass net/bytebuddy/dynamic/scaffold/TypeWriter$RecordComponentPool$Record
instanceKlass net/bytebuddy/dynamic/scaffold/RecordComponentRegistry$Default$Compiled
instanceKlass net/bytebuddy/dynamic/scaffold/FieldRegistry$Default$Compiled
instanceKlass net/bytebuddy/description/type/TypeVariableToken
instanceKlass net/bytebuddy/description/type/TypeDescription$Generic$Visitor$Reducing
instanceKlass net/bytebuddy/dynamic/scaffold/TypeWriter$FieldPool$Record
instanceKlass net/bytebuddy/dynamic/scaffold/FieldRegistry$Default$Compiled$Entry
instanceKlass net/bytebuddy/dynamic/scaffold/TypeWriter$MethodPool$Record$ForNonImplementedMethod
instanceKlass net/bytebuddy/dynamic/scaffold/MethodRegistry$Default$Compiled
instanceKlass net/bytebuddy/implementation/SuperMethodCall$Appender
instanceKlass net/bytebuddy/dynamic/scaffold/FieldLocator$Resolution$Simple
instanceKlass net/bytebuddy/dynamic/scaffold/FieldLocator$Resolution
instanceKlass net/bytebuddy/dynamic/scaffold/FieldLocator$AbstractBase
instanceKlass net/bytebuddy/implementation/FieldAccessor$FieldLocation$Relative$Prepared
instanceKlass net/bytebuddy/implementation/FieldAccessor$ForImplicitProperty$Appender
instanceKlass net/bytebuddy/dynamic/scaffold/MethodRegistry$Default$Compiled$Entry
instanceKlass net/bytebuddy/implementation/InvocationHandlerAdapter$ForInstance$Appender
instanceKlass net/bytebuddy/dynamic/scaffold/TypeWriter$MethodPool$Record
instanceKlass net/bytebuddy/dynamic/scaffold/MethodRegistry$Handler$ForImplementation$Compiled
instanceKlass net/bytebuddy/implementation/Implementation$SpecialMethodInvocation
instanceKlass net/bytebuddy/implementation/Implementation$Target$AbstractBase
instanceKlass net/bytebuddy/implementation/Implementation$Target
instanceKlass sun/reflect/annotation/TypeAnnotation$LocationInfo$Location
instanceKlass sun/reflect/annotation/TypeAnnotation$LocationInfo
instanceKlass sun/reflect/annotation/AnnotatedTypeFactory$AnnotatedTypeBaseImpl
instanceKlass sun/reflect/annotation/AnnotatedTypeFactory
instanceKlass sun/reflect/annotation/TypeAnnotation
instanceKlass sun/reflect/annotation/TypeAnnotationParser
instanceKlass net/bytebuddy/description/method/MethodDescription$SignatureToken
instanceKlass net/bytebuddy/description/field/FieldDescription$SignatureToken
instanceKlass net/bytebuddy/dynamic/scaffold/MethodRegistry$Compiled
instanceKlass net/bytebuddy/dynamic/scaffold/TypeWriter$MethodPool
instanceKlass net/bytebuddy/dynamic/scaffold/MethodRegistry$Default$Prepared
instanceKlass net/bytebuddy/dynamic/scaffold/MethodRegistry$Default$Prepared$Entry
instanceKlass net/bytebuddy/dynamic/scaffold/MethodGraph$Linked$Delegation
instanceKlass net/bytebuddy/dynamic/scaffold/MethodGraph$Compiler$Default$Key$Store$Graph
instanceKlass net/bytebuddy/dynamic/scaffold/MethodGraph$Compiler$Default$Key$Store$Entry$Resolved$Node
instanceKlass org/openqa/selenium/logging/EventType
instanceKlass org/openqa/selenium/Credentials
instanceKlass org/openqa/selenium/html5/Location
instanceKlass org/openqa/selenium/chromium/ChromiumNetworkConditions
instanceKlass net/bytebuddy/description/type/PackageDescription$AbstractBase
instanceKlass java/lang/reflect/AnnotatedTypeVariable
instanceKlass net/bytebuddy/description/type/TypeDescription$Generic$AnnotationReader$ForTypeVariableBoundType$AnnotatedTypeVariable
instanceKlass org/openqa/selenium/interactions/Sequence
instanceKlass org/openqa/selenium/interactions/Encodable
instanceKlass net/bytebuddy/description/modifier/Visibility$1
instanceKlass net/bytebuddy/dynamic/scaffold/MethodGraph$Node
instanceKlass net/bytebuddy/dynamic/scaffold/MethodGraph$Compiler$Default$Harmonizer$ForJavaMethod$Token
instanceKlass net/bytebuddy/description/type/TypeDescription$Generic$AnnotationReader$Delegator$ForLoadedMethodReturnType$Dispatcher
instanceKlass net/bytebuddy/description/method/MethodDescription$TypeToken
instanceKlass net/bytebuddy/dynamic/scaffold/MethodGraph$Compiler$Default$Key
instanceKlass net/bytebuddy/dynamic/scaffold/MethodGraph$Compiler$Default$Key$Store$Entry$Ambiguous
instanceKlass net/bytebuddy/dynamic/scaffold/MethodGraph$Compiler$Default$Key$Store$Entry$Resolved
instanceKlass net/bytebuddy/dynamic/scaffold/MethodGraph$Compiler$Default$Key$Store$Entry$Initial
instanceKlass net/bytebuddy/dynamic/scaffold/MethodGraph$Compiler$Default$Key$Store$Entry
instanceKlass net/bytebuddy/dynamic/scaffold/MethodGraph$Compiler$Default$Key$Store
instanceKlass net/bytebuddy/implementation/LoadedTypeInitializer$Compound
instanceKlass net/bytebuddy/implementation/LoadedTypeInitializer$ForStaticField
instanceKlass net/bytebuddy/jar/asm/signature/SignatureVisitor
instanceKlass net/bytebuddy/dynamic/scaffold/subclass/SubclassDynamicTypeBuilder$InstrumentableMatcher
instanceKlass net/bytebuddy/description/type/TypeDescription$Generic$LazyProxy
instanceKlass net/bytebuddy/description/annotation/AnnotationValue
instanceKlass net/bytebuddy/description/annotation/AnnotationDescription
instanceKlass net/bytebuddy/description/type/TypeDescription$Generic$AnnotationReader$Delegator$ForLoadedExecutableParameterType$Dispatcher
instanceKlass net/bytebuddy/description/type/TypeDescription$Generic$AnnotationReader$Delegator
instanceKlass net/bytebuddy/description/method/ParameterDescription$Token
instanceKlass net/bytebuddy/description/method/ParameterDescription$ForLoadedParameter$Parameter
instanceKlass net/bytebuddy/description/method/ParameterDescription$InDefinedShape
instanceKlass net/bytebuddy/description/method/ParameterList$ForLoadedExecutable$Executable
instanceKlass net/bytebuddy/description/method/ParameterDescription$InGenericShape
instanceKlass net/bytebuddy/description/method/ParameterDescription
instanceKlass net/bytebuddy/description/NamedElement$WithOptionalName
instanceKlass net/bytebuddy/description/method/MethodDescription$Token
instanceKlass net/bytebuddy/description/method/MethodDescription$InDefinedShape$AbstractBase$Executable
instanceKlass net/bytebuddy/description/method/ParameterList
instanceKlass org/openqa/selenium/virtualauthenticator/VirtualAuthenticatorOptions
instanceKlass org/openqa/selenium/Pdf
instanceKlass org/openqa/selenium/print/PrintOptions
instanceKlass org/openqa/selenium/remote/RemoteWebDriverBuilder
instanceKlass net/bytebuddy/description/method/ParameterDescription$ForLoadedParameter$ParameterAnnotationSource
instanceKlass net/bytebuddy/description/method/MethodDescription$InGenericShape
instanceKlass net/bytebuddy/pool/TypePool$CacheProvider$Simple
instanceKlass net/bytebuddy/pool/TypePool$CacheProvider
instanceKlass net/bytebuddy/pool/TypePool$Resolution
instanceKlass net/bytebuddy/pool/TypePool$AbstractBase
instanceKlass net/bytebuddy/pool/TypePool
instanceKlass net/bytebuddy/dynamic/TypeResolutionStrategy$Resolved
instanceKlass net/bytebuddy/dynamic/scaffold/FieldLocator
instanceKlass net/bytebuddy/implementation/FieldAccessor$FieldLocation$Prepared
instanceKlass net/bytebuddy/implementation/FieldAccessor$FieldLocation$Relative
instanceKlass net/bytebuddy/utility/ConstantValue
instanceKlass net/bytebuddy/implementation/FieldAccessor$FieldNameExtractor$ForFixedValue
instanceKlass net/bytebuddy/implementation/FieldAccessor$OwnerTypeLocatable
instanceKlass net/bytebuddy/implementation/FieldAccessor$AssignerConfigurable
instanceKlass net/bytebuddy/implementation/FieldAccessor$PropertyConfigurable
instanceKlass net/bytebuddy/implementation/FieldAccessor$FieldLocation
instanceKlass net/bytebuddy/implementation/FieldAccessor$FieldNameExtractor
instanceKlass net/bytebuddy/implementation/FieldAccessor
instanceKlass net/bytebuddy/dynamic/scaffold/FieldRegistry$Default$Entry
instanceKlass net/bytebuddy/matcher/LatentMatcher$ForFieldToken
instanceKlass net/bytebuddy/implementation/attribute/FieldAttributeAppender
instanceKlass net/bytebuddy/description/field/FieldDescription$Token
instanceKlass net/bytebuddy/implementation/attribute/FieldAttributeAppender$Factory
instanceKlass net/bytebuddy/dynamic/scaffold/MethodRegistry$Default$Entry
instanceKlass net/bytebuddy/implementation/attribute/MethodAttributeAppender
instanceKlass net/bytebuddy/dynamic/Transformer
instanceKlass net/bytebuddy/dynamic/scaffold/MethodRegistry$Handler$Compiled
instanceKlass net/bytebuddy/dynamic/scaffold/MethodRegistry$Handler$ForImplementation
instanceKlass net/bytebuddy/implementation/bytecode/assign/primitive/PrimitiveTypeAwareAssigner
instanceKlass net/bytebuddy/implementation/bytecode/assign/primitive/VoidAwareAssigner
instanceKlass net/bytebuddy/implementation/bytecode/assign/Assigner
instanceKlass net/bytebuddy/implementation/bytecode/StackManipulation$Compound
instanceKlass net/bytebuddy/implementation/bytecode/StackManipulation
instanceKlass net/bytebuddy/implementation/InvocationHandlerAdapter$WithoutPrivilegeConfiguration
instanceKlass net/bytebuddy/implementation/InvocationHandlerAdapter$AssignerConfigurable
instanceKlass net/bytebuddy/dynamic/scaffold/FieldLocator$Factory
instanceKlass net/bytebuddy/implementation/InvocationHandlerAdapter
instanceKlass net/bytebuddy/implementation/Implementation$Composable
instanceKlass net/bytebuddy/dynamic/DynamicType$Builder$MethodDefinition$ImplementationDefinition$AbstractBase
instanceKlass net/bytebuddy/implementation/attribute/AnnotationAppender
instanceKlass net/bytebuddy/implementation/attribute/AnnotationAppender$Target
instanceKlass net/bytebuddy/dynamic/scaffold/RecordComponentRegistry$Compiled
instanceKlass net/bytebuddy/dynamic/scaffold/RecordComponentRegistry$Default
instanceKlass net/bytebuddy/dynamic/scaffold/MethodRegistry$Prepared
instanceKlass net/bytebuddy/dynamic/scaffold/MethodRegistry$Default
instanceKlass net/bytebuddy/dynamic/scaffold/FieldRegistry$Compiled
instanceKlass net/bytebuddy/dynamic/scaffold/FieldRegistry$Default
instanceKlass net/bytebuddy/utility/CompoundList
instanceKlass net/bytebuddy/description/type/TypeDescription$Generic$Visitor$Substitutor
instanceKlass net/bytebuddy/description/TypeVariableSource$Visitor
instanceKlass net/bytebuddy/description/modifier/ModifierContributor$ForParameter
instanceKlass net/bytebuddy/description/type/TypeDescription$LazyProxy
instanceKlass net/bytebuddy/description/modifier/ModifierContributor$Resolver
instanceKlass net/bytebuddy/description/modifier/ModifierContributor$ForField
instanceKlass net/bytebuddy/description/modifier/ModifierContributor$ForMethod
instanceKlass net/bytebuddy/description/modifier/ModifierContributor$ForType
instanceKlass net/bytebuddy/description/modifier/ModifierContributor
instanceKlass net/bytebuddy/dynamic/scaffold/RecordComponentRegistry
instanceKlass net/bytebuddy/dynamic/scaffold/MethodRegistry
instanceKlass net/bytebuddy/dynamic/scaffold/FieldRegistry
instanceKlass net/bytebuddy/dynamic/scaffold/TypeWriter$RecordComponentPool
instanceKlass net/bytebuddy/dynamic/scaffold/TypeWriter$FieldPool
instanceKlass net/bytebuddy/implementation/Implementation$Target$Factory
instanceKlass net/bytebuddy/implementation/attribute/TypeAttributeAppender
instanceKlass net/bytebuddy/asm/AsmVisitorWrapper
instanceKlass net/bytebuddy/dynamic/DynamicType$Builder$TypeVariableDefinition
instanceKlass net/bytebuddy/dynamic/DynamicType$Builder$RecordComponentDefinition$Optional
instanceKlass net/bytebuddy/dynamic/DynamicType$Builder$FieldDefinition$Optional$Valuable
instanceKlass net/bytebuddy/dynamic/DynamicType$Builder$FieldDefinition$Valuable
instanceKlass net/bytebuddy/dynamic/DynamicType$Builder$MethodDefinition$ImplementationDefinition$Optional
instanceKlass net/bytebuddy/dynamic/DynamicType$Builder$InnerTypeDefinition$ForType
instanceKlass net/bytebuddy/dynamic/DynamicType$Builder$InnerTypeDefinition
instanceKlass net/bytebuddy/dynamic/DynamicType$Builder$RecordComponentDefinition
instanceKlass net/bytebuddy/dynamic/TypeResolutionStrategy
instanceKlass net/bytebuddy/dynamic/DynamicType$Builder$MethodDefinition$ParameterDefinition$Initial
instanceKlass net/bytebuddy/dynamic/DynamicType$Builder$MethodDefinition$ParameterDefinition$Simple
instanceKlass net/bytebuddy/dynamic/DynamicType$Builder$MethodDefinition$ParameterDefinition
instanceKlass net/bytebuddy/dynamic/DynamicType$Builder$MethodDefinition$ExceptionDefinition
instanceKlass net/bytebuddy/dynamic/DynamicType$Builder$MethodDefinition$TypeVariableDefinition
instanceKlass net/bytebuddy/dynamic/DynamicType$Builder$MethodDefinition$ImplementationDefinition
instanceKlass net/bytebuddy/dynamic/DynamicType$Builder$FieldDefinition$Optional
instanceKlass net/bytebuddy/dynamic/DynamicType$Builder$FieldDefinition
instanceKlass net/bytebuddy/dynamic/DynamicType$Builder$MethodDefinition$ReceiverTypeDefinition
instanceKlass net/bytebuddy/dynamic/DynamicType$Builder$MethodDefinition
instanceKlass net/bytebuddy/dynamic/DynamicType$Builder$AbstractBase
instanceKlass net/bytebuddy/description/ByteCodeElement$Token
instanceKlass net/bytebuddy/dynamic/scaffold/MethodRegistry$Handler
instanceKlass net/bytebuddy/implementation/attribute/MethodAttributeAppender$Factory
instanceKlass net/bytebuddy/description/type/TypeDescription$Generic$Visitor$ForRawType
instanceKlass net/bytebuddy/utility/dispatcher/JavaDispatcher$Dispatcher$ForInstanceCheck
instanceKlass net/bytebuddy/description/type/TypeDefinition$Sort$AnnotatedType
instanceKlass net/bytebuddy/description/type/TypeDescription$Generic$AnnotationReader
instanceKlass net/bytebuddy/dynamic/TargetType
instanceKlass net/bytebuddy/utility/dispatcher/JavaDispatcher$ProxiedInvocationHandler
instanceKlass javax/annotation/Nonnull
instanceKlass net/bytebuddy/utility/nullability/MaybeNull
instanceKlass net/bytebuddy/utility/dispatcher/JavaDispatcher$Dispatcher$ForNonStaticMethod
instanceKlass net/bytebuddy/utility/dispatcher/JavaDispatcher$IsConstructor
instanceKlass net/bytebuddy/utility/dispatcher/JavaDispatcher$IsStatic
instanceKlass net/bytebuddy/utility/dispatcher/JavaDispatcher$Container
instanceKlass net/bytebuddy/utility/dispatcher/JavaDispatcher$Instance
instanceKlass java/io/Console
instanceKlass net/bytebuddy/utility/dispatcher/JavaDispatcher$Defaults
instanceKlass net/bytebuddy/utility/Invoker$Dispatcher
instanceKlass net/bytebuddy/jar/asm/Attribute
instanceKlass net/bytebuddy/jar/asm/Handler
instanceKlass net/bytebuddy/jar/asm/Frame
instanceKlass net/bytebuddy/jar/asm/Type
instanceKlass net/bytebuddy/jar/asm/ByteVector
instanceKlass net/bytebuddy/jar/asm/Symbol
instanceKlass net/bytebuddy/jar/asm/SymbolTable
instanceKlass net/bytebuddy/jar/asm/ModuleVisitor
instanceKlass net/bytebuddy/jar/asm/RecordComponentVisitor
instanceKlass net/bytebuddy/jar/asm/MethodVisitor
instanceKlass net/bytebuddy/jar/asm/FieldVisitor
instanceKlass net/bytebuddy/jar/asm/AnnotationVisitor
instanceKlass net/bytebuddy/utility/Invoker
instanceKlass net/bytebuddy/utility/dispatcher/JavaDispatcher$InvokerCreationAction
instanceKlass net/bytebuddy/utility/dispatcher/JavaDispatcher$DynamicClassLoader$Resolver$ForModuleSystem
instanceKlass net/bytebuddy/utility/dispatcher/JavaDispatcher$DynamicClassLoader$Resolver
instanceKlass net/bytebuddy/utility/dispatcher/JavaDispatcher$Proxied
instanceKlass net/bytebuddy/utility/dispatcher/JavaDispatcher$Dispatcher
instanceKlass net/bytebuddy/utility/dispatcher/JavaDispatcher
instanceKlass net/bytebuddy/description/type/TypeDescription$ForLoadedType$Dispatcher
instanceKlass net/bytebuddy/description/field/FieldList
instanceKlass net/bytebuddy/description/type/RecordComponentList
instanceKlass net/bytebuddy/description/method/MethodList
instanceKlass net/bytebuddy/description/type/TypeList
instanceKlass net/bytebuddy/description/annotation/AnnotationList
instanceKlass net/bytebuddy/matcher/LatentMatcher$Resolved
instanceKlass net/bytebuddy/jar/asm/ClassVisitor
instanceKlass net/bytebuddy/dynamic/scaffold/InstrumentedType$WithFlexibleName
instanceKlass net/bytebuddy/dynamic/scaffold/InstrumentedType
instanceKlass net/bytebuddy/implementation/LoadedTypeInitializer
instanceKlass net/bytebuddy/dynamic/scaffold/TypeInitializer
instanceKlass net/bytebuddy/implementation/bytecode/ByteCodeAppender
instanceKlass net/bytebuddy/matcher/ElementMatcher$Junction$AbstractBase
instanceKlass net/bytebuddy/description/field/FieldDescription$InDefinedShape
instanceKlass net/bytebuddy/description/field/FieldDescription
instanceKlass net/bytebuddy/description/method/MethodDescription$InDefinedShape
instanceKlass net/bytebuddy/description/method/MethodDescription
instanceKlass net/bytebuddy/description/ByteCodeElement$TypeDependant
instanceKlass net/bytebuddy/description/ByteCodeElement$Member
instanceKlass net/bytebuddy/description/NamedElement$WithGenericName
instanceKlass net/bytebuddy/description/DeclaredByType$WithMandatoryDeclaration
instanceKlass net/bytebuddy/matcher/ElementMatcher$Junction
instanceKlass net/bytebuddy/matcher/ElementMatchers
instanceKlass net/bytebuddy/description/ModifierReviewable$AbstractBase
instanceKlass net/bytebuddy/description/ModifierReviewable$ForParameterDescription
instanceKlass net/bytebuddy/description/ModifierReviewable$ForMethodDescription
instanceKlass net/bytebuddy/description/ModifierReviewable$ForFieldDescription
instanceKlass net/bytebuddy/description/type/TypeDescription$Generic
instanceKlass net/bytebuddy/dynamic/scaffold/MethodGraph$Linked
instanceKlass net/bytebuddy/dynamic/scaffold/MethodGraph
instanceKlass net/bytebuddy/description/type/TypeDescription$Generic$Visitor
instanceKlass net/bytebuddy/dynamic/scaffold/MethodGraph$Compiler$Default$Merger
instanceKlass net/bytebuddy/dynamic/scaffold/MethodGraph$Compiler$Default$Harmonizer
instanceKlass net/bytebuddy/dynamic/scaffold/MethodGraph$Compiler$AbstractBase
instanceKlass net/bytebuddy/dynamic/scaffold/MethodGraph$Compiler
instanceKlass net/bytebuddy/implementation/Implementation$Context$ExtractableView
instanceKlass net/bytebuddy/implementation/Implementation$Context
instanceKlass net/bytebuddy/implementation/MethodAccessorFactory
instanceKlass net/bytebuddy/implementation/attribute/AnnotationValueFilter
instanceKlass net/bytebuddy/utility/RandomString
instanceKlass net/bytebuddy/ClassFileVersion$VersionLocator$Resolved
instanceKlass net/bytebuddy/ClassFileVersion$VersionLocator
instanceKlass net/bytebuddy/ClassFileVersion
instanceKlass net/bytebuddy/utility/privilege/GetSystemPropertyAction
instanceKlass net/bytebuddy/dynamic/scaffold/ClassWriterStrategy
instanceKlass net/bytebuddy/dynamic/VisibilityBridgeStrategy
instanceKlass net/bytebuddy/dynamic/scaffold/InstrumentedType$Factory
instanceKlass net/bytebuddy/implementation/attribute/AnnotationValueFilter$Factory
instanceKlass net/bytebuddy/implementation/auxiliary/AuxiliaryType$NamingStrategy$SuffixingRandom
instanceKlass net/bytebuddy/implementation/Implementation$Context$Factory
instanceKlass net/bytebuddy/implementation/auxiliary/AuxiliaryType$NamingStrategy
instanceKlass net/bytebuddy/NamingStrategy$AbstractBase
instanceKlass net/bytebuddy/NamingStrategy
instanceKlass net/bytebuddy/NamingStrategy$Suffixing$BaseNameResolver
instanceKlass net/bytebuddy/matcher/LatentMatcher
instanceKlass net/bytebuddy/description/type/TypeDescription
instanceKlass net/bytebuddy/description/TypeVariableSource
instanceKlass net/bytebuddy/description/ByteCodeElement
instanceKlass net/bytebuddy/description/DeclaredByType
instanceKlass net/bytebuddy/description/NamedElement$WithDescriptor
instanceKlass net/bytebuddy/description/type/TypeDefinition
instanceKlass net/bytebuddy/description/ModifierReviewable$ForTypeDefinition
instanceKlass net/bytebuddy/description/ModifierReviewable$OfEnumeration
instanceKlass net/bytebuddy/description/ModifierReviewable$OfAbstraction
instanceKlass net/bytebuddy/description/ModifierReviewable$OfByteCodeElement
instanceKlass net/bytebuddy/description/ModifierReviewable
instanceKlass net/bytebuddy/description/type/PackageDescription
instanceKlass net/bytebuddy/description/annotation/AnnotationSource
instanceKlass net/bytebuddy/description/NamedElement$WithRuntimeName
instanceKlass net/bytebuddy/description/NamedElement
instanceKlass net/bytebuddy/dynamic/DynamicType$Builder
instanceKlass net/bytebuddy/description/type/TypeList$Generic
instanceKlass net/bytebuddy/matcher/FilterableList
instanceKlass net/bytebuddy/dynamic/scaffold/subclass/ConstructorStrategy
instanceKlass net/bytebuddy/ByteBuddy
instanceKlass org/openqa/selenium/support/decorators/WebDriverDecorator$HasTarget
instanceKlass org/openqa/selenium/support/decorators/WebDriverDecorator$ProxyFactory
instanceKlass org/openqa/selenium/support/decorators/WebDriverDecorator$Definition
instanceKlass org/openqa/selenium/support/decorators/DefaultDecorated
instanceKlass net/bytebuddy/dynamic/loading/ClassLoadingStrategy
instanceKlass net/bytebuddy/implementation/Implementation
instanceKlass net/bytebuddy/dynamic/scaffold/InstrumentedType$Prepareable
instanceKlass net/bytebuddy/matcher/ElementMatcher
instanceKlass org/openqa/selenium/support/decorators/Decorated
instanceKlass org/openqa/selenium/support/decorators/WebDriverDecorator
instanceKlass com/kms/katalon/core/webui/driver/KatalonSmartEventListener
instanceKlass org/openqa/selenium/support/events/WebDriverListener
instanceKlass com/kms/katalon/core/webui/driver/smart/SmartDriverUtil
instanceKlass jdk/internal/net/http/websocket/MessageDecoder$1
instanceKlass jdk/internal/net/http/websocket/MessageQueue$1
instanceKlass org/openqa/selenium/remote/http/BinaryMessage
instanceKlass org/openqa/selenium/remote/http/TextMessage
instanceKlass org/openqa/selenium/bidi/Connection$NamedConsumer
instanceKlass org/openqa/selenium/bidi/Command
instanceKlass org/openqa/selenium/bidi/script/RealmInfo
instanceKlass org/openqa/selenium/bidi/script/Message
instanceKlass org/openqa/selenium/bidi/Event
instanceKlass org/openqa/selenium/bidi/script/EvaluateResult
instanceKlass org/openqa/selenium/bidi/module/Script
instanceKlass com/kms/katalon/core/webui/util/FileUtil
instanceKlass com/kms/katalon/selenium/driver/SmartExtensionState
instanceKlass org/openqa/selenium/chromium/AddHasCasting$1
instanceKlass org/openqa/selenium/PersistentCapabilities
instanceKlass org/openqa/selenium/ImmutableCapabilities
instanceKlass org/openqa/selenium/devtools/v142/v142Target
instanceKlass org/openqa/selenium/devtools/v142/v142Log
instanceKlass java/util/Formatter$DateTime
instanceKlass java/util/logging/Level$RbAccess
instanceKlass java/util/logging/LogManager$CloseOnReset
instanceKlass org/openqa/selenium/devtools/DevTools
instanceKlass org/openqa/selenium/devtools/idealized/Javascript
instanceKlass org/openqa/selenium/devtools/idealized/Network
instanceKlass org/openqa/selenium/devtools/idealized/Events
instanceKlass org/openqa/selenium/devtools/idealized/log/Log
instanceKlass org/openqa/selenium/devtools/idealized/target/Target
instanceKlass org/openqa/selenium/devtools/v142/v142Domains
instanceKlass org/openqa/selenium/devtools/idealized/Domains
instanceKlass org/openqa/selenium/devtools/CdpVersionFinder
instanceKlass org/openqa/selenium/devtools/Connection$Listener
instanceKlass org/openqa/selenium/devtools/Connection
instanceKlass org/openqa/selenium/devtools/CdpEndpointFinder
instanceKlass org/openqa/selenium/bidi/BiDi
instanceKlass org/openqa/selenium/remote/http/Message
instanceKlass org/openqa/selenium/remote/http/jdk/JdkHttpClient$4
instanceKlass jdk/internal/net/http/websocket/TransportImpl$1
instanceKlass jdk/internal/net/http/websocket/WebSocketImpl$1
instanceKlass jdk/internal/net/http/websocket/UTF8AccumulatingDecoder
instanceKlass jdk/internal/net/http/websocket/MessageDecoder
instanceKlass jdk/internal/net/http/websocket/Frame$Consumer
instanceKlass jdk/internal/net/http/websocket/TransportImpl$ReadEvent
instanceKlass jdk/internal/net/http/websocket/TransportImpl$WriteEvent
instanceKlass jdk/internal/net/http/websocket/Frame$Reader
instanceKlass jdk/internal/net/http/websocket/Frame
instanceKlass jdk/internal/net/http/websocket/Frame$Masker
instanceKlass jdk/internal/net/http/websocket/Frame$HeaderWriter
instanceKlass jdk/internal/net/http/websocket/MessageEncoder
instanceKlass jdk/internal/net/http/websocket/TransportImpl$SendTask$2
instanceKlass jdk/internal/net/http/websocket/TransportImpl$SendTask$1
instanceKlass jdk/internal/net/http/websocket/MessageQueue$QueueCallback
instanceKlass jdk/internal/net/http/websocket/RawChannel$RawEvent
instanceKlass jdk/internal/net/http/websocket/TransportImpl
instanceKlass jdk/internal/net/http/websocket/WebSocketImpl$SignallingMessageConsumer
instanceKlass jdk/internal/net/http/websocket/MessageQueue$Message
instanceKlass jdk/internal/net/http/websocket/MessageQueue
instanceKlass jdk/internal/net/http/websocket/Transport
instanceKlass jdk/internal/net/http/websocket/TransportFactoryImpl
instanceKlass jdk/internal/net/http/RawChannelTube$WriteSubscription
instanceKlass jdk/internal/net/http/RawChannelTube$ReadSubscriber
instanceKlass jdk/internal/net/http/RawChannelTube$WritePublisher
instanceKlass jdk/internal/net/http/RawChannelTube
instanceKlass sun/net/www/HeaderParser
instanceKlass jdk/internal/net/http/websocket/TransportFactory
instanceKlass jdk/internal/net/http/websocket/OpeningHandshake
instanceKlass jdk/internal/net/http/websocket/OpeningHandshake$Result
instanceKlass jdk/internal/net/http/websocket/MessageStreamConsumer
instanceKlass jdk/internal/net/http/websocket/WebSocketImpl
instanceKlass java/net/http/WebSocket
instanceKlass org/openqa/selenium/remote/http/jdk/JdkHttpClient$3
instanceKlass jdk/internal/net/http/websocket/BuilderImpl
instanceKlass org/openqa/selenium/bidi/Connection$Listener
instanceKlass org/openqa/selenium/remote/http/WebSocket$Listener
instanceKlass org/openqa/selenium/bidi/Connection
instanceKlass org/openqa/selenium/chromium/AddHasNetworkConditions$1
instanceKlass org/openqa/selenium/html5/LocalStorage
instanceKlass org/openqa/selenium/html5/SessionStorage
instanceKlass org/openqa/selenium/html5/Storage
instanceKlass org/openqa/selenium/remote/html5/RemoteWebStorage
instanceKlass org/openqa/selenium/remote/html5/RemoteLocationContext
instanceKlass org/openqa/selenium/remote/RemoteWebElement
instanceKlass org/openqa/selenium/interactions/Locatable
instanceKlass org/openqa/selenium/remote/Response
instanceKlass org/openqa/selenium/remote/ErrorCodec$W3CError
instanceKlass org/openqa/selenium/remote/ErrorCodec
instanceKlass org/openqa/selenium/remote/codec/AbstractHttpResponseCodec
instanceKlass org/openqa/selenium/safari/HasPermissions
instanceKlass org/openqa/selenium/safari/AddHasPermissions
instanceKlass org/openqa/selenium/safari/AddHasDebugger
instanceKlass org/openqa/selenium/firefox/HasFullPageScreenshot
instanceKlass org/openqa/selenium/firefox/AddHasFullPageScreenshot
instanceKlass org/openqa/selenium/firefox/HasExtensions
instanceKlass org/openqa/selenium/firefox/AddHasExtensions
instanceKlass org/openqa/selenium/firefox/HasContext
instanceKlass org/openqa/selenium/firefox/AddHasContext
instanceKlass java/util/ImmutableCollections$Access$1
instanceKlass jdk/internal/access/JavaUtilCollectionAccess
instanceKlass java/util/ImmutableCollections$Access
instanceKlass org/openqa/selenium/remote/codec/AbstractHttpCommandCodec$CommandSpec
instanceKlass org/openqa/selenium/remote/codec/AbstractHttpCommandCodec
instanceKlass org/openqa/selenium/internal/Either
instanceKlass org/openqa/selenium/remote/SessionId
instanceKlass org/openqa/selenium/Proxy
instanceKlass org/openqa/selenium/remote/ProtocolHandshake$Result
instanceKlass org/openqa/selenium/remote/W3CHandshakeResponse
instanceKlass org/openqa/selenium/remote/HandshakeResponse
instanceKlass org/openqa/selenium/remote/InitialHandshakeResponse
instanceKlass org/openqa/selenium/json/NumberCoercer$1
instanceKlass jdk/internal/net/http/websocket/RawChannel
instanceKlass jdk/internal/net/http/HttpResponseImpl$RawChannelProvider
instanceKlass jdk/internal/net/http/HttpResponseImpl
instanceKlass jdk/internal/net/http/websocket/RawChannel$Provider
instanceKlass jdk/internal/net/http/ConnectionPool$ExpiryEntry
instanceKlass jdk/internal/net/http/ConnectionPool$CleanupTrigger
instanceKlass jdk/internal/net/http/ResponseContent$FixedLengthBodyParser
instanceKlass jdk/internal/net/http/ResponseContent$BodyParser
instanceKlass jdk/internal/net/http/ResponseContent
instanceKlass jdk/internal/net/http/Http1Response$ClientRefCountTracker
instanceKlass java/util/stream/Sink$OfLong
instanceKlass java/util/function/LongConsumer
instanceKlass jdk/internal/net/http/Http1Response$Http1BodySubscriber
instanceKlass jdk/internal/net/http/ResponseSubscribers
instanceKlass jdk/internal/net/http/ResponseSubscribers$ByteArraySubscriber
instanceKlass jdk/internal/net/http/ResponseSubscribers$TrustedSubscriber
instanceKlass java/net/http/HttpResponse$BodySubscribers
instanceKlass jdk/internal/net/http/ResponseInfoImpl
instanceKlass java/util/LinkedList$DescendingIterator
instanceKlass jdk/internal/net/http/Http1Response$2
instanceKlass jdk/internal/net/http/Http1HeaderParser$1
instanceKlass jdk/internal/net/http/RequestPublishers$StreamIterator
instanceKlass jdk/internal/net/http/PullPublisher$Subscription
instanceKlass jdk/internal/net/http/RequestPublishers
instanceKlass jdk/internal/net/http/PullPublisher
instanceKlass sun/nio/ch/IOVecWrapper$Deallocator
instanceKlass sun/nio/ch/NativeObject
instanceKlass sun/nio/ch/IOVecWrapper
instanceKlass jdk/internal/net/http/Http1Exchange$1
instanceKlass jdk/internal/net/http/Http1Exchange$DataPair
instanceKlass jdk/internal/net/http/SocketTube$InternalWriteSubscriber$WriteSubscription
instanceKlass jdk/internal/net/http/SocketTube$InternalReadPublisher$ReadSubscription
instanceKlass jdk/internal/net/http/common/Pair
instanceKlass java/lang/invoke/ConstantBootstraps
instanceKlass java/nio/channels/SelectionKey
instanceKlass jdk/internal/net/http/HttpClientImpl$SelectorAttachment
instanceKlass java/util/function/LongBinaryOperator
instanceKlass jdk/internal/net/http/Http1HeaderParser
instanceKlass jdk/internal/net/http/Http1Response$1
instanceKlass jdk/internal/net/http/Http1Response$Receiver
instanceKlass jdk/internal/net/http/Http1AsyncReceiver$Http1AsyncDelegate
instanceKlass jdk/internal/net/http/Http1Response
instanceKlass jdk/internal/net/http/Http1AsyncReceiver$Http1TubeSubscriber
instanceKlass jdk/internal/net/http/AbstractSubscription
instanceKlass jdk/internal/net/http/Http1AsyncReceiver
instanceKlass jdk/internal/net/http/Http1Exchange$Http1BodySubscriber
instanceKlass jdk/internal/net/http/Http1Request
instanceKlass jdk/internal/net/http/SocketTube$InternalWriteSubscriber
instanceKlass jdk/internal/net/http/SocketTube$SocketFlowTask
instanceKlass jdk/internal/net/http/SocketTube$InternalReadPublisher$InternalReadSubscription
instanceKlass jdk/internal/net/http/SocketTube$InternalReadPublisher
instanceKlass jdk/internal/net/http/SocketTube$SliceBufferSource
instanceKlass jdk/internal/net/http/SocketTube$BufferSource
instanceKlass jdk/internal/net/http/SocketTube
instanceKlass sun/nio/ch/SocketChannelImpl$DefaultOptionsHolder
instanceKlass jdk/internal/net/http/HttpConnection$PlainHttpPublisher
instanceKlass jdk/internal/net/http/HttpConnection$TrailingOperations
instanceKlass jdk/internal/net/http/common/FlowTube
instanceKlass jdk/internal/net/http/AsyncEvent
instanceKlass jdk/internal/net/http/HttpConnection$HttpPublisher
instanceKlass jdk/internal/net/http/ConnectionPool$CacheKey
instanceKlass jdk/internal/net/http/common/SequentialScheduler$SchedulableTask
instanceKlass jdk/internal/net/http/common/SequentialScheduler$CompleteRestartableTask
instanceKlass jdk/internal/net/http/common/SequentialScheduler$RestartableTask
instanceKlass jdk/internal/net/http/common/SequentialScheduler$DeferredCompleter
instanceKlass jdk/internal/net/http/common/SequentialScheduler
instanceKlass jdk/internal/net/http/Http1Exchange$Http1Publisher$WriteTask
instanceKlass jdk/internal/net/http/common/Demand
instanceKlass jdk/internal/net/http/Http1Exchange$Http1Publisher$Http1WriteSubscription
instanceKlass jdk/internal/net/http/Http1Exchange$Http1Publisher
instanceKlass java/util/concurrent/ConcurrentLinkedDeque$Node
instanceKlass jdk/internal/net/http/hpack/DecodingCallback
instanceKlass jdk/internal/net/http/frame/Http2Frame
instanceKlass jdk/internal/net/http/Http2Connection
instanceKlass jdk/internal/net/http/HttpConnection
instanceKlass jdk/internal/net/http/AuthenticationFilter$Cache
instanceKlass jdk/internal/net/http/Response
instanceKlass jdk/internal/net/http/MultiExchange$CancelableRef
instanceKlass jdk/internal/net/http/Exchange$ConnectionAborter
instanceKlass jdk/internal/net/http/ExchangeImpl
instanceKlass jdk/internal/net/http/Exchange
instanceKlass jdk/internal/net/http/MultiExchange$ConnectTimeoutTracker
instanceKlass java/util/concurrent/Flow$Subscription
instanceKlass jdk/internal/net/http/TimeoutEvent
instanceKlass jdk/internal/net/http/MultiExchange
instanceKlass jdk/internal/net/http/common/Cancelable
instanceKlass java/util/AbstractList$RandomAccessSpliterator
instanceKlass jdk/internal/net/http/websocket/WebSocketRequest
instanceKlass java/net/http/HttpHeaders
instanceKlass sun/invoke/util/VerifyAccess$1
instanceKlass jdk/internal/net/http/RequestPublishers$PublisherAdapter
instanceKlass jdk/internal/net/http/RequestPublishers$InputStreamPublisher
instanceKlass java/net/http/HttpRequest$BodyPublisher
instanceKlass java/net/http/HttpRequest$BodyPublishers
instanceKlass org/openqa/selenium/remote/http/jdk/JdkHttpMessages$1
instanceKlass jdk/internal/net/http/common/HttpHeadersBuilder
instanceKlass jdk/internal/net/http/HttpRequestBuilderImpl
instanceKlass java/net/http/HttpRequest$Builder
instanceKlass java/net/http/HttpRequest
instanceKlass java/util/concurrent/RunnableScheduledFuture
instanceKlass java/util/concurrent/ScheduledFuture
instanceKlass java/util/concurrent/Delayed
instanceKlass java/util/concurrent/CompletableFuture$Delayer$DaemonThreadFactory
instanceKlass java/util/concurrent/ScheduledExecutorService
instanceKlass java/net/http/HttpResponse
instanceKlass java/net/http/HttpResponse$BodySubscriber
instanceKlass java/net/http/HttpResponse$ResponseInfo
instanceKlass java/util/concurrent/CompletableFuture$Delayer
instanceKlass java/net/http/HttpResponse$BodyHandler
instanceKlass java/util/concurrent/CompletableFuture$Timeout
instanceKlass java/util/concurrent/CompletableFuture$Canceller
instanceKlass java/net/http/HttpResponse$BodyHandlers
instanceKlass java/util/concurrent/Executors$RunnableAdapter
instanceKlass java/util/stream/SortedOps
instanceKlass org/openqa/selenium/json/ObjectCoercer$1
instanceKlass org/openqa/selenium/json/StringCoercer$1
instanceKlass org/openqa/selenium/json/JsonInputIterator
instanceKlass org/openqa/selenium/json/Types
instanceKlass org/openqa/selenium/json/JsonInput$1
instanceKlass org/openqa/selenium/json/Input
instanceKlass org/openqa/selenium/json/JsonInput
instanceKlass org/openqa/selenium/remote/http/Contents$1
instanceKlass java/util/Collections$UnmodifiableMap$UnmodifiableEntrySet$UnmodifiableEntrySetSpliterator
instanceKlass org/openqa/selenium/json/JsonOutput$DepthAwareConsumer
instanceKlass org/openqa/selenium/json/JsonOutput$Node
instanceKlass org/openqa/selenium/json/JsonOutput
instanceKlass org/openqa/selenium/json/TypeCoercer
instanceKlass org/openqa/selenium/json/JsonTypeCoercer
instanceKlass org/openqa/selenium/json/TypeToken
instanceKlass org/openqa/selenium/json/Json
instanceKlass org/openqa/selenium/remote/http/Contents$Supplier
instanceKlass org/openqa/selenium/remote/http/Contents
instanceKlass org/openqa/selenium/remote/ResponseCodec
instanceKlass org/openqa/selenium/remote/CommandCodec
instanceKlass org/openqa/selenium/remote/NewSessionPayload
instanceKlass org/openqa/selenium/remote/ProtocolHandshake
instanceKlass java/util/concurrent/locks/AbstractQueuedSynchronizer$Node
instanceKlass sun/net/www/http/KeepAliveEntry
instanceKlass sun/net/www/http/KeepAliveCache$1
instanceKlass sun/net/www/http/KeepAliveStreamCleaner$2
instanceKlass sun/net/www/http/KeepAliveStreamCleaner$1
instanceKlass sun/net/www/http/Hurryable
instanceKlass sun/net/www/protocol/http/AuthCacheImpl
instanceKlass sun/net/www/protocol/http/AuthCache
instanceKlass sun/net/www/protocol/http/AuthCacheValue
instanceKlass sun/net/www/protocol/http/AuthenticatorKeys
instanceKlass sun/net/util/SocketExceptions
instanceKlass sun/net/www/http/HttpCapture$1
instanceKlass sun/net/www/http/HttpCapture
instanceKlass sun/net/www/http/KeepAliveKey
instanceKlass sun/net/NetworkClient$1
instanceKlass sun/net/NetworkClient
instanceKlass sun/net/www/protocol/http/HttpURLConnection$7
instanceKlass java/net/ResponseCache
instanceKlass sun/net/www/protocol/http/HttpURLConnection$3
instanceKlass java/net/CookieHandler
instanceKlass sun/net/www/protocol/http/HttpURLConnection$2
instanceKlass java/util/concurrent/FutureTask$WaitNode
instanceKlass java/util/concurrent/FutureTask
instanceKlass java/util/concurrent/RunnableFuture
instanceKlass org/openqa/selenium/net/UrlChecker
instanceKlass java/lang/ProcessImpl$2
instanceKlass java/lang/ProcessHandleImpl
instanceKlass java/lang/ProcessBuilder
instanceKlass org/openqa/selenium/os/ExternalProcess$Builder
instanceKlass org/openqa/selenium/os/ExternalProcess
instanceKlass org/openqa/selenium/remote/Command
instanceKlass org/openqa/selenium/remote/CommandPayload
instanceKlass org/openqa/selenium/remote/DriverCommand
instanceKlass org/openqa/selenium/remote/RemoteLogs
instanceKlass org/openqa/selenium/remote/RemoteExecuteMethod
instanceKlass org/openqa/selenium/WrapsDriver
instanceKlass org/openqa/selenium/remote/JsonToWebElementConverter
instanceKlass org/openqa/selenium/remote/UselessFileDetector
instanceKlass org/openqa/selenium/remote/ErrorCodes$KnownError
instanceKlass org/openqa/selenium/remote/ErrorCodes
instanceKlass org/openqa/selenium/remote/ErrorHandler
instanceKlass org/openqa/selenium/By$Remotable$Parameters
instanceKlass org/openqa/selenium/internal/Require$ArgumentChecker
instanceKlass org/openqa/selenium/By$Remotable
instanceKlass java/nio/channels/spi/AbstractSelector$1
instanceKlass jdk/internal/net/http/common/Log
instanceKlass org/openqa/selenium/remote/ElementLocation
instanceKlass jdk/internal/net/http/RedirectFilter
instanceKlass jdk/internal/net/http/AuthenticationFilter
instanceKlass jdk/internal/net/http/HeaderFilter
instanceKlass jdk/internal/net/http/FilterFactory
instanceKlass java/nio/BufferMismatch
instanceKlass sun/nio/ch/SelChImpl
instanceKlass java/nio/channels/NetworkChannel
instanceKlass sun/nio/ch/UnixDomainSocketsUtil
instanceKlass sun/nio/ch/UnixDomainSockets
instanceKlass sun/nio/ch/PipeImpl$Initializer$LoopbackConnector
instanceKlass sun/nio/ch/PipeImpl$Initializer
instanceKlass java/nio/channels/Pipe
instanceKlass sun/nio/ch/WEPoll
instanceKlass sun/nio/ch/Util$2
instanceKlass sun/nio/ch/DefaultSelectorProvider
instanceKlass java/nio/channels/spi/SelectorProvider$Holder
instanceKlass java/nio/channels/spi/SelectorProvider
instanceKlass java/nio/channels/Selector
instanceKlass jdk/internal/net/http/ConnectionPool$ExpiryList
instanceKlass jdk/internal/net/http/common/FlowTube$TubePublisher
instanceKlass jdk/internal/net/http/common/FlowTube$TubeSubscriber
instanceKlass java/util/concurrent/Flow$Subscriber
instanceKlass jdk/internal/net/http/ConnectionPool
instanceKlass sun/security/ssl/SSLConfiguration$1
instanceKlass javax/net/ssl/SSLParameters
instanceKlass sun/security/ssl/DTLSRecord
instanceKlass sun/security/ssl/SessionId
instanceKlass java/security/spec/MGF1ParameterSpec
instanceKlass sun/security/ec/ParametersMap$1
instanceKlass sun/security/ec/ed/EdDSAParameters$SHAKE256DigesterFactory
instanceKlass sun/security/ec/point/ProjectivePoint
instanceKlass sun/security/ec/ed/EdDSAParameters$Digester
instanceKlass sun/security/ec/ed/EdDSAParameters$SHA512DigesterFactory
instanceKlass sun/security/ec/point/ExtendedHomogeneousPoint
instanceKlass sun/security/ec/point/AffinePoint
instanceKlass sun/security/util/math/intpoly/IntegerPolynomial$Limb
instanceKlass sun/security/util/math/SmallValue
instanceKlass sun/security/ec/point/MutablePoint
instanceKlass sun/security/ec/point/ImmutablePoint
instanceKlass sun/security/util/math/intpoly/IntegerPolynomial$Element
instanceKlass sun/security/util/math/ImmutableIntegerModuloP
instanceKlass sun/security/util/math/IntegerModuloP
instanceKlass sun/security/util/math/intpoly/IntegerPolynomial
instanceKlass sun/security/ec/ParametersMap
instanceKlass sun/security/ec/ed/EdECOperations
instanceKlass sun/security/ec/ed/EdDSAParameters$DigesterFactory
instanceKlass sun/security/util/math/IntegerFieldModuloP
instanceKlass sun/security/ec/ed/EdDSAParameters
instanceKlass java/security/spec/EdDSAParameterSpec
instanceKlass sun/security/ec/ed/EdDSASignature$MessageAccumulator
instanceKlass javax/crypto/spec/DHParameterSpec
instanceKlass sun/security/ssl/PredefinedDHParameterSpecs$1
instanceKlass sun/security/ssl/PredefinedDHParameterSpecs
instanceKlass com/sun/security/sasl/Provider$1
instanceKlass com/sun/security/sasl/gsskerb/JdkSASL$1
instanceKlass sun/security/jgss/SunProvider$1
instanceKlass sun/security/smartcardio/SunPCSC$1
instanceKlass org/jcp/xml/dsig/internal/dom/XMLDSigRI$2
instanceKlass org/jcp/xml/dsig/internal/dom/XMLDSigRI$1
instanceKlass sun/security/mscapi/SunMSCAPI$2
instanceKlass sun/security/mscapi/SunMSCAPI$1
instanceKlass sun/security/pkcs11/SunPKCS11$Descriptor
instanceKlass javax/security/auth/Subject
instanceKlass javax/security/auth/callback/CallbackHandler
instanceKlass javax/net/ssl/ExtendedSSLSession
instanceKlass sun/security/ssl/SSLConfiguration$CustomizedClientSignatureSchemes
instanceKlass javax/crypto/KeyGeneratorSpi
instanceKlass javax/crypto/KeyGenerator
instanceKlass sun/security/ssl/SSLConfiguration
instanceKlass sun/security/ssl/SSLCipher$SSLWriteCipher
instanceKlass sun/security/ssl/KeyUpdate$KeyUpdateProducer
instanceKlass sun/security/ssl/KeyUpdate$KeyUpdateConsumer
instanceKlass sun/security/ssl/KeyUpdate$KeyUpdateKickstartProducer
instanceKlass sun/security/ssl/KeyUpdate
instanceKlass sun/security/ssl/CertificateStatus$CertificateStatusAbsence
instanceKlass sun/security/ssl/HandshakeAbsence
instanceKlass sun/security/ssl/CertificateStatus$CertificateStatusProducer
instanceKlass sun/security/ssl/CertificateStatus$CertificateStatusConsumer
instanceKlass sun/security/ssl/CertificateStatus
instanceKlass sun/security/ssl/Finished$T13FinishedProducer
instanceKlass sun/security/ssl/Finished$T13FinishedConsumer
instanceKlass sun/security/ssl/Finished$T12FinishedProducer
instanceKlass sun/security/ssl/Finished$T12FinishedConsumer
instanceKlass sun/security/ssl/Finished
instanceKlass sun/security/ssl/ClientKeyExchange$ClientKeyExchangeProducer
instanceKlass sun/security/ssl/ClientKeyExchange$ClientKeyExchangeConsumer
instanceKlass sun/security/ssl/ClientKeyExchange
instanceKlass sun/security/ssl/CertificateVerify$T13CertificateVerifyProducer
instanceKlass sun/security/ssl/CertificateVerify$T13CertificateVerifyConsumer
instanceKlass sun/security/ssl/CertificateVerify$T12CertificateVerifyProducer
instanceKlass sun/security/ssl/CertificateVerify$T12CertificateVerifyConsumer
instanceKlass sun/security/ssl/CertificateVerify$T10CertificateVerifyProducer
instanceKlass sun/security/ssl/CertificateVerify$T10CertificateVerifyConsumer
instanceKlass sun/security/ssl/CertificateVerify$S30CertificateVerifyProducer
instanceKlass sun/security/ssl/CertificateVerify$S30CertificateVerifyConsumer
instanceKlass sun/security/ssl/CertificateVerify
instanceKlass sun/security/ssl/ServerHelloDone$ServerHelloDoneProducer
instanceKlass sun/security/ssl/ServerHelloDone$ServerHelloDoneConsumer
instanceKlass sun/security/ssl/ServerHelloDone
instanceKlass sun/security/ssl/CertificateRequest$T13CertificateRequestProducer
instanceKlass sun/security/ssl/CertificateRequest$T13CertificateRequestConsumer
instanceKlass sun/security/ssl/CertificateRequest$T12CertificateRequestProducer
instanceKlass sun/security/ssl/CertificateRequest$T12CertificateRequestConsumer
instanceKlass sun/security/ssl/CertificateRequest$T10CertificateRequestProducer
instanceKlass sun/security/ssl/CertificateRequest$T10CertificateRequestConsumer
instanceKlass sun/security/ssl/CertificateRequest
instanceKlass sun/security/ssl/ServerKeyExchange$ServerKeyExchangeProducer
instanceKlass sun/security/ssl/ServerKeyExchange$ServerKeyExchangeConsumer
instanceKlass sun/security/ssl/ServerKeyExchange
instanceKlass sun/security/ssl/CertificateMessage$T13CertificateProducer
instanceKlass sun/security/ssl/CertificateMessage$T13CertificateConsumer
instanceKlass sun/security/ssl/CertificateMessage$T12CertificateProducer
instanceKlass sun/security/ssl/CertificateMessage$T12CertificateConsumer
instanceKlass sun/security/ssl/CertificateMessage
instanceKlass sun/security/ssl/EncryptedExtensions$EncryptedExtensionsConsumer
instanceKlass sun/security/ssl/EncryptedExtensions$EncryptedExtensionsProducer
instanceKlass sun/security/ssl/EncryptedExtensions
instanceKlass sun/security/ssl/NewSessionTicket$T12NewSessionTicketProducer
instanceKlass sun/security/ssl/NewSessionTicket$T13NewSessionTicketProducer
instanceKlass sun/security/ssl/NewSessionTicket$T12NewSessionTicketConsumer
instanceKlass sun/security/ssl/NewSessionTicket$T13NewSessionTicketConsumer
instanceKlass sun/security/ssl/NewSessionTicket
instanceKlass sun/security/ssl/HelloVerifyRequest$HelloVerifyRequestProducer
instanceKlass sun/security/ssl/HelloVerifyRequest$HelloVerifyRequestConsumer
instanceKlass sun/security/ssl/HelloVerifyRequest
instanceKlass sun/security/ssl/ServerHello$T13HelloRetryRequestConsumer
instanceKlass sun/security/ssl/ServerHello$T13ServerHelloConsumer
instanceKlass sun/security/ssl/ServerHello$T12ServerHelloConsumer
instanceKlass sun/security/ssl/ServerHello$T13HelloRetryRequestReproducer
instanceKlass sun/security/ssl/ServerHello$T13HelloRetryRequestProducer
instanceKlass sun/security/ssl/ServerHello$T13ServerHelloProducer
instanceKlass sun/security/ssl/ServerHello$T12ServerHelloProducer
instanceKlass sun/security/ssl/ServerHello$ServerHelloConsumer
instanceKlass sun/security/ssl/ServerHello
instanceKlass sun/security/ssl/ClientHello$D13ClientHelloConsumer
instanceKlass sun/security/ssl/ClientHello$D12ClientHelloConsumer
instanceKlass sun/security/ssl/ClientHello$T13ClientHelloConsumer
instanceKlass sun/security/ssl/ClientHello$T12ClientHelloConsumer
instanceKlass sun/security/ssl/HandshakeConsumer
instanceKlass sun/security/ssl/ClientHello$ClientHelloProducer
instanceKlass sun/security/ssl/ClientHello$ClientHelloConsumer
instanceKlass sun/security/ssl/ClientHello$ClientHelloKickstartProducer
instanceKlass sun/security/ssl/ClientHello
instanceKlass sun/security/ssl/HelloRequest$HelloRequestProducer
instanceKlass sun/security/ssl/HelloRequest$HelloRequestConsumer
instanceKlass sun/security/ssl/HelloRequest$HelloRequestKickstartProducer
instanceKlass sun/security/ssl/SSLProducer
instanceKlass sun/security/ssl/HelloRequest
instanceKlass sun/security/ssl/HandshakeProducer
instanceKlass sun/security/ssl/SSLConsumer
instanceKlass sun/security/ssl/Authenticator$MacImpl
instanceKlass sun/security/ssl/Authenticator$MAC
instanceKlass sun/security/ssl/Authenticator
instanceKlass sun/security/ssl/SSLCipher$SSLReadCipher
instanceKlass sun/security/ssl/InputRecord
instanceKlass sun/security/ssl/SSLRecord
instanceKlass sun/security/ssl/Record
instanceKlass sun/security/ssl/TransportContext
instanceKlass sun/security/ssl/ConnectionContext
instanceKlass sun/security/ssl/HandshakeHash$CacheOnlyHash
instanceKlass sun/security/ssl/HandshakeHash$TranscriptHash
instanceKlass sun/security/ssl/HandshakeHash
instanceKlass sun/security/ssl/SSLTransport
instanceKlass javax/net/SocketFactory
instanceKlass jdk/internal/net/http/Http2ClientImpl
instanceKlass jdk/internal/net/http/HttpClientImpl$DelegatingExecutor
instanceKlass sun/security/provider/AbstractDrbg$NonceProvider
instanceKlass java/net/NetworkInterface$1
instanceKlass java/net/DefaultInterface
instanceKlass java/net/InterfaceAddress
instanceKlass sun/security/provider/SeedGenerator$1
instanceKlass sun/security/provider/SeedGenerator
instanceKlass sun/security/provider/AbstractDrbg$SeederHolder
instanceKlass java/security/DrbgParameters$NextBytes
instanceKlass javax/net/ssl/X509ExtendedKeyManager
instanceKlass javax/net/ssl/X509KeyManager
instanceKlass javax/net/ssl/KeyManager
instanceKlass javax/net/ssl/KeyManagerFactorySpi
instanceKlass javax/net/ssl/KeyManagerFactory$1
instanceKlass javax/net/ssl/KeyManagerFactory
instanceKlass sun/security/ssl/SSLContextImpl$DefaultManagersHolder$1
instanceKlass javax/net/ssl/X509ExtendedTrustManager
instanceKlass javax/net/ssl/X509TrustManager
instanceKlass javax/net/ssl/TrustManager
instanceKlass sun/security/validator/TrustStoreUtil
instanceKlass sun/security/x509/NetscapeCertTypeExtension$MapEntry
instanceKlass sun/security/x509/RFC822Name
instanceKlass java/security/interfaces/ECPublicKey
instanceKlass jdk/internal/misc/ThreadTracker
instanceKlass jdk/internal/event/EventHelper$ThreadTrackHolder
instanceKlass sun/security/provider/JavaKeyStore$TrustedCertEntry
instanceKlass sun/security/action/OpenFileInputStreamAction
instanceKlass java/security/KeyStoreSpi
instanceKlass java/security/KeyStore$1
instanceKlass java/security/KeyStore
instanceKlass sun/security/ssl/TrustStoreManager$TrustStoreDescriptor$1
instanceKlass sun/security/util/FilePaths
instanceKlass sun/security/ssl/TrustStoreManager$TrustStoreDescriptor
instanceKlass sun/security/ssl/TrustStoreManager$TrustAnchorManager
instanceKlass sun/security/ssl/TrustStoreManager
instanceKlass javax/net/ssl/TrustManagerFactorySpi
instanceKlass javax/net/ssl/TrustManagerFactory$1
instanceKlass javax/net/ssl/TrustManagerFactory
instanceKlass sun/security/ssl/SSLContextImpl$DefaultManagersHolder
instanceKlass sun/security/ssl/SSLSessionContextImpl
instanceKlass javax/net/ssl/SSLSessionContext
instanceKlass sun/security/ssl/EphemeralKeyManager$EphemeralKeyPair
instanceKlass sun/security/ssl/EphemeralKeyManager
instanceKlass sun/security/ssl/SSLContextImpl$CustomizedSSLProtocols
instanceKlass java/security/spec/NamedParameterSpec
instanceKlass sun/security/util/ECKeySizeParameterSpec
instanceKlass java/security/AlgorithmParametersSpi
instanceKlass java/security/AlgorithmParameters
instanceKlass sun/security/util/ECUtil
instanceKlass sun/security/ec/point/Point
instanceKlass java/security/KeyPairGeneratorSpi
instanceKlass javax/crypto/KeyAgreement
instanceKlass sun/security/ssl/JsseJce$EcAvailability
instanceKlass sun/security/ssl/SSLAlgorithmDecomposer$1
instanceKlass sun/security/ssl/Utilities
instanceKlass sun/security/ssl/JsseJce
instanceKlass sun/security/ssl/NamedGroup$XDHScheme
instanceKlass sun/security/ssl/NamedGroup$FFDHEScheme
instanceKlass sun/security/ssl/NamedGroup$ECDHEScheme
instanceKlass sun/security/ssl/NamedGroup$NamedGroupScheme
instanceKlass sun/security/ssl/SSLCipher$1
instanceKlass sun/security/ssl/SSLCipher$T13CC20P1305WriteCipherGenerator
instanceKlass sun/security/ssl/SSLCipher$T12CC20P1305WriteCipherGenerator
instanceKlass sun/security/ssl/SSLCipher$T13CC20P1305ReadCipherGenerator
instanceKlass sun/security/ssl/SSLCipher$T12CC20P1305ReadCipherGenerator
instanceKlass sun/security/ssl/SSLCipher$T13GcmWriteCipherGenerator
instanceKlass sun/security/ssl/SSLCipher$T13GcmReadCipherGenerator
instanceKlass sun/security/ssl/SSLCipher$T12GcmWriteCipherGenerator
instanceKlass sun/security/ssl/SSLCipher$T12GcmReadCipherGenerator
instanceKlass com/sun/crypto/provider/AESConstants
instanceKlass javax/crypto/JceSecurityManager$1
instanceKlass sun/security/ssl/SSLCipher$T11BlockWriteCipherGenerator
instanceKlass sun/security/ssl/SSLCipher$T11BlockReadCipherGenerator
instanceKlass sun/security/ssl/SSLCipher$T10BlockWriteCipherGenerator
instanceKlass sun/security/ssl/SSLCipher$T10BlockReadCipherGenerator
instanceKlass sun/security/ssl/SSLCipher$StreamWriteCipherGenerator
instanceKlass sun/security/ssl/SSLCipher$StreamReadCipherGenerator
instanceKlass sun/security/ssl/SSLCipher$NullWriteCipherGenerator
instanceKlass sun/security/ssl/SSLCipher$WriteCipherGenerator
instanceKlass sun/security/ssl/SSLCipher$NullReadCipherGenerator
instanceKlass sun/security/ssl/SSLCipher$ReadCipherGenerator
instanceKlass sun/security/ssl/SSLAlgorithmConstraints
instanceKlass sun/security/ssl/SSLLogger
instanceKlass javax/net/ssl/SSLContextSpi
instanceKlass javax/net/ssl/SSLContext
instanceKlass jdk/internal/net/http/HttpClientImpl$SSLDirectBufferSupplier
instanceKlass jdk/internal/logger/LoggerFinderLoader
instanceKlass jdk/internal/logger/LazyLoggers$LazyLoggerFactories
instanceKlass jdk/internal/logger/LazyLoggers$1
instanceKlass jdk/internal/logger/LazyLoggers
instanceKlass jdk/internal/net/http/common/DebugLogger
instanceKlass jdk/internal/net/http/HttpClientImpl$SingleFacadeFactory
instanceKlass java/util/concurrent/CompletableFuture$AsynchronousCompletionTask
instanceKlass java/util/concurrent/CompletableFuture$AltResult
instanceKlass javax/net/ssl/SSLSession
instanceKlass jdk/internal/net/http/common/Logger
instanceKlass jdk/internal/net/http/common/Utils
instanceKlass jdk/internal/net/http/common/BufferSupplier
instanceKlass jdk/internal/net/http/common/OperationTrackers$Tracker
instanceKlass java/net/http/WebSocket$Builder
instanceKlass jdk/internal/net/http/common/OperationTrackers$Trackable
instanceKlass jdk/internal/net/http/HttpClientBuilderImpl
instanceKlass java/net/http/HttpClient$Builder
instanceKlass java/net/http/HttpClient
instanceKlass org/openqa/selenium/remote/http/HttpMessage
instanceKlass java/util/concurrent/Flow$Publisher
instanceKlass org/openqa/selenium/remote/http/jdk/JdkHttpMessages
instanceKlass org/openqa/selenium/remote/http/WebSocket
instanceKlass java/net/http/WebSocket$Listener
instanceKlass java/net/Authenticator
instanceKlass org/openqa/selenium/remote/http/jdk/JdkHttpClient
instanceKlass org/openqa/selenium/logging/LocalLogs
instanceKlass org/openqa/selenium/remote/http/HttpClientName
instanceKlass java/util/concurrent/ForkJoinPool$DefaultCommonPoolForkJoinWorkerThreadFactory$1
instanceKlass org/openqa/selenium/remote/http/jdk/JdkHttpClient$Factory
instanceKlass java/util/concurrent/ForkJoinPool$WorkQueue
instanceKlass java/util/concurrent/ForkJoinPool$DefaultCommonPoolForkJoinWorkerThreadFactory
instanceKlass java/util/concurrent/ForkJoinPool$1
instanceKlass java/util/concurrent/ForkJoinPool$DefaultForkJoinWorkerThreadFactory
instanceKlass java/util/concurrent/ForkJoinPool$ForkJoinWorkerThreadFactory
instanceKlass java/util/concurrent/ForkJoinTask$Aux
instanceKlass java/util/concurrent/ForkJoinTask
instanceKlass org/openqa/selenium/remote/http/HttpClient
instanceKlass org/openqa/selenium/remote/HttpCommandExecutor$DefaultClientFactoryHolder
instanceKlass org/openqa/selenium/chromium/AddHasLaunchApp
instanceKlass org/openqa/selenium/chromium/AddHasPermissions
instanceKlass org/openqa/selenium/chromium/AddHasNetworkConditions
instanceKlass org/openqa/selenium/chromium/AddHasCdp
instanceKlass org/openqa/selenium/remote/CommandInfo
instanceKlass org/openqa/selenium/chromium/AddHasCasting
instanceKlass org/openqa/selenium/remote/AdditionalHttpCommands
instanceKlass org/openqa/selenium/remote/AugmenterProvider
instanceKlass org/openqa/selenium/logging/LogEntry
instanceKlass org/openqa/selenium/remote/HttpCommandExecutor
instanceKlass org/openqa/selenium/logging/NeedsLocalLogs
instanceKlass org/openqa/selenium/internal/Require$PathStateChecker
instanceKlass org/openqa/selenium/manager/SeleniumManagerOutput$Result
instanceKlass org/openqa/selenium/manager/SeleniumManager
instanceKlass org/openqa/selenium/remote/service/DriverFinder
instanceKlass org/openqa/selenium/BuildInfo
instanceKlass org/openqa/selenium/remote/http/AddSeleniumUserAgent
instanceKlass sun/management/Util
instanceKlass java/util/Collections$2
instanceKlass sun/management/RuntimeImpl
instanceKlass java/util/stream/ReduceOps$2ReducingSink
instanceKlass jdk/management/jfr/internal/FlightRecorderMXBeanProvider$SingleMBeanComponent
instanceKlass jdk/management/jfr/FlightRecorderMXBean
instanceKlass java/lang/management/DefaultPlatformMBeanProvider$11
instanceKlass java/lang/management/DefaultPlatformMBeanProvider$10
instanceKlass java/lang/management/DefaultPlatformMBeanProvider$9
instanceKlass sun/management/ManagementFactoryHelper$LoggingMXBeanAccess$1
instanceKlass sun/management/ManagementFactoryHelper$LoggingMXBeanAccess
instanceKlass java/lang/management/DefaultPlatformMBeanProvider$8
instanceKlass java/lang/management/DefaultPlatformMBeanProvider$7
instanceKlass java/lang/management/DefaultPlatformMBeanProvider$6
instanceKlass java/lang/management/DefaultPlatformMBeanProvider$5
instanceKlass java/lang/management/DefaultPlatformMBeanProvider$4
instanceKlass java/lang/management/DefaultPlatformMBeanProvider$3
instanceKlass java/lang/management/DefaultPlatformMBeanProvider$2
instanceKlass java/lang/management/DefaultPlatformMBeanProvider$1
instanceKlass com/sun/management/internal/PlatformMBeanProviderImpl$5
instanceKlass sun/management/VMManagementImpl
instanceKlass sun/management/VMManagement
instanceKlass sun/management/ManagementFactoryHelper
instanceKlass sun/management/NotificationEmitterSupport
instanceKlass javax/management/NotificationEmitter
instanceKlass javax/management/NotificationBroadcaster
instanceKlass com/sun/management/DiagnosticCommandMBean
instanceKlass javax/management/DynamicMBean
instanceKlass com/sun/management/internal/PlatformMBeanProviderImpl$4
instanceKlass com/sun/management/internal/PlatformMBeanProviderImpl$3
instanceKlass com/sun/management/internal/PlatformMBeanProviderImpl$2
instanceKlass com/sun/management/internal/PlatformMBeanProviderImpl$1
instanceKlass sun/management/spi/PlatformMBeanProvider$PlatformComponent
instanceKlass sun/management/spi/PlatformMBeanProvider
instanceKlass java/lang/management/ManagementFactory$PlatformMBeanFinder$1
instanceKlass java/lang/management/ManagementFactory$PlatformMBeanFinder
instanceKlass java/lang/management/RuntimeMXBean
instanceKlass java/lang/management/PlatformManagedObject
instanceKlass java/lang/management/ManagementFactory
instanceKlass org/openqa/selenium/internal/Debug
instanceKlass org/openqa/selenium/remote/http/Routable
instanceKlass org/openqa/selenium/remote/http/HttpHandler
instanceKlass org/openqa/selenium/remote/http/RetryRequest
instanceKlass org/openqa/selenium/remote/http/Filter
instanceKlass org/openqa/selenium/remote/http/ClientConfig
instanceKlass java/text/FieldPosition$Delegate
instanceKlass java/text/Format$FieldDelegate
instanceKlass sun/util/resources/Bundles$2
instanceKlass java/util/ArrayList$SubList$1
instanceKlass sun/util/resources/LocaleData$LocaleDataResourceBundleProvider
instanceKlass java/util/spi/ResourceBundleProvider
instanceKlass org/openqa/selenium/devtools/CdpInfo
instanceKlass org/openqa/selenium/virtualauthenticator/VirtualAuthenticator
instanceKlass org/openqa/selenium/remote/CommandExecutor
instanceKlass org/openqa/selenium/remote/http/HttpClient$Factory
instanceKlass org/openqa/selenium/remote/tracing/Tracer
instanceKlass org/openqa/selenium/remote/Network
instanceKlass org/openqa/selenium/federatedcredentialmanagement/FederatedCredentialManagementDialog
instanceKlass org/openqa/selenium/remote/Script
instanceKlass org/openqa/selenium/logging/Logs
instanceKlass org/openqa/selenium/remote/ExecuteMethod
instanceKlass org/openqa/selenium/remote/FileDetector
instanceKlass org/openqa/selenium/remote/RemoteWebDriver
instanceKlass org/openqa/selenium/PrintsPage
instanceKlass org/openqa/selenium/interactions/Interactive
instanceKlass org/openqa/selenium/virtualauthenticator/HasVirtualAuthenticator
instanceKlass org/openqa/selenium/federatedcredentialmanagement/HasFederatedCredentialManagement
instanceKlass org/openqa/selenium/HasDownloads
instanceKlass org/openqa/selenium/HasCapabilities
instanceKlass org/openqa/selenium/html5/WebStorage
instanceKlass org/openqa/selenium/html5/LocationContext
instanceKlass org/openqa/selenium/chromium/HasPermissions
instanceKlass org/openqa/selenium/chromium/HasNetworkConditions
instanceKlass org/openqa/selenium/logging/HasLogEvents
instanceKlass org/openqa/selenium/chromium/HasLaunchApp
instanceKlass org/openqa/selenium/devtools/HasDevTools
instanceKlass org/openqa/selenium/chromium/HasCdp
instanceKlass org/openqa/selenium/chromium/HasCasting
instanceKlass org/openqa/selenium/bidi/HasBiDi
instanceKlass org/openqa/selenium/HasAuthentication
instanceKlass com/kms/katalon/selenium/driver/ISmartExtensionWebDriver
instanceKlass com/kms/katalon/selenium/driver/IDelayableDriver
instanceKlass sun/nio/ch/ExtendedSocketOption$1
instanceKlass sun/nio/ch/ExtendedSocketOption
instanceKlass sun/nio/ch/OptionKey
instanceKlass sun/nio/ch/SocketOptionRegistry$LazyInitialization
instanceKlass sun/nio/ch/SocketOptionRegistry$RegistryKey
instanceKlass sun/nio/ch/SocketOptionRegistry
instanceKlass java/net/StandardSocketOptions$StdSocketOption
instanceKlass java/net/StandardSocketOptions
instanceKlass java/util/concurrent/atomic/Striped64$1
instanceKlass jdk/internal/util/random/RandomSupport
instanceKlass java/net/InetAddress$CachedAddresses
instanceKlass sun/net/InetAddressCachePolicy$2
instanceKlass sun/net/InetAddressCachePolicy$1
instanceKlass sun/net/InetAddressCachePolicy
instanceKlass java/net/InetAddress$NameServiceAddresses
instanceKlass java/net/InetAddress$Addresses
instanceKlass java/util/concurrent/ConcurrentSkipListMap$Iter
instanceKlass org/openqa/selenium/net/FixedIANAPortRange
instanceKlass org/openqa/selenium/net/EphemeralPortRangeDetector
instanceKlass org/openqa/selenium/net/PortProber
instanceKlass org/apache/commons/lang3/CharSequenceUtils
instanceKlass org/apache/commons/lang3/Strings
instanceKlass jdk/internal/math/FDBigInteger
instanceKlass org/apache/commons/lang3/math/NumberUtils
instanceKlass org/apache/commons/lang3/function/Suppliers
instanceKlass org/apache/commons/lang3/SystemProperties
instanceKlass org/apache/commons/lang3/SystemUtils
instanceKlass com/kms/katalon/core/webui/driver/edge/EdgeDriverUtil
instanceKlass org/openqa/selenium/remote/service/DriverService
instanceKlass org/openqa/selenium/remote/service/DriverService$Builder
instanceKlass com/kms/katalon/network/core/model/config/ProxyAuthentication
instanceKlass com/kms/katalon/network/core/model/config/ProxyConfig
instanceKlass java/util/TreeMap$TreeMapSpliterator
instanceKlass org/openqa/selenium/AcceptedW3CCapabilityKeys
instanceKlass com/kms/katalon/selenium/validator/W3CCapabilitiesValidator
instanceKlass com/kms/katalon/core/webui/driver/bidi/BiDiDriverUtil
instanceKlass java/awt/image/RenderedImage
instanceKlass com/kms/katalon/core/webui/driver/BaseDriverBuilder
instanceKlass com/kms/katalon/core/webui/driver/IDriverBuilder
instanceKlass com/kms/katalon/core/webui/driver/DriverBuilderFactory
instanceKlass com/kms/katalon/core/webui/util/OSUtil
instanceKlass java/util/stream/Streams$2
instanceKlass java/util/stream/Streams$ConcatSpliterator
instanceKlass org/openqa/selenium/SharedCapabilitiesMethods
instanceKlass org/openqa/selenium/internal/Require
instanceKlass org/openqa/selenium/remote/Browser$3
instanceKlass org/openqa/selenium/remote/Browser$2
instanceKlass org/openqa/selenium/remote/Browser$1
instanceKlass org/openqa/selenium/remote/Browser
instanceKlass org/openqa/selenium/MutableCapabilities
instanceKlass com/kms/katalon/core/webui/util/WebDriverPropertyUtil
instanceKlass com/kms/katalon/core/webui/driver/DriverConfigurationProvider
instanceKlass org/openqa/selenium/Capabilities
instanceKlass com/kms/katalon/core/driver/IDriverType
instanceKlass com/kms/katalon/core/webui/driver/IDriverConfigurationProvider
instanceKlass com/kms/katalon/core/webui/driver/DriverFactory
instanceKlass com/kms/katalon/core/webui/keyword/internal/WebUIKeywordMain
instanceKlass org/codehaus/groovy/runtime/metaclass/ClosureMetaClass$StandardClosureChooser
instanceKlass org/codehaus/groovy/runtime/metaclass/ClosureMetaClass$MethodChooser
instanceKlass org/openqa/selenium/ScriptKey
instanceKlass org/openqa/selenium/WebDriver$Options
instanceKlass org/openqa/selenium/WebDriver$Navigation
instanceKlass org/openqa/selenium/WebDriver$TargetLocator
instanceKlass com/kms/katalon/core/webui/model/SeleniumActionRetryController$RetryContext
instanceKlass org/openqa/selenium/JavascriptExecutor
instanceKlass com/kms/katalon/core/annotation/internal/Action
instanceKlass com/kms/katalon/core/webui/keyword/builtin/WaitForElementHasAttributeKeyword$1
instanceKlass com/kms/katalon/core/webui/keyword/builtin/WaitForElementNotClickableKeyword$1
instanceKlass com/kms/katalon/core/webui/keyword/builtin/WaitForJQueryLoadKeyword$1
instanceKlass com/kms/katalon/core/webui/keyword/builtin/WaitForElementNotVisibleKeyword$1
instanceKlass com/kms/katalon/core/webui/keyword/builtin/WaitForElementNotPresentKeyword$1
instanceKlass com/kms/katalon/core/webui/keyword/builtin/VerifyElementNotPresentKeyword$1
instanceKlass com/kms/katalon/core/webui/keyword/builtin/WaitForElementNotHasAttributeKeyword$1
instanceKlass com/kms/katalon/core/webui/keyword/builtin/WaitForAngularLoadKeyword$1
instanceKlass org/openqa/selenium/support/ui/ExpectedCondition
instanceKlass com/kms/katalon/core/webui/keyword/builtin/WaitForPageLoadKeyword$1
instanceKlass com/kms/katalon/core/webui/keyword/builtin/WaitForElementAttributeValueKeyword$1
instanceKlass com/google/common/base/Function
instanceKlass com/kms/katalon/core/keyword/internal/AbstractKeyword
instanceKlass com/kms/katalon/core/keyword/internal/IKeyword
instanceKlass com/kms/katalon/core/util/internal/KeywordLoader
instanceKlass com/kms/katalon/core/helper/KeywordHelper
instanceKlass sun/misc/Unsafe
instanceKlass com/google/gson/internal/UnsafeAllocator
instanceKlass com/google/gson/internal/bind/ReflectiveTypeAdapterFactory$FieldsData
instanceKlass com/google/gson/internal/bind/TypeAdapters$EnumTypeAdapter$1
instanceKlass com/google/gson/internal/ConstructorConstructor$19
instanceKlass com/google/gson/internal/ConstructorConstructor$13
instanceKlass com/google/gson/internal/Primitives
instanceKlass com/google/gson/annotations/SerializedName
instanceKlass com/google/gson/annotations/JsonAdapter
instanceKlass com/google/gson/internal/ConstructorConstructor$9
instanceKlass com/google/gson/internal/Streams
instanceKlass com/kms/katalon/core/util/internal/JsonUtil
instanceKlass com/kms/katalon/core/model/internal/WebUIPlatformExecutionSettings
instanceKlass com/kms/katalon/core/keyword/KeywordContext
instanceKlass com/kms/katalon/core/keyword/internal/KeywordManager
instanceKlass com/kms/katalon/core/keyword/IKeywordManager
instanceKlass com/kms/katalon/core/keyword/internal/KeywordExecutor
instanceKlass org/openqa/selenium/OutputType
instanceKlass org/openqa/selenium/By
instanceKlass org/openqa/selenium/Dimension
instanceKlass org/openqa/selenium/Point
instanceKlass java/awt/PaintContext
instanceKlass java/awt/RenderingHints
instanceKlass java/awt/geom/AffineTransform
instanceKlass org/openqa/selenium/Rectangle
instanceKlass org/openqa/selenium/WebElement
instanceKlass org/openqa/selenium/TakesScreenshot
instanceKlass com/kms/katalon/core/testobject/TestObject
instanceKlass com/kms/katalon/core/testobject/ITestObject
instanceKlass com/kms/katalon/core/testobject/SelectorCollector
instanceKlass com/kms/katalon/core/checkpoint/Checkpoint
instanceKlass com/kms/katalon/core/keyword/BuiltinKeywords
instanceKlass com/kms/katalon/core/logging/KeywordLogger$KeywordStackElement
instanceKlass com/kms/katalon/core/util/TestCloudPropertyUtil
instanceKlass com/kms/katalon/util/MaskedTextUtil
instanceKlass com/kms/katalon/core/ast/TestStepUtil
instanceKlass com/kms/katalon/core/ast/AstTextValueUtil
instanceKlass groovy/lang/PropertyValue
instanceKlass sun/reflect/generics/tree/ShortSignature
instanceKlass sun/reflect/generics/tree/LongSignature
instanceKlass sun/reflect/generics/tree/FloatSignature
instanceKlass sun/reflect/generics/tree/DoubleSignature
instanceKlass sun/reflect/generics/tree/CharSignature
instanceKlass sun/reflect/generics/tree/ByteSignature
instanceKlass org/codehaus/groovy/ast/decompiled/MemberSignatureParser
instanceKlass org/codehaus/groovy/ast/decompiled/AnnotationStub
instanceKlass com/kms/katalon/core/main/ScriptEngine$1
instanceKlass com/kms/katalon/core/ast/AstTestStepTransformation
instanceKlass org/codehaus/groovy/runtime/typehandling/NumberMath
instanceKlass jdk/internal/ValueBased
instanceKlass org/codehaus/groovy/runtime/typehandling/NumberMathModificationInfo
instanceKlass org/codehaus/groovy/reflection/android/AndroidSupport
instanceKlass org/codehaus/groovy/util/URLStreams
instanceKlass org/codehaus/groovy/control/SourceExtensionHandler
instanceKlass org/codehaus/groovy/runtime/callsite/CallSiteGenerator
instanceKlass groovy/lang/AdaptingMetaClass
instanceKlass org/codehaus/groovy/runtime/ArrayUtil
instanceKlass org/codehaus/groovy/transform/GroovyASTTransformationClass
instanceKlass org/codehaus/groovy/runtime/callsite/AbstractCallSite
instanceKlass java/util/stream/Streams$RangeIntSpliterator
instanceKlass com/kms/katalon/core/ast/RequireAstTestStepTransformation
instanceKlass com/kms/katalon/core/annotation/SetupTestCase
instanceKlass com/kms/katalon/core/context/internal/TestHooker
instanceKlass com/kms/katalon/core/testobject/ObjectRepository
instanceKlass org/codehaus/groovy/control/customizers/ImportCustomizer$Import
instanceKlass com/kms/katalon/core/testdata/TestDataFactory
instanceKlass org/codehaus/groovy/control/customizers/CompilationCustomizer
instanceKlass com/kms/katalon/core/annotation/TearDownIfError
instanceKlass com/kms/katalon/core/annotation/TearDownIfFailed
instanceKlass com/kms/katalon/core/annotation/TearDownIfPassed
instanceKlass com/kms/katalon/core/annotation/TearDown
instanceKlass com/kms/katalon/core/main/TestCaseMethodNodeWrapper
instanceKlass com/kms/katalon/core/annotation/SetUp
instanceKlass com/kms/katalon/core/ast/GroovyParser
instanceKlass java/util/stream/SliceOps
instanceKlass org/codehaus/groovy/ast/builder/AstStringCompiler
instanceKlass org/codehaus/groovy/ast/builder/AstBuilder
instanceKlass com/kms/katalon/core/main/TestCaseMethodNodeCollector
instanceKlass java/util/Formattable
instanceKlass java/util/Formatter$Flags
instanceKlass java/util/Formatter$FormatSpecifier
instanceKlass java/util/Formatter$Conversion
instanceKlass java/util/Formatter$FixedString
instanceKlass java/util/Formatter$FormatString
instanceKlass java/util/Formatter
instanceKlass java/lang/StackStreamFactory$FrameBuffer
instanceKlass java/lang/StackStreamFactory$1
instanceKlass java/lang/StackStreamFactory
instanceKlass java/util/logging/LogRecord$CallerFinder
instanceKlass java/time/Instant$1
instanceKlass org/apache/commons/lang3/ArrayUtils
instanceKlass org/apache/commons/lang3/text/translate/EntityArrays
instanceKlass org/apache/commons/lang3/text/translate/CharSequenceTranslator
instanceKlass org/apache/commons/lang3/StringEscapeUtils
instanceKlass java/util/logging/StreamHandler$1
instanceKlass sun/net/NetHooks
instanceKlass sun/net/spi/DefaultProxySelector$3
instanceKlass sun/net/spi/DefaultProxySelector$NonProxyInfo
instanceKlass sun/net/spi/DefaultProxySelector$1
instanceKlass java/net/Proxy
instanceKlass java/net/ProxySelector
instanceKlass java/net/SocksSocketImpl$3
instanceKlass jdk/net/ExtendedSocketOptions$PlatformSocketOptions$1
instanceKlass jdk/net/ExtendedSocketOptions$PlatformSocketOptions
instanceKlass jdk/net/ExtendedSocketOptions$ExtSocketOption
instanceKlass java/net/SocketOption
instanceKlass jdk/net/ExtendedSocketOptions
instanceKlass sun/net/ext/ExtendedSocketOptions
instanceKlass java/net/Inet6Address$Inet6AddressHolder
instanceKlass sun/nio/ch/Net$1
instanceKlass java/net/ProtocolFamily
instanceKlass sun/nio/ch/Net
instanceKlass java/net/SocksConsts
instanceKlass sun/net/PlatformSocketImpl
instanceKlass sun/net/NetProperties$1
instanceKlass sun/net/NetProperties
instanceKlass java/net/SocketImpl
instanceKlass java/net/SocketOptions
instanceKlass java/net/InetSocketAddress$InetSocketAddressHolder
instanceKlass java/net/InetAddress$PlatformNameService
instanceKlass java/net/InetAddress$NameService
instanceKlass java/net/Inet6AddressImpl
instanceKlass java/net/InetAddressImpl
instanceKlass java/net/InetAddressImplFactory
instanceKlass java/util/concurrent/ConcurrentSkipListMap$Node
instanceKlass java/util/concurrent/ConcurrentSkipListMap$Index
instanceKlass java/net/InetAddress$InetAddressHolder
instanceKlass java/net/InetAddress$1
instanceKlass jdk/internal/access/JavaNetInetAddressAccess
instanceKlass java/net/SocketAddress
instanceKlass sun/nio/ch/FileKey
instanceKlass sun/nio/ch/FileLockTable
instanceKlass java/nio/channels/FileLock
instanceKlass sun/nio/fs/WindowsPath$1
instanceKlass java/nio/file/Path$1
instanceKlass java/util/logging/Handler$1
instanceKlass java/util/logging/ErrorManager
instanceKlass jdk/internal/logger/SimpleConsoleLogger$Formatting
instanceKlass sun/util/logging/PlatformLogger
instanceKlass sun/util/logging/PlatformLogger$ConfigurableBridge$LoggerConfiguration
instanceKlass org/apache/commons/lang/StringUtils
instanceKlass com/kms/katalon/core/keyword/internal/KeywordExecutionContext
instanceKlass com/kms/katalon/core/logging/model/TestStatus
instanceKlass com/fasterxml/jackson/databind/deser/std/NumberDeserializers
instanceKlass com/fasterxml/jackson/annotation/JsonIdentityInfo
instanceKlass com/fasterxml/jackson/annotation/JsonAutoDetect
instanceKlass com/fasterxml/jackson/databind/introspect/POJOPropertiesCollector
instanceKlass com/fasterxml/jackson/annotation/JacksonAnnotation
instanceKlass com/fasterxml/jackson/databind/annotation/JacksonStdImpl
instanceKlass com/fasterxml/jackson/databind/deser/ContextualKeyDeserializer
instanceKlass com/fasterxml/jackson/databind/util/LinkedNode
instanceKlass com/fasterxml/jackson/annotation/JsonIncludeProperties$Value
instanceKlass com/fasterxml/jackson/annotation/JsonIncludeProperties
instanceKlass com/fasterxml/jackson/databind/util/IgnorePropertiesUtil
instanceKlass com/fasterxml/jackson/annotation/JsonIgnoreProperties$Value
instanceKlass com/fasterxml/jackson/annotation/JsonIgnoreProperties
instanceKlass com/fasterxml/jackson/databind/deser/impl/NullsConstantProvider
instanceKlass com/fasterxml/jackson/core/JsonLocation
instanceKlass com/fasterxml/jackson/databind/deser/ValueInstantiator
instanceKlass com/fasterxml/jackson/databind/deser/impl/JDKValueInstantiators
instanceKlass com/fasterxml/jackson/databind/annotation/JsonValueInstantiator
instanceKlass com/fasterxml/jackson/databind/type/TypeBindings$AsKey
instanceKlass com/fasterxml/jackson/databind/type/TypeBindings$TypeParamStash
instanceKlass com/fasterxml/jackson/databind/deser/BasicDeserializerFactory$ContainerDefaultMappings
instanceKlass com/fasterxml/jackson/databind/util/ArrayIterator
instanceKlass com/fasterxml/jackson/databind/annotation/JsonTypeResolver
instanceKlass com/fasterxml/jackson/core/util/JacksonFeatureSet
instanceKlass com/fasterxml/jackson/core/JsonStreamContext
instanceKlass com/fasterxml/jackson/core/util/TextBuffer
instanceKlass com/fasterxml/jackson/core/io/IOContext
instanceKlass com/fasterxml/jackson/core/util/BufferRecycler
instanceKlass com/fasterxml/jackson/core/util/BufferRecyclers
instanceKlass com/fasterxml/jackson/core/io/ContentReference
instanceKlass com/fasterxml/jackson/databind/util/internal/PrivateMaxEntriesMap$AddTask
instanceKlass com/fasterxml/jackson/databind/util/internal/PrivateMaxEntriesMap$WeightedValue
instanceKlass com/fasterxml/jackson/databind/type/ClassStack
instanceKlass com/fasterxml/jackson/databind/ser/BeanSerializerModifier
instanceKlass com/fasterxml/jackson/databind/ser/Serializers
instanceKlass com/fasterxml/jackson/databind/cfg/SerializerFactoryConfig
instanceKlass com/fasterxml/jackson/databind/ser/std/StdJdkSerializers
instanceKlass com/fasterxml/jackson/databind/ser/std/NumberSerializers
instanceKlass com/fasterxml/jackson/databind/deser/DeserializerCache
instanceKlass com/fasterxml/jackson/databind/KeyDeserializer
instanceKlass com/fasterxml/jackson/databind/deser/std/StdKeyDeserializers
instanceKlass com/fasterxml/jackson/databind/deser/KeyDeserializers
instanceKlass com/fasterxml/jackson/databind/deser/ValueInstantiators
instanceKlass com/fasterxml/jackson/databind/AbstractTypeResolver
instanceKlass com/fasterxml/jackson/databind/deser/BeanDeserializerModifier
instanceKlass com/fasterxml/jackson/databind/cfg/DeserializerFactoryConfig
instanceKlass com/fasterxml/jackson/databind/PropertyName
instanceKlass com/fasterxml/jackson/databind/deser/Deserializers
instanceKlass com/fasterxml/jackson/annotation/ObjectIdGenerator
instanceKlass com/fasterxml/jackson/databind/deser/ResolvableDeserializer
instanceKlass com/fasterxml/jackson/databind/deser/ValueInstantiator$Gettable
instanceKlass com/fasterxml/jackson/databind/deser/ContextualDeserializer
instanceKlass com/fasterxml/jackson/databind/JsonDeserializer
instanceKlass com/fasterxml/jackson/databind/deser/NullValueProvider
instanceKlass com/fasterxml/jackson/databind/ser/SerializerCache
instanceKlass com/fasterxml/jackson/databind/ser/ResolvableSerializer
instanceKlass com/fasterxml/jackson/databind/ser/ContextualSerializer
instanceKlass com/fasterxml/jackson/databind/jsonschema/SchemaAware
instanceKlass com/fasterxml/jackson/databind/JsonSerializer
instanceKlass com/fasterxml/jackson/databind/jsonFormatVisitors/JsonFormatVisitable
instanceKlass com/fasterxml/jackson/databind/node/JsonNodeFactory
instanceKlass com/fasterxml/jackson/databind/node/JsonNodeCreator
instanceKlass com/fasterxml/jackson/databind/cfg/ContextAttributes
instanceKlass com/fasterxml/jackson/databind/cfg/DatatypeFeature
instanceKlass com/fasterxml/jackson/databind/cfg/DatatypeFeatures$DefaultHolder
instanceKlass com/fasterxml/jackson/databind/cfg/DatatypeFeatures
instanceKlass com/fasterxml/jackson/core/util/DefaultPrettyPrinter$NopIndenter
instanceKlass com/fasterxml/jackson/core/util/Separators
instanceKlass com/fasterxml/jackson/core/util/DefaultPrettyPrinter$Indenter
instanceKlass com/fasterxml/jackson/core/util/DefaultPrettyPrinter
instanceKlass com/fasterxml/jackson/core/util/Instantiatable
instanceKlass com/fasterxml/jackson/databind/cfg/ConfigFeature
instanceKlass com/fasterxml/jackson/databind/cfg/ConfigOverride
instanceKlass com/fasterxml/jackson/annotation/JsonFormat$Features
instanceKlass com/fasterxml/jackson/annotation/JsonFormat$Value
instanceKlass com/fasterxml/jackson/core/PrettyPrinter
instanceKlass com/fasterxml/jackson/databind/cfg/CoercionConfig
instanceKlass com/fasterxml/jackson/databind/cfg/CoercionConfigs
instanceKlass com/fasterxml/jackson/databind/introspect/VisibilityChecker$Std
instanceKlass com/fasterxml/jackson/annotation/JsonSetter$Value
instanceKlass com/fasterxml/jackson/annotation/JsonInclude$Value
instanceKlass com/fasterxml/jackson/annotation/JacksonAnnotationValue
instanceKlass com/fasterxml/jackson/databind/cfg/ConfigOverrides
instanceKlass com/fasterxml/jackson/databind/introspect/AnnotatedClass$Creators
instanceKlass com/fasterxml/jackson/databind/introspect/AnnotationCollector$NoAnnotations
instanceKlass com/fasterxml/jackson/databind/util/Annotations
instanceKlass com/fasterxml/jackson/databind/introspect/AnnotationCollector
instanceKlass com/fasterxml/jackson/databind/introspect/AnnotatedClassResolver
instanceKlass com/fasterxml/jackson/databind/BeanDescription
instanceKlass com/fasterxml/jackson/databind/cfg/MapperConfig
instanceKlass com/fasterxml/jackson/databind/introspect/SimpleMixInResolver
instanceKlass com/fasterxml/jackson/databind/introspect/ClassIntrospector$MixInResolver
instanceKlass com/fasterxml/jackson/databind/util/RootNameLookup
instanceKlass com/fasterxml/jackson/core/sym/CharsToNameCanonicalizer$Bucket
instanceKlass com/fasterxml/jackson/core/sym/CharsToNameCanonicalizer$TableInfo
instanceKlass com/fasterxml/jackson/core/sym/CharsToNameCanonicalizer
instanceKlass com/fasterxml/jackson/core/ErrorReportConfiguration
instanceKlass com/fasterxml/jackson/core/StreamWriteConstraints
instanceKlass com/fasterxml/jackson/core/StreamReadConstraints
instanceKlass com/fasterxml/jackson/core/util/RecyclerPool$WithPool
instanceKlass com/fasterxml/jackson/core/util/RecyclerPool$ThreadLocalPoolBase
instanceKlass com/fasterxml/jackson/core/util/RecyclerPool
instanceKlass com/fasterxml/jackson/core/util/JsonRecyclerPools
instanceKlass com/fasterxml/jackson/core/sym/ByteQuadsCanonicalizer$TableInfo
instanceKlass com/fasterxml/jackson/core/sym/ByteQuadsCanonicalizer
instanceKlass com/fasterxml/jackson/core/io/CharTypes
instanceKlass com/fasterxml/jackson/core/io/JsonStringEncoder
instanceKlass com/fasterxml/jackson/core/io/SerializedString
instanceKlass com/fasterxml/jackson/core/util/JacksonFeature
instanceKlass com/fasterxml/jackson/core/async/ByteBufferFeeder
instanceKlass com/fasterxml/jackson/core/async/ByteArrayFeeder
instanceKlass com/fasterxml/jackson/core/async/NonBlockingInputFeeder
instanceKlass com/fasterxml/jackson/core/TSFBuilder
instanceKlass com/fasterxml/jackson/core/SerializableString
instanceKlass com/fasterxml/jackson/databind/cfg/DefaultCacheProvider
instanceKlass com/fasterxml/jackson/databind/cfg/CacheProvider
instanceKlass com/fasterxml/jackson/databind/introspect/AccessorNamingStrategy
instanceKlass com/fasterxml/jackson/core/Base64Variant
instanceKlass com/fasterxml/jackson/core/Base64Variants
instanceKlass java/text/DigitList
instanceKlass java/lang/StringUTF16$CharsSpliterator
instanceKlass java/text/DecimalFormatSymbols
instanceKlass sun/util/resources/Bundles$CacheKeyReference
instanceKlass sun/util/resources/Bundles$CacheKey
instanceKlass sun/util/resources/Bundles
instanceKlass sun/util/resources/LocaleData$LocaleDataStrategy
instanceKlass sun/util/resources/Bundles$Strategy
instanceKlass sun/util/resources/LocaleData$1
instanceKlass sun/util/resources/LocaleData
instanceKlass sun/util/locale/provider/LocaleResources
instanceKlass sun/util/locale/provider/CalendarDataUtility$CalendarWeekParameterGetter
instanceKlass sun/util/locale/provider/LocaleServiceProviderPool$LocalizedObjectGetter
instanceKlass sun/util/locale/provider/LocaleServiceProviderPool
instanceKlass java/util/Locale$Builder
instanceKlass sun/util/locale/provider/CalendarDataUtility
instanceKlass java/util/Calendar$Builder
instanceKlass sun/util/locale/provider/AvailableLanguageTags
instanceKlass sun/util/resources/cldr/provider/CLDRLocaleDataMetaInfo
instanceKlass sun/util/locale/InternalLocaleBuilder$CaseInsensitiveChar
instanceKlass sun/util/locale/InternalLocaleBuilder
instanceKlass sun/util/locale/StringTokenIterator
instanceKlass sun/util/locale/ParseStatus
instanceKlass sun/util/locale/LanguageTag
instanceKlass sun/util/cldr/CLDRBaseLocaleDataMetaInfo
instanceKlass sun/util/locale/provider/LocaleDataMetaInfo
instanceKlass sun/util/locale/provider/ResourceBundleBasedAdapter
instanceKlass sun/util/locale/provider/LocaleProviderAdapter$1
instanceKlass sun/util/locale/provider/LocaleProviderAdapter
instanceKlass java/util/spi/LocaleServiceProvider
instanceKlass com/fasterxml/jackson/databind/type/TypeBindings
instanceKlass com/fasterxml/jackson/databind/type/TypeParser
instanceKlass com/fasterxml/jackson/databind/type/TypeFactory
instanceKlass com/fasterxml/jackson/databind/cfg/BaseSettings
instanceKlass com/fasterxml/jackson/databind/util/internal/Linked
instanceKlass com/fasterxml/jackson/databind/util/internal/PrivateMaxEntriesMap$Builder
instanceKlass com/fasterxml/jackson/databind/util/LRUMap
instanceKlass com/fasterxml/jackson/databind/util/LookupCache
instanceKlass java/beans/ConstructorProperties
instanceKlass com/fasterxml/jackson/databind/util/ClassUtil$Ctor
instanceKlass com/fasterxml/jackson/databind/util/ClassUtil
instanceKlass com/fasterxml/jackson/databind/ext/Java7Support
instanceKlass com/fasterxml/jackson/annotation/JsonMerge
instanceKlass com/fasterxml/jackson/databind/annotation/JsonDeserialize
instanceKlass com/fasterxml/jackson/annotation/JsonManagedReference
instanceKlass com/fasterxml/jackson/annotation/JsonBackReference
instanceKlass com/fasterxml/jackson/annotation/JsonUnwrapped
instanceKlass com/fasterxml/jackson/annotation/JsonRawValue
instanceKlass com/fasterxml/jackson/annotation/JsonTypeInfo
instanceKlass com/fasterxml/jackson/annotation/JsonFormat
instanceKlass com/fasterxml/jackson/annotation/JsonView
instanceKlass com/fasterxml/jackson/databind/annotation/JsonSerialize
instanceKlass com/fasterxml/jackson/databind/introspect/ConcreteBeanPropertyBase
instanceKlass com/fasterxml/jackson/databind/BeanProperty
instanceKlass com/fasterxml/jackson/databind/introspect/BeanPropertyDefinition
instanceKlass com/fasterxml/jackson/databind/util/Named
instanceKlass com/fasterxml/jackson/databind/introspect/TypeResolutionContext
instanceKlass com/fasterxml/jackson/databind/introspect/Annotated
instanceKlass com/fasterxml/jackson/databind/introspect/ClassIntrospector
instanceKlass com/fasterxml/jackson/databind/introspect/VisibilityChecker
instanceKlass com/fasterxml/jackson/databind/jsontype/TypeResolverBuilder
instanceKlass com/fasterxml/jackson/core/type/ResolvedType
instanceKlass com/fasterxml/jackson/core/util/BufferRecycler$Gettable
instanceKlass com/fasterxml/jackson/core/JsonParser
instanceKlass com/fasterxml/jackson/core/JsonGenerator
instanceKlass com/fasterxml/jackson/databind/JsonSerializable$Base
instanceKlass com/fasterxml/jackson/databind/JsonSerializable
instanceKlass com/fasterxml/jackson/core/TreeNode
instanceKlass com/fasterxml/jackson/databind/Module$SetupContext
instanceKlass com/fasterxml/jackson/databind/jsontype/PolymorphicTypeValidator
instanceKlass com/fasterxml/jackson/databind/introspect/AccessorNamingStrategy$Provider
instanceKlass com/fasterxml/jackson/databind/AnnotationIntrospector
instanceKlass com/fasterxml/jackson/databind/ser/SerializerFactory
instanceKlass com/fasterxml/jackson/databind/deser/DeserializerFactory
instanceKlass com/fasterxml/jackson/databind/DatabindContext
instanceKlass com/fasterxml/jackson/databind/jsontype/SubtypeResolver
instanceKlass com/fasterxml/jackson/core/TokenStreamFactory
instanceKlass com/fasterxml/jackson/core/TreeCodec
instanceKlass com/fasterxml/jackson/core/Versioned
instanceKlass sun/security/util/ArrayUtil
instanceKlass javax/crypto/spec/IvParameterSpec
instanceKlass javax/crypto/spec/SecretKeySpec$1
instanceKlass jdk/internal/access/JavaxCryptoSpecAccess
instanceKlass javax/crypto/spec/SecretKeySpec
instanceKlass javax/crypto/interfaces/PBEKey
instanceKlass sun/security/provider/EntropySource
instanceKlass sun/security/provider/AbstractDrbg
instanceKlass java/security/DrbgParameters$Instantiation
instanceKlass java/security/DrbgParameters
instanceKlass sun/security/provider/MoreDrbgParameters
instanceKlass java/security/SecureRandomSpi
instanceKlass javax/crypto/spec/PBEParameterSpec
instanceKlass com/sun/crypto/provider/PKCS5Padding
instanceKlass com/sun/crypto/provider/Padding
instanceKlass com/sun/crypto/provider/FeedbackCipher
instanceKlass com/sun/crypto/provider/CipherCore
instanceKlass com/sun/crypto/provider/SymmetricCipher
instanceKlass com/sun/crypto/provider/DESConstants
instanceKlass com/sun/crypto/provider/PKCS12PBECipherCore
instanceKlass javax/crypto/CipherSpi
instanceKlass javax/crypto/Cipher$Transform
instanceKlass javax/crypto/Cipher
instanceKlass com/sun/crypto/provider/PBEKey
instanceKlass javax/crypto/spec/PBEKeySpec
instanceKlass javax/crypto/SecretKeyFactorySpi
instanceKlass javax/crypto/ProviderVerifier
instanceKlass javax/crypto/JceSecurity$3
instanceKlass javax/crypto/JceSecurity$2
instanceKlass java/net/spi/URLStreamHandlerProvider
instanceKlass java/net/URL$1
instanceKlass java/net/URL$2
instanceKlass java/util/Vector$1
instanceKlass javax/crypto/CryptoPolicyParser$CryptoPermissionEntry
instanceKlass javax/crypto/CryptoPolicyParser$GrantEntry
instanceKlass javax/crypto/CryptoPolicyParser
instanceKlass java/nio/file/Files$1
instanceKlass sun/nio/fs/WindowsFileSystem$2
instanceKlass sun/nio/fs/Globs
instanceKlass javax/crypto/JceSecurity$1
instanceKlass javax/crypto/JceSecurity
instanceKlass sun/security/ec/SunEC$1
instanceKlass sun/security/jca/ProviderConfig$ProviderLoader
instanceKlass sun/security/jca/ProviderConfig$3
instanceKlass javax/crypto/SecretKeyFactory
instanceKlass com/kms/katalon/util/CryptoUtil$CrytoInfo
instanceKlass com/kms/katalon/util/CryptoUtil
instanceKlass java/lang/ProcessEnvironment$CheckedEntry
instanceKlass java/lang/ProcessEnvironment$CheckedEntrySet$1
instanceKlass java/lang/ProcessEnvironment$EntryComparator
instanceKlass java/lang/ProcessEnvironment$NameComparator
instanceKlass com/google/common/base/Preconditions
instanceKlass com/google/common/base/Optional
instanceKlass com/kms/katalon/core/testcase/Variable
instanceKlass org/greenrobot/eventbus/Subscription
instanceKlass org/greenrobot/eventbus/SubscriberMethod
instanceKlass org/greenrobot/eventbus/Subscribe
instanceKlass org/openqa/selenium/WebDriver
instanceKlass org/openqa/selenium/SearchContext
instanceKlass com/kms/katalon/core/event/TestingEvent
instanceKlass org/greenrobot/eventbus/SubscriberMethodFinder$FindState
instanceKlass org/greenrobot/eventbus/SubscriberMethodFinder
instanceKlass org/greenrobot/eventbus/AsyncPoster
instanceKlass org/greenrobot/eventbus/PendingPostQueue
instanceKlass org/greenrobot/eventbus/BackgroundPoster
instanceKlass org/greenrobot/eventbus/Poster
instanceKlass org/greenrobot/eventbus/Logger$SystemOutLogger
instanceKlass org/greenrobot/eventbus/Logger$AndroidLogger
instanceKlass java/util/concurrent/Executors$DefaultThreadFactory
instanceKlass java/util/concurrent/SynchronousQueue$TransferStack$SNode
instanceKlass java/util/concurrent/ForkJoinPool$ManagedBlocker
instanceKlass java/util/concurrent/SynchronousQueue$Transferer
instanceKlass java/util/concurrent/ThreadPoolExecutor$AbortPolicy
instanceKlass java/util/concurrent/RejectedExecutionHandler
instanceKlass java/util/concurrent/AbstractExecutorService
instanceKlass java/util/concurrent/Executors
instanceKlass org/greenrobot/eventbus/MainThreadSupport
instanceKlass org/greenrobot/eventbus/Logger
instanceKlass org/greenrobot/eventbus/EventBusBuilder
instanceKlass org/greenrobot/eventbus/EventBus
instanceKlass com/kms/katalon/core/event/EventBusSingleton
instanceKlass com/kms/katalon/core/helper/ChromeSnapshotHelper
instanceKlass com/kms/katalon/core/testcase/TestCase
instanceKlass org/dom4j/QName
instanceKlass org/dom4j/tree/NamespaceCache
instanceKlass org/dom4j/tree/AbstractNode
instanceKlass org/dom4j/io/ElementStack
instanceKlass org/dom4j/tree/NamespaceStack
instanceKlass org/dom4j/tree/QNameCache
instanceKlass org/dom4j/util/SimpleSingleton
instanceKlass org/dom4j/Document
instanceKlass org/dom4j/rule/Pattern
instanceKlass org/dom4j/Text
instanceKlass org/dom4j/CDATA
instanceKlass org/dom4j/util/SingletonStrategy
instanceKlass org/dom4j/XPath
instanceKlass org/dom4j/NodeFilter
instanceKlass org/dom4j/DocumentType
instanceKlass org/dom4j/Entity
instanceKlass org/dom4j/Attribute
instanceKlass org/dom4j/ProcessingInstruction
instanceKlass org/dom4j/Comment
instanceKlass org/dom4j/CharacterData
instanceKlass org/dom4j/Element
instanceKlass org/dom4j/DocumentFactory
instanceKlass org/dom4j/ElementPath
instanceKlass org/dom4j/Branch
instanceKlass org/dom4j/Node
instanceKlass org/dom4j/dtd/Decl
instanceKlass org/dom4j/io/SAXReader$SAXEntityResolver
instanceKlass java/text/AttributedCharacterIterator$Attribute
instanceKlass java/text/FieldPosition
instanceKlass java/util/ResourceBundle$ResourceBundleProviderHelper
instanceKlass java/util/ResourceBundle$3
instanceKlass java/util/ResourceBundle$CacheKeyReference
instanceKlass java/util/ResourceBundle$1
instanceKlass jdk/internal/access/JavaUtilResourceBundleAccess
instanceKlass com/sun/org/apache/xerces/internal/util/SAXMessageFormatter
instanceKlass org/dom4j/io/JAXPHelper
instanceKlass org/dom4j/io/SAXHelper
instanceKlass org/dom4j/ElementHandler
instanceKlass org/xml/sax/ext/DeclHandler
instanceKlass org/xml/sax/ext/LexicalHandler
instanceKlass org/dom4j/io/SAXReader
instanceKlass com/kms/katalon/util/SAXReaderProvider
instanceKlass com/kms/katalon/core/testcase/TestCaseFactory
instanceKlass com/kms/katalon/core/main/RetrySettings
instanceKlass com/kms/katalon/core/main/TestCaseExecutor
instanceKlass com/kms/katalon/core/context/internal/InternalTestCaseContext
instanceKlass com/kms/katalon/core/context/TestCaseContext
instanceKlass com/kms/katalon/core/annotation/BeforeTestDataBindToTestCase
instanceKlass com/kms/katalon/core/annotation/AfterTestCase
instanceKlass com/kms/katalon/core/annotation/BeforeTestCase
instanceKlass com/kms/katalon/core/annotation/AfterTestSuite
instanceKlass com/kms/katalon/core/annotation/BeforeTestSuite
instanceKlass com/kms/katalon/core/context/internal/TestListenerCollector
instanceKlass com/kms/katalon/core/context/internal/ExecutionListenerEventHandler
instanceKlass javassist/bytecode/Descriptor
instanceKlass javassist/bytecode/ExceptionTable
instanceKlass javassist/bytecode/Opcode
instanceKlass javassist/bytecode/MethodInfo
instanceKlass javassist/bytecode/FieldInfo
instanceKlass javassist/bytecode/LongVector
instanceKlass javassist/bytecode/ConstInfo
instanceKlass javassist/bytecode/ConstPool
instanceKlass sun/net/DefaultProgressMeteringPolicy
instanceKlass sun/net/ProgressMeteringPolicy
instanceKlass sun/net/ProgressMonitor
instanceKlass javassist/bytecode/AttributeInfo
instanceKlass javassist/CtMember
instanceKlass javassist/ClassPathList
instanceKlass javassist/LoaderClassPath
instanceKlass javassist/bytecode/ClassFile
instanceKlass javassist/ClassPath
instanceKlass javassist/ClassPoolTail
instanceKlass javassist/CtClass
instanceKlass javassist/ClassPool
instanceKlass org/codehaus/groovy/runtime/metaclass/DefaultMetaClassInfo$ConstantMetaClassVersioning
instanceKlass org/codehaus/groovy/runtime/metaclass/DefaultMetaClassInfo
instanceKlass com/kms/katalon/core/logging/ErrorCollector
instanceKlass com/kms/katalon/core/constants/CoreConstants
instanceKlass java/util/logging/LogRecord
instanceKlass java/util/logging/Formatter
instanceKlass com/kms/katalon/core/logging/XmlKeywordLogger
instanceKlass com/kms/katalon/core/logging/KeywordLogger
instanceKlass groovy/lang/DelegatingMetaClass
instanceKlass CustomKeywords
instanceKlass org/codehaus/groovy/classgen/asm/OptimizingStatementWriter$StatementMeta
instanceKlass org/codehaus/groovy/classgen/asm/OptimizingStatementWriter$OptimizeFlagsCollector$OptimizeFlagsEntry
instanceKlass org/codehaus/groovy/classgen/asm/OptimizingStatementWriter$OptimizeFlagsCollector
instanceKlass org/codehaus/groovy/runtime/BytecodeInterface8
instanceKlass org/codehaus/groovy/classgen/asm/BinaryExpressionWriter
instanceKlass org/codehaus/groovy/vmplugin/v8/Java8$1
instanceKlass org/codehaus/groovy/classgen/AnnotationVisitor
instanceKlass java/math/MathContext
instanceKlass org/codehaus/groovy/transform/stc/StaticTypeCheckingSupport$1
instanceKlass jdk/internal/vm/annotation/Stable
instanceKlass org/codehaus/groovy/ast/tools/WideningCategories
instanceKlass org/codehaus/groovy/transform/stc/StaticTypeCheckingSupport
instanceKlass org/apache/groovy/ast/tools/AnnotatedNodeUtils
instanceKlass org/apache/groovy/parser/antlr4/ModifierManager
instanceKlass internal/GlobalVariable
instanceKlass com/kms/katalon/core/main/ScriptEngine$CompilerConfigurationProvider
instanceKlass com/kms/katalon/logging/SystemStreams
instanceKlass ch/qos/logback/core/pattern/SpacePadder
instanceKlass java/time/LocalTime$1
instanceKlass java/time/format/DateTimeFormatterBuilder$2
instanceKlass java/time/LocalDate$1
instanceKlass java/time/ZonedDateTime$1
instanceKlass java/time/temporal/TemporalQueries$7
instanceKlass java/time/temporal/TemporalQueries$6
instanceKlass java/time/temporal/TemporalQueries$5
instanceKlass java/time/temporal/TemporalQueries$4
instanceKlass java/time/temporal/TemporalQueries$3
instanceKlass java/time/temporal/TemporalQueries$2
instanceKlass java/time/temporal/TemporalQueries$1
instanceKlass java/time/temporal/TemporalQueries
instanceKlass java/time/format/DateTimePrintContext
instanceKlass org/slf4j/helpers/FormattingTuple
instanceKlass org/slf4j/helpers/NormalizedParameters
instanceKlass org/slf4j/helpers/MessageFormatter
instanceKlass ch/qos/logback/classic/spi/EventArgUtil
instanceKlass ch/qos/logback/classic/spi/IThrowableProxy
instanceKlass ch/qos/logback/classic/pattern/TargetLengthBasedClassNameAbbreviator
instanceKlass ch/qos/logback/core/pattern/ConverterUtil
instanceKlass ch/qos/logback/classic/pattern/NamedConverter$CacheMissCalculator
instanceKlass ch/qos/logback/core/pattern/FormatInfo
instanceKlass ch/qos/logback/core/pattern/util/AsIsEscapeUtil
instanceKlass ch/qos/logback/core/pattern/parser/OptionTokenizer
instanceKlass ch/qos/logback/core/pattern/util/RestrictedEscapeUtil
instanceKlass ch/qos/logback/core/pattern/parser/TokenStream
instanceKlass ch/qos/logback/core/pattern/util/RegularEscapeUtil
instanceKlass ch/qos/logback/classic/pattern/EnsureExceptionHandling
instanceKlass ch/qos/logback/classic/pattern/Abbreviator
instanceKlass ch/qos/logback/core/pattern/parser/Token
instanceKlass ch/qos/logback/core/pattern/util/IEscapeUtil
instanceKlass ch/qos/logback/core/pattern/parser/Node
instanceKlass ch/qos/logback/core/pattern/PostCompileProcessor
instanceKlass ch/qos/logback/core/CoreConstants
instanceKlass ch/qos/logback/core/joran/spi/NoAutoStart
instanceKlass ch/qos/logback/core/joran/spi/NoAutoStartUtil
instanceKlass ch/qos/logback/classic/spi/LoggingEvent
instanceKlass ch/qos/logback/core/joran/util/AggregationAssessor$1
instanceKlass ch/qos/logback/core/model/processor/ImplicitModelHandler$1
instanceKlass jdk/internal/loader/BootLoader$PackageHelper
instanceKlass ch/qos/logback/core/joran/util/StringToObjectConverter
instanceKlass ch/qos/logback/core/util/StringUtil
instanceKlass ch/qos/logback/core/joran/util/beans/BeanDescription
instanceKlass ch/qos/logback/core/joran/util/beans/BeanUtil
instanceKlass ch/qos/logback/core/model/processor/DefaultProcessor$TraverseMethod
instanceKlass ch/qos/logback/core/model/processor/DependencyDefinition
instanceKlass ch/qos/logback/core/subst/NodeToStringTransformer$1
instanceKlass ch/qos/logback/core/subst/Node
instanceKlass ch/qos/logback/core/subst/Parser$1
instanceKlass ch/qos/logback/core/subst/Parser
instanceKlass ch/qos/logback/core/subst/Token
instanceKlass ch/qos/logback/core/subst/Tokenizer
instanceKlass ch/qos/logback/core/subst/NodeToStringTransformer
instanceKlass ch/qos/logback/core/util/Duration
instanceKlass ch/qos/logback/core/model/processor/ChainedModelFilter$1
instanceKlass ch/qos/logback/core/model/processor/AllowAllModelFilter
instanceKlass ch/qos/logback/core/model/processor/DenyAllModelFilter
instanceKlass ch/qos/logback/core/sift/AppenderFactory
instanceKlass ch/qos/logback/core/joran/action/ImplicitModelData
instanceKlass ch/qos/logback/core/hook/ShutdownHook
instanceKlass ch/qos/logback/core/model/processor/AllowModelFilter
instanceKlass ch/qos/logback/core/model/processor/DefaultProcessor$1
instanceKlass ch/qos/logback/core/model/processor/PhaseIndicator
instanceKlass ch/qos/logback/core/model/ModelHandlerFactoryMethod
instanceKlass ch/qos/logback/core/joran/ModelClassToModelHandlerLinkerBase
instanceKlass ch/qos/logback/core/model/processor/ChainedModelFilter
instanceKlass ch/qos/logback/core/model/processor/ModelFilter
instanceKlass ch/qos/logback/core/net/ssl/SSLComponent
instanceKlass ch/qos/logback/core/net/ssl/SSLNestedComponentRegistryRules
instanceKlass ch/qos/logback/core/boolex/EventEvaluator
instanceKlass ch/qos/logback/core/joran/spi/HostClassAndPropertyDouble
instanceKlass ch/qos/logback/core/net/ssl/SecureRandomFactoryBean
instanceKlass ch/qos/logback/core/net/ssl/TrustManagerFactoryFactoryBean
instanceKlass ch/qos/logback/core/net/ssl/KeyManagerFactoryFactoryBean
instanceKlass ch/qos/logback/core/net/ssl/KeyStoreFactoryBean
instanceKlass ch/qos/logback/core/net/ssl/SSLContextFactoryBean
instanceKlass ch/qos/logback/core/joran/util/ParentTag_Tag_Class_Tuple
instanceKlass ch/qos/logback/classic/model/processor/LogbackClassicDefaultNestedComponentRules
instanceKlass ch/qos/logback/core/joran/spi/DefaultNestedComponentRegistry
instanceKlass ch/qos/logback/core/spi/ContextAwarePropertyContainer
instanceKlass ch/qos/logback/core/joran/sanity/Pair
instanceKlass ch/qos/logback/core/joran/JoranConstants
instanceKlass ch/qos/logback/core/joran/spi/EventPlayer
instanceKlass ch/qos/logback/core/joran/spi/SaxEventInterpreter
instanceKlass ch/qos/logback/core/model/INamedModel
instanceKlass ch/qos/logback/core/model/Model
instanceKlass org/xml/sax/helpers/AttributesImpl
instanceKlass org/xml/sax/helpers/LocatorImpl
instanceKlass ch/qos/logback/core/joran/event/SaxEvent
instanceKlass com/sun/org/apache/xerces/internal/impl/Constants$ArrayEnumeration
instanceKlass com/sun/org/apache/xerces/internal/impl/Constants
instanceKlass com/sun/org/apache/xerces/internal/parsers/AbstractSAXParser$LocatorProxy
instanceKlass org/xml/sax/ext/Locator2
instanceKlass org/xml/sax/Locator
instanceKlass com/sun/org/apache/xerces/internal/util/XMLSymbols
instanceKlass com/sun/org/apache/xerces/internal/util/XMLChar
instanceKlass com/sun/xml/internal/stream/Entity
instanceKlass com/sun/xml/internal/stream/util/BufferAllocator
instanceKlass com/sun/xml/internal/stream/util/ThreadLocalBufferAllocator
instanceKlass com/sun/org/apache/xerces/internal/impl/XMLEntityManager$EncodingInfo
instanceKlass com/sun/org/apache/xerces/internal/util/URI
instanceKlass com/sun/org/apache/xerces/internal/utils/XMLLimitAnalyzer
instanceKlass com/sun/org/apache/xerces/internal/xni/parser/XMLInputSource
instanceKlass com/sun/org/apache/xerces/internal/util/ErrorHandlerWrapper
instanceKlass com/sun/org/apache/xerces/internal/xni/parser/XMLErrorHandler
instanceKlass com/sun/org/apache/xerces/internal/impl/ExternalSubsetResolver
instanceKlass com/sun/org/apache/xerces/internal/util/EntityResolverWrapper
instanceKlass org/xml/sax/ext/EntityResolver2
instanceKlass com/sun/org/apache/xerces/internal/parsers/AbstractSAXParser$AttributesProxy
instanceKlass org/xml/sax/ext/Attributes2
instanceKlass org/xml/sax/Attributes
instanceKlass org/xml/sax/AttributeList
instanceKlass com/sun/org/apache/xerces/internal/util/FeatureState
instanceKlass com/sun/org/apache/xerces/internal/util/PropertyState
instanceKlass com/sun/org/apache/xerces/internal/impl/msg/XMLMessageFormatter
instanceKlass com/sun/org/apache/xerces/internal/util/MessageFormatter
instanceKlass com/sun/org/apache/xerces/internal/impl/XMLVersionDetector
instanceKlass com/sun/org/apache/xerces/internal/impl/validation/ValidationManager
instanceKlass com/sun/org/apache/xerces/internal/impl/dv/dtd/NMTOKENDatatypeValidator
instanceKlass com/sun/org/apache/xerces/internal/impl/dv/dtd/NOTATIONDatatypeValidator
instanceKlass com/sun/org/apache/xerces/internal/impl/dv/dtd/ENTITYDatatypeValidator
instanceKlass com/sun/org/apache/xerces/internal/impl/dv/dtd/ListDatatypeValidator
instanceKlass com/sun/org/apache/xerces/internal/impl/dv/dtd/IDREFDatatypeValidator
instanceKlass com/sun/org/apache/xerces/internal/impl/dv/dtd/IDDatatypeValidator
instanceKlass com/sun/org/apache/xerces/internal/impl/dv/dtd/StringDatatypeValidator
instanceKlass com/sun/org/apache/xerces/internal/impl/dv/DatatypeValidator
instanceKlass com/sun/org/apache/xerces/internal/impl/dv/DTDDVFactory
instanceKlass com/sun/org/apache/xerces/internal/impl/dtd/DTDGrammarBucket
instanceKlass com/sun/org/apache/xerces/internal/impl/dtd/XMLAttributeDecl
instanceKlass com/sun/org/apache/xerces/internal/impl/dtd/XMLSimpleType
instanceKlass com/sun/org/apache/xerces/internal/impl/dtd/XMLElementDecl
instanceKlass com/sun/org/apache/xerces/internal/impl/validation/ValidationState
instanceKlass com/sun/org/apache/xerces/internal/impl/dv/ValidationContext
instanceKlass com/sun/org/apache/xerces/internal/impl/dtd/XMLDTDValidator
instanceKlass com/sun/org/apache/xerces/internal/impl/RevalidationHandler
instanceKlass com/sun/org/apache/xerces/internal/impl/dtd/XMLDTDValidatorFilter
instanceKlass com/sun/org/apache/xerces/internal/xni/parser/XMLDocumentFilter
instanceKlass com/sun/org/apache/xerces/internal/impl/dtd/XMLEntityDecl
instanceKlass com/sun/org/apache/xerces/internal/impl/dtd/XMLDTDProcessor
instanceKlass com/sun/org/apache/xerces/internal/xni/parser/XMLDTDContentModelFilter
instanceKlass com/sun/org/apache/xerces/internal/xni/parser/XMLDTDFilter
instanceKlass com/sun/org/apache/xerces/internal/xni/parser/XMLDTDScanner
instanceKlass com/sun/org/apache/xerces/internal/xni/parser/XMLDTDContentModelSource
instanceKlass com/sun/org/apache/xerces/internal/xni/parser/XMLDTDSource
instanceKlass com/sun/org/apache/xerces/internal/xni/grammars/XMLDTDDescription
instanceKlass com/sun/org/apache/xerces/internal/xni/grammars/XMLGrammarDescription
instanceKlass com/sun/org/apache/xerces/internal/impl/XMLDocumentScannerImpl$TrailingMiscDriver
instanceKlass com/sun/org/apache/xerces/internal/impl/XMLDocumentScannerImpl$PrologDriver
instanceKlass com/sun/org/apache/xerces/internal/impl/XMLDocumentScannerImpl$XMLDeclDriver
instanceKlass com/sun/org/apache/xerces/internal/util/NamespaceSupport
instanceKlass com/sun/org/apache/xerces/internal/xni/NamespaceContext
instanceKlass com/sun/org/apache/xerces/internal/util/XMLAttributesImpl$Attribute
instanceKlass com/sun/org/apache/xerces/internal/util/XMLAttributesImpl
instanceKlass com/sun/org/apache/xerces/internal/xni/XMLAttributes
instanceKlass com/sun/org/apache/xerces/internal/impl/XMLDocumentFragmentScannerImpl$FragmentContentDriver
instanceKlass com/sun/org/apache/xerces/internal/impl/XMLDocumentFragmentScannerImpl$Driver
instanceKlass com/sun/org/apache/xerces/internal/impl/XMLDocumentFragmentScannerImpl$ElementStack2
instanceKlass com/sun/org/apache/xerces/internal/xni/QName
instanceKlass com/sun/org/apache/xerces/internal/impl/XMLDocumentFragmentScannerImpl$ElementStack
instanceKlass com/sun/org/apache/xerces/internal/xni/XMLString
instanceKlass com/sun/org/apache/xerces/internal/impl/XMLScanner
instanceKlass com/sun/xml/internal/stream/XMLBufferListener
instanceKlass com/sun/org/apache/xerces/internal/impl/XMLEntityHandler
instanceKlass com/sun/org/apache/xerces/internal/xni/parser/XMLDocumentScanner
instanceKlass com/sun/org/apache/xerces/internal/xni/parser/XMLDocumentSource
instanceKlass com/sun/org/apache/xerces/internal/impl/XMLErrorReporter
instanceKlass com/sun/org/apache/xerces/internal/impl/XMLEntityScanner
instanceKlass com/sun/org/apache/xerces/internal/xni/XMLLocator
instanceKlass com/sun/xml/internal/stream/XMLEntityStorage
instanceKlass com/sun/org/apache/xerces/internal/util/AugmentationsImpl$AugmentationsItemsContainer
instanceKlass com/sun/org/apache/xerces/internal/util/AugmentationsImpl
instanceKlass com/sun/org/apache/xerces/internal/xni/Augmentations
instanceKlass com/sun/org/apache/xerces/internal/util/XMLResourceIdentifierImpl
instanceKlass com/sun/org/apache/xerces/internal/xni/XMLResourceIdentifier
instanceKlass com/sun/org/apache/xerces/internal/impl/XMLEntityManager
instanceKlass com/sun/org/apache/xerces/internal/xni/parser/XMLEntityResolver
instanceKlass com/sun/org/apache/xerces/internal/xni/parser/XMLComponent
instanceKlass com/sun/org/apache/xerces/internal/util/SymbolTable$Entry
instanceKlass com/sun/org/apache/xerces/internal/util/SymbolTable
instanceKlass jdk/xml/internal/JdkConstants
instanceKlass jdk/xml/internal/JdkXmlUtils
instanceKlass com/sun/org/apache/xerces/internal/util/ParserConfigurationSettings
instanceKlass com/sun/org/apache/xerces/internal/parsers/XML11Configurable
instanceKlass com/sun/org/apache/xerces/internal/xni/parser/XMLPullParserConfiguration
instanceKlass com/sun/org/apache/xerces/internal/xni/parser/XMLParserConfiguration
instanceKlass com/sun/org/apache/xerces/internal/xni/parser/XMLComponentManager
instanceKlass com/sun/org/apache/xerces/internal/parsers/XMLParser
instanceKlass com/sun/org/apache/xerces/internal/xni/XMLDTDContentModelHandler
instanceKlass com/sun/org/apache/xerces/internal/xni/XMLDTDHandler
instanceKlass com/sun/org/apache/xerces/internal/xni/XMLDocumentHandler
instanceKlass org/xml/sax/XMLReader
instanceKlass org/xml/sax/Parser
instanceKlass com/sun/org/apache/xerces/internal/utils/XMLSecurityPropertyManager
instanceKlass com/sun/org/apache/xerces/internal/utils/XMLSecurityManager
instanceKlass javax/xml/parsers/SAXParser
instanceKlass com/sun/org/apache/xerces/internal/xs/PSVIProvider
instanceKlass com/sun/org/apache/xerces/internal/jaxp/JAXPConstants
instanceKlass javax/xml/parsers/FactoryFinder$1
instanceKlass jdk/xml/internal/SecuritySupport
instanceKlass javax/xml/parsers/FactoryFinder
instanceKlass javax/xml/parsers/SAXParserFactory
instanceKlass ch/qos/logback/core/joran/spi/ElementPath
instanceKlass org/xml/sax/helpers/DefaultHandler
instanceKlass org/xml/sax/ErrorHandler
instanceKlass org/xml/sax/ContentHandler
instanceKlass org/xml/sax/DTDHandler
instanceKlass org/xml/sax/EntityResolver
instanceKlass ch/qos/logback/core/spi/ConfigurationEventListener
instanceKlass ch/qos/logback/core/spi/ConfigurationEvent
instanceKlass org/xml/sax/InputSource
instanceKlass java/net/URLEncoder
instanceKlass java/net/URLDecoder
instanceKlass ch/qos/logback/core/joran/util/ConfigurationWatchListUtil
instanceKlass ch/qos/logback/core/LifeCycleManager
instanceKlass ch/qos/logback/core/joran/sanity/SanityChecker
instanceKlass ch/qos/logback/core/joran/spi/RuleStore
instanceKlass com/kms/katalon/core/logging/logback/LogbackConfigurator
instanceKlass org/eclipse/core/runtime/IPath
instanceKlass com/kms/katalon/logging/LogConfigurator
instanceKlass sun/nio/fs/WindowsDirectoryStream$WindowsDirectoryIterator
instanceKlass sun/nio/fs/WindowsDirectoryStream
instanceKlass java/nio/file/FileTreeWalker$1
instanceKlass java/nio/file/FileTreeIterator
instanceKlass org/apache/commons/io/file/DeleteOption
instanceKlass org/apache/commons/io/file/PathUtils
instanceKlass org/apache/commons/io/filefilter/ConditionalFileFilter
instanceKlass org/apache/commons/io/FilenameUtils
instanceKlass org/apache/commons/io/filefilter/AbstractFileFilter
instanceKlass org/apache/commons/io/file/PathVisitor
instanceKlass org/apache/commons/io/function/Uncheck
instanceKlass java/lang/Character$Subset
instanceKlass org/apache/commons/lang3/StringUtils
instanceKlass ch/qos/logback/classic/util/LoggerNameUtil
instanceKlass org/slf4j/helpers/Reporter
instanceKlass ch/qos/logback/core/util/StatusPrinter2
instanceKlass ch/qos/logback/core/util/StatusPrinter
instanceKlass ch/qos/logback/core/status/StatusUtil
instanceKlass ch/qos/logback/core/spi/AppenderAttachableImpl
instanceKlass ch/qos/logback/core/pattern/Converter
instanceKlass ch/qos/logback/core/util/CachingDateFormatter$CacheTuple
instanceKlass ch/qos/logback/core/util/CachingDateFormatter
instanceKlass ch/qos/logback/core/util/COWArrayList
instanceKlass ch/qos/logback/core/spi/FilterAttachableImpl
instanceKlass ch/qos/logback/core/Appender
instanceKlass ch/qos/logback/core/spi/FilterAttachable
instanceKlass ch/qos/logback/core/encoder/Encoder
instanceKlass ch/qos/logback/core/Layout
instanceKlass ch/qos/logback/core/spi/ContextAwareBase
instanceKlass ch/qos/logback/core/status/StatusListener
instanceKlass ch/qos/logback/core/util/StatusListenerConfigHelper
instanceKlass ch/qos/logback/core/status/StatusBase
instanceKlass ch/qos/logback/core/util/EnvUtil
instanceKlass ch/qos/logback/classic/util/ClassicEnvUtil
instanceKlass ch/qos/logback/core/util/OptionHelper
instanceKlass ch/qos/logback/core/util/Loader
instanceKlass ch/qos/logback/classic/spi/Configurator
instanceKlass ch/qos/logback/core/spi/ContextAwareImpl
instanceKlass ch/qos/logback/classic/util/ContextInitializer$1
instanceKlass ch/qos/logback/core/spi/ContextAware
instanceKlass ch/qos/logback/classic/util/ContextInitializer
instanceKlass org/slf4j/MDC
instanceKlass ch/qos/logback/classic/util/LogbackMDCAdapter
instanceKlass ch/qos/logback/classic/Level
instanceKlass ch/qos/logback/classic/spi/ILoggingEvent
instanceKlass ch/qos/logback/core/spi/DeferredProcessingAware
instanceKlass org/slf4j/spi/LoggingEventBuilder
instanceKlass ch/qos/logback/classic/Logger
instanceKlass ch/qos/logback/core/spi/AppenderAttachable
instanceKlass org/slf4j/spi/LoggingEventAware
instanceKlass org/slf4j/spi/LocationAwareLogger
instanceKlass ch/qos/logback/classic/spi/LoggerContextVO
instanceKlass ch/qos/logback/core/spi/LogbackLock
instanceKlass ch/qos/logback/core/helpers/CyclicBuffer
instanceKlass ch/qos/logback/core/BasicStatusManager
instanceKlass ch/qos/logback/core/status/StatusManager
instanceKlass ch/qos/logback/core/status/Status
instanceKlass ch/qos/logback/core/ContextBase
instanceKlass ch/qos/logback/core/spi/LifeCycle
instanceKlass ch/qos/logback/core/Context
instanceKlass ch/qos/logback/core/spi/PropertyContainer
instanceKlass ch/qos/logback/classic/spi/LogbackServiceProvider
instanceKlass org/slf4j/helpers/Util
instanceKlass org/slf4j/helpers/NOPMDCAdapter
instanceKlass org/slf4j/helpers/NOPLoggerFactory
instanceKlass org/slf4j/helpers/NOP_FallbackServiceProvider
instanceKlass org/slf4j/helpers/ThreadLocalMapOfStacks
instanceKlass org/slf4j/helpers/BasicMDCAdapter
instanceKlass org/slf4j/Marker
instanceKlass org/slf4j/helpers/BasicMarkerFactory
instanceKlass java/util/concurrent/LinkedBlockingQueue$Node
instanceKlass java/util/concurrent/locks/AbstractQueuedSynchronizer$ConditionObject
instanceKlass java/util/concurrent/locks/Condition
instanceKlass org/slf4j/helpers/SubstituteLoggerFactory
instanceKlass org/slf4j/ILoggerFactory
instanceKlass org/slf4j/spi/MDCAdapter
instanceKlass org/slf4j/IMarkerFactory
instanceKlass org/slf4j/helpers/SubstituteServiceProvider
instanceKlass org/slf4j/event/LoggingEvent
instanceKlass org/slf4j/spi/SLF4JServiceProvider
instanceKlass org/slf4j/LoggerFactory
instanceKlass com/kms/katalon/core/context/internal/ExecutionEventManager
instanceKlass org/slf4j/Logger
instanceKlass com/kms/katalon/core/testcase/TestCaseBinding
instanceKlass groovy/util/GroovyScriptEngine
instanceKlass groovy/util/ResourceConnector
instanceKlass com/kms/katalon/core/main/TestResult
instanceKlass com/kms/katalon/core/main/TestCaseMain
instanceKlass com/google/gson/internal/LinkedTreeMap$LinkedTreeMapIterator
instanceKlass com/google/gson/internal/bind/ObjectTypeAdapter$2
instanceKlass com/google/gson/internal/LinkedTreeMap$Node
instanceKlass com/google/gson/internal/LinkedTreeMap$1
instanceKlass com/google/gson/internal/ConstructorConstructor$18
instanceKlass java/util/concurrent/ConcurrentNavigableMap
instanceKlass com/google/gson/internal/ReflectionAccessFilterHelper
instanceKlass com/google/gson/internal/reflect/ReflectionHelper$RecordHelper
instanceKlass com/google/gson/internal/reflect/ReflectionHelper
instanceKlass com/google/gson/internal/JsonReaderInternalAccess
instanceKlass com/google/gson/internal/$Gson$Preconditions
instanceKlass com/google/gson/internal/$Gson$Types$ParameterizedTypeImpl
instanceKlass com/google/gson/internal/$Gson$Types
instanceKlass com/google/gson/reflect/TypeToken
instanceKlass java/nio/channels/Channels
instanceKlass org/apache/commons/io/IOUtils
instanceKlass org/apache/commons/io/Charsets
instanceKlass org/apache/commons/io/function/IOSupplier
instanceKlass org/apache/commons/io/filefilter/IOFileFilter
instanceKlass java/nio/file/PathMatcher
instanceKlass org/apache/commons/io/file/PathFilter
instanceKlass java/io/FilenameFilter
instanceKlass java/io/FileFilter
instanceKlass org/apache/commons/io/FileUtils
instanceKlass com/google/gson/internal/bind/ReflectiveTypeAdapterFactory$BoundField
instanceKlass com/google/gson/internal/bind/ReflectiveTypeAdapterFactory
instanceKlass com/google/gson/internal/bind/JsonAdapterAnnotationTypeAdapterFactory$DummyTypeAdapterFactory
instanceKlass com/google/gson/internal/bind/JsonAdapterAnnotationTypeAdapterFactory
instanceKlass com/google/gson/internal/bind/MapTypeAdapterFactory
instanceKlass com/google/gson/internal/bind/CollectionTypeAdapterFactory
instanceKlass com/google/gson/internal/bind/ArrayTypeAdapter$1
instanceKlass com/google/gson/internal/bind/DefaultDateTypeAdapter$1
instanceKlass java/util/concurrent/atomic/AtomicLongArray
instanceKlass com/google/gson/internal/bind/NumberTypeAdapter$1
instanceKlass com/google/gson/internal/bind/ObjectTypeAdapter$1
instanceKlass com/google/gson/internal/bind/TypeAdapters$29
instanceKlass com/google/gson/internal/bind/TypeAdapters$33
instanceKlass com/google/gson/internal/bind/TypeAdapters$34
instanceKlass java/util/concurrent/atomic/AtomicBoolean
instanceKlass com/google/gson/internal/bind/TypeAdapters$32
instanceKlass com/google/gson/internal/bind/TypeAdapters$31
instanceKlass com/google/gson/internal/bind/TypeAdapters
instanceKlass com/google/gson/internal/ObjectConstructor
instanceKlass com/google/gson/internal/ConstructorConstructor
instanceKlass com/google/gson/internal/sql/SqlTimestampTypeAdapter$1
instanceKlass com/google/gson/internal/sql/SqlTimeTypeAdapter$1
instanceKlass com/google/gson/internal/sql/SqlDateTypeAdapter$1
instanceKlass java/text/Format
instanceKlass com/google/gson/internal/bind/DefaultDateTypeAdapter$DateType
instanceKlass com/google/gson/internal/sql/SqlTypesSupport
instanceKlass com/google/gson/FormattingStyle
instanceKlass com/google/gson/stream/JsonReader
instanceKlass com/google/gson/stream/JsonWriter
instanceKlass com/google/gson/Gson
instanceKlass com/google/gson/JsonElement
instanceKlass com/google/gson/TypeAdapter
instanceKlass com/google/gson/internal/Excluder
instanceKlass com/google/gson/TypeAdapterFactory
instanceKlass com/google/gson/FieldNamingStrategy
instanceKlass com/google/gson/GsonBuilder
instanceKlass java/lang/invoke/LambdaFormEditor$1
instanceKlass org/eclipse/osgi/internal/util/SupplementDebug
instanceKlass org/eclipse/osgi/util/NLS
instanceKlass sun/security/util/ManifestEntryVerifier$SunProviderHolder
instanceKlass java/util/Base64$Encoder
instanceKlass java/util/Base64$Decoder
instanceKlass java/util/Base64
instanceKlass javax/crypto/SecretKey
instanceKlass sun/security/util/Length
instanceKlass sun/security/util/KeyUtil
instanceKlass java/security/interfaces/XECKey
instanceKlass java/security/interfaces/ECKey
instanceKlass sun/security/util/JarConstraintsParameters
instanceKlass sun/security/util/ConstraintsParameters
instanceKlass java/security/Timestamp
instanceKlass sun/security/timestamp/TimestampToken
instanceKlass java/security/cert/CertPath
instanceKlass java/math/MutableBigInteger
instanceKlass sun/security/rsa/RSAPadding
instanceKlass sun/security/rsa/RSACore
instanceKlass java/security/interfaces/RSAPrivateCrtKey
instanceKlass sun/security/pkcs/PKCS8Key
instanceKlass java/security/interfaces/RSAPrivateKey
instanceKlass java/security/PrivateKey
instanceKlass javax/security/auth/Destroyable
instanceKlass sun/security/jca/ServiceId
instanceKlass java/security/Signature$1
instanceKlass jdk/internal/access/JavaSecuritySignatureAccess
instanceKlass java/security/SignatureSpi
instanceKlass jdk/internal/icu/util/CodePointTrie$Data
instanceKlass jdk/internal/icu/util/CodePointTrie$1
instanceKlass jdk/internal/icu/util/CodePointMap
instanceKlass jdk/internal/icu/util/VersionInfo
instanceKlass jdk/internal/icu/impl/ICUBinary$1
instanceKlass jdk/internal/icu/impl/ICUBinary
instanceKlass jdk/internal/icu/impl/NormalizerImpl$IsAcceptable
instanceKlass jdk/internal/icu/impl/ICUBinary$Authenticate
instanceKlass jdk/internal/icu/impl/NormalizerImpl
instanceKlass jdk/internal/icu/impl/Norm2AllModes$Norm2AllModesSingleton
instanceKlass jdk/internal/icu/impl/Norm2AllModes$NFKCSingleton
instanceKlass jdk/internal/icu/impl/Norm2AllModes
instanceKlass jdk/internal/icu/text/Normalizer2
instanceKlass jdk/internal/icu/text/NormalizerBase$ModeImpl
instanceKlass jdk/internal/icu/text/NormalizerBase$NFKDModeImpl
instanceKlass jdk/internal/icu/text/NormalizerBase$1
instanceKlass jdk/internal/icu/text/NormalizerBase$Mode
instanceKlass jdk/internal/icu/text/NormalizerBase
instanceKlass java/text/Normalizer
instanceKlass sun/security/x509/AVAKeyword
instanceKlass sun/security/util/SignatureUtil
instanceKlass sun/security/provider/ByteArrayAccess$BE
instanceKlass sun/security/pkcs/ESSCertId
instanceKlass sun/security/pkcs/SigningCertificateInfo
instanceKlass sun/security/pkcs/PKCS9Attribute
instanceKlass sun/security/pkcs/PKCS9Attributes
instanceKlass sun/security/util/DisabledAlgorithmConstraints$Constraints$Holder
instanceKlass sun/security/util/DisabledAlgorithmConstraints$1
instanceKlass sun/security/util/DisabledAlgorithmConstraints$Constraint
instanceKlass java/security/spec/ECFieldF2m
instanceKlass java/security/spec/ECParameterSpec
instanceKlass java/security/spec/ECPoint
instanceKlass java/security/spec/EllipticCurve
instanceKlass java/security/spec/ECFieldFp
instanceKlass java/security/spec/ECField
instanceKlass sun/security/util/CurveDB
instanceKlass sun/security/util/DisabledAlgorithmConstraints$Constraints
instanceKlass sun/security/util/AbstractAlgorithmConstraints$1
instanceKlass sun/security/util/AlgorithmDecomposer
instanceKlass sun/security/util/DisabledAlgorithmConstraints$JarHolder
instanceKlass sun/security/util/AbstractAlgorithmConstraints
instanceKlass java/security/AlgorithmConstraints
instanceKlass sun/security/pkcs/SignerInfo
instanceKlass java/security/cert/PolicyQualifierInfo
instanceKlass sun/security/x509/CertificatePolicyId
instanceKlass sun/security/x509/PolicyInformation
instanceKlass sun/security/x509/DistributionPoint
instanceKlass sun/security/x509/DNSName
instanceKlass sun/security/x509/URIName
instanceKlass sun/security/x509/GeneralName
instanceKlass sun/security/x509/AccessDescription
instanceKlass sun/security/x509/GeneralNames
instanceKlass jdk/internal/event/EventHelper
instanceKlass sun/security/jca/JCAUtil
instanceKlass sun/security/util/MemoryCache$CacheEntry
instanceKlass sun/security/x509/X509AttributeName
instanceKlass sun/security/x509/KeyIdentifier
instanceKlass sun/security/x509/OIDMap$OIDInfo
instanceKlass sun/security/x509/PKIXExtensions
instanceKlass sun/security/x509/OIDMap
instanceKlass sun/security/x509/Extension
instanceKlass java/security/cert/Extension
instanceKlass sun/security/x509/CertificateExtensions
instanceKlass sun/security/rsa/RSAUtil
instanceKlass sun/security/util/IOUtils
instanceKlass java/security/interfaces/RSAPublicKey
instanceKlass java/security/interfaces/RSAKey
instanceKlass java/security/spec/PSSParameterSpec
instanceKlass java/security/spec/AlgorithmParameterSpec
instanceKlass java/security/spec/RSAPrivateKeySpec
instanceKlass java/security/spec/RSAPublicKeySpec
instanceKlass java/security/KeyFactorySpi
instanceKlass sun/security/rsa/SunRsaSignEntries
instanceKlass sun/security/jca/ProviderList$ServiceList$1
instanceKlass java/security/KeyFactory
instanceKlass java/security/spec/EncodedKeySpec$1
instanceKlass jdk/internal/access/JavaSecuritySpecAccess
instanceKlass java/security/spec/EncodedKeySpec
instanceKlass java/security/spec/KeySpec
instanceKlass sun/security/util/BitArray
instanceKlass sun/security/x509/X509Key
instanceKlass java/security/PublicKey
instanceKlass java/security/Key
instanceKlass sun/security/x509/CertificateX509Key
instanceKlass sun/util/calendar/CalendarUtils
instanceKlass sun/util/calendar/CalendarDate
instanceKlass sun/security/x509/CertificateValidity
instanceKlass sun/security/x509/AVA
instanceKlass sun/security/x509/RDN
instanceKlass javax/security/auth/x500/X500Principal
instanceKlass sun/security/x509/X500Name$1
instanceKlass sun/security/x509/X500Name
instanceKlass sun/security/x509/GeneralNameInterface
instanceKlass sun/security/x509/CertificateAlgorithmId
instanceKlass sun/security/x509/SerialNumber
instanceKlass sun/security/x509/CertificateSerialNumber
instanceKlass sun/security/x509/CertificateVersion
instanceKlass sun/security/x509/X509CertInfo
instanceKlass sun/security/x509/CertAttrSet
instanceKlass sun/security/util/Cache$EqualByteArray
instanceKlass java/security/cert/X509Extension
instanceKlass sun/security/util/Cache
instanceKlass java/security/cert/CertificateFactorySpi
instanceKlass java/security/cert/CertificateFactory
instanceKlass sun/security/x509/AlgorithmId
instanceKlass sun/security/util/ByteArrayTagOrder
instanceKlass sun/security/util/ByteArrayLexOrder
instanceKlass sun/security/util/DerEncoder
instanceKlass sun/security/util/DerValue
instanceKlass sun/security/util/ObjectIdentifier
instanceKlass sun/security/pkcs/ContentInfo
instanceKlass sun/security/util/DerInputStream
instanceKlass sun/security/pkcs/PKCS7
instanceKlass sun/security/util/ManifestDigester$Section
instanceKlass sun/security/util/ManifestDigester$Entry
instanceKlass sun/security/util/ManifestDigester$Position
instanceKlass sun/security/util/ManifestDigester
instanceKlass sun/security/util/ManifestEntryVerifier
instanceKlass com/kms/katalon/core/constants/StringConstants
instanceKlass com/kms/katalon/util/collections/Pair
instanceKlass org/apache/commons/lang3/tuple/Pair
instanceKlass com/kms/katalon/core/network/ProxyInformation
instanceKlass com/kms/katalon/core/setting/VideoRecorderOption
instanceKlass com/kms/katalon/core/setting/VideoRecorderSettings
instanceKlass com/kms/katalon/core/setting/TakeScreenshotSettings
instanceKlass com/google/gson/ToNumberStrategy
instanceKlass com/kms/katalon/core/configuration/RunConfiguration
instanceKlass com/kms/katalon/core/testng/keyword/internal/TestNGDriverCleaner
instanceKlass com/kms/katalon/core/windows/keyword/contribution/WindowsDriverCleaner
instanceKlass com/kms/katalon/core/cucumber/keyword/internal/CucumberDriverCleaner
instanceKlass com/kms/katalon/core/mobile/contribution/MobileDriverCleaner
instanceKlass org/codehaus/groovy/vmplugin/v8/TypeHelper
instanceKlass com/kms/katalon/core/webui/contribution/WebUiDriverCleaner
instanceKlass java/lang/invoke/MethodHandleImpl$Makers$2
instanceKlass java/lang/invoke/MethodHandleImpl$Makers$1
instanceKlass java/lang/invoke/MethodHandleImpl$Makers
instanceKlass java/util/AbstractList$Itr
instanceKlass java/util/AbstractList$SubList$1
instanceKlass org/codehaus/groovy/vmplugin/v8/IndyGuardsFiltersAndSignatures
instanceKlass com/kms/katalon/core/driver/internal/IDriverCleaner
instanceKlass org/codehaus/groovy/vmplugin/v8/Selector$1
instanceKlass org/codehaus/groovy/vmplugin/v8/Selector
instanceKlass org/codehaus/groovy/vmplugin/v8/IndyInterface$FallbackSupplier
instanceKlass java/lang/StrictMath
instanceKlass java/lang/invoke/DirectMethodHandle$1
instanceKlass java/lang/invoke/SwitchPoint
instanceKlass org/codehaus/groovy/vmplugin/v8/MethodHandleWrapper
instanceKlass java/lang/invoke/ClassSpecializer$Factory$1Var
instanceKlass sun/invoke/util/ValueConversions$1
instanceKlass sun/invoke/util/ValueConversions$WrapperCache
instanceKlass com/kms/katalon/core/driver/internal/DriverCleanerCollector
instanceKlass java/security/PermissionsEnumerator
instanceKlass groovy/lang/GroovyClassLoader$2
instanceKlass groovyjarjarasm/asm/Handler
instanceKlass org/codehaus/groovy/classgen/asm/MopWriter$MopKey
instanceKlass org/codehaus/groovy/classgen/asm/BytecodeHelper$PrimitiveTypeHandler
instanceKlass org/codehaus/groovy/classgen/asm/BytecodeVariable
instanceKlass groovyjarjarasm/asm/Edge
instanceKlass org/codehaus/groovy/classgen/asm/CompileStack$StateStackElement
instanceKlass groovyjarjarasm/asm/Frame
instanceKlass java/util/stream/Nodes$ArrayNode
instanceKlass org/codehaus/groovy/classgen/asm/StatementMetaTypeChooser
instanceKlass org/codehaus/groovy/classgen/asm/CompileStack
instanceKlass org/codehaus/groovy/classgen/asm/MethodPointerExpressionWriter
instanceKlass org/codehaus/groovy/classgen/asm/ClosureWriter
instanceKlass org/codehaus/groovy/classgen/asm/AssertionWriter
instanceKlass org/codehaus/groovy/classgen/asm/OperandStack
instanceKlass org/codehaus/groovy/classgen/asm/UnaryExpressionHelper
instanceKlass org/codehaus/groovy/vmplugin/v8/IndyInterface
instanceKlass org/codehaus/groovy/runtime/typehandling/ShortTypeHandling
instanceKlass jdk/internal/vm/annotation/ForceInline
instanceKlass java/lang/Class$EnclosingMethodInfo
instanceKlass sun/reflect/generics/reflectiveObjects/GenericArrayTypeImpl
instanceKlass org/codehaus/groovy/classgen/asm/TypeChooser
instanceKlass org/codehaus/groovy/classgen/asm/StatementWriter
instanceKlass org/codehaus/groovy/classgen/asm/BinaryExpressionHelper
instanceKlass org/codehaus/groovy/classgen/asm/CallSiteWriter
instanceKlass org/codehaus/groovy/classgen/asm/InvocationWriter
instanceKlass org/codehaus/groovy/classgen/asm/WriterControllerFactory
instanceKlass org/codehaus/groovy/classgen/asm/MethodCaller
instanceKlass org/codehaus/groovy/classgen/asm/MethodCallerMultiAdapter
instanceKlass org/codehaus/groovy/runtime/ScriptBytecodeAdapter
instanceKlass groovyjarjarasm/asm/ByteVector
instanceKlass groovyjarjarasm/asm/Symbol
instanceKlass groovyjarjarasm/asm/SymbolTable
instanceKlass groovyjarjarasm/asm/ModuleVisitor
instanceKlass groovyjarjarasm/asm/RecordComponentVisitor
instanceKlass org/codehaus/groovy/classgen/Verifier$1
instanceKlass org/apache/groovy/util/concurrent/concurrentlinkedhashmap/Linked
instanceKlass org/apache/groovy/util/concurrent/concurrentlinkedhashmap/Weigher
instanceKlass org/apache/groovy/util/concurrent/concurrentlinkedhashmap/Weighers
instanceKlass org/apache/groovy/util/concurrent/concurrentlinkedhashmap/EntryWeigher
instanceKlass org/apache/groovy/util/concurrent/concurrentlinkedhashmap/EvictionListener
instanceKlass org/apache/groovy/util/concurrent/concurrentlinkedhashmap/ConcurrentLinkedHashMap$Builder
instanceKlass org/codehaus/groovy/runtime/memoize/ConcurrentCommonCache
instanceKlass org/codehaus/groovy/ast/tools/GenericsUtils
instanceKlass org/apache/groovy/ast/tools/ClassNodeUtils
instanceKlass org/codehaus/groovy/classgen/ReturnAdder$ReturnStatementListener
instanceKlass org/codehaus/groovy/classgen/ReturnAdder
instanceKlass org/codehaus/groovy/classgen/asm/WriterController
instanceKlass org/codehaus/groovy/classgen/asm/MopWriter$Factory
instanceKlass org/codehaus/groovy/classgen/asm/MopWriter
instanceKlass org/apache/groovy/ast/tools/ConstructorNodeUtils
instanceKlass org/codehaus/groovy/classgen/asm/OptimizingStatementWriter$ClassNodeSkip
instanceKlass org/codehaus/groovy/classgen/Verifier$DefaultArgsAction
instanceKlass org/codehaus/groovy/classgen/FinalVariableAnalyzer$VariableNotFinalCallback
instanceKlass org/codehaus/groovy/classgen/Verifier
instanceKlass org/codehaus/groovy/runtime/typehandling/DefaultTypeTransformation
instanceKlass org/codehaus/groovy/classgen/asm/BytecodeHelper
instanceKlass org/codehaus/groovy/classgen/BytecodeInstruction
instanceKlass groovy/transform/CompileStatic
instanceKlass org/codehaus/groovy/transform/trait/TraitComposer
instanceKlass org/codehaus/groovy/transform/AnnotationCollectorTransform$ClassChanger
instanceKlass org/apache/groovy/ast/tools/ExpressionUtils
instanceKlass groovyjarjarasm/asm/signature/SignatureReader
instanceKlass groovyjarjarasm/asm/signature/SignatureVisitor
instanceKlass org/codehaus/groovy/ast/decompiled/ClassSignatureParser
instanceKlass groovy/transform/SelfType
instanceKlass groovy/lang/GeneratedGroovyProxy
instanceKlass groovy/transform/Trait
instanceKlass org/codehaus/groovy/transform/trait/Traits$TraitBridge
instanceKlass org/codehaus/groovy/transform/trait/Traits
instanceKlass org/codehaus/groovy/control/ClassNodeResolver$LookupResult
instanceKlass org/codehaus/groovy/ast/decompiled/AsmReferenceResolver
instanceKlass groovyjarjarasm/asm/Handle
instanceKlass groovyjarjarasm/asm/Label
instanceKlass groovyjarjarasm/asm/Context
instanceKlass groovyjarjarasm/asm/Attribute
instanceKlass groovyjarjarasm/asm/ClassReader
instanceKlass groovyjarjarasm/asm/FieldVisitor
instanceKlass groovyjarjarasm/asm/MethodVisitor
instanceKlass org/codehaus/groovy/ast/decompiled/AsmDecompiler$StubCache
instanceKlass groovyjarjarasm/asm/AnnotationVisitor
instanceKlass org/codehaus/groovy/ast/decompiled/AsmDecompiler
instanceKlass org/codehaus/groovy/ast/decompiled/MemberStub
instanceKlass org/apache/groovy/util/concurrent/LazyInitializable
instanceKlass org/codehaus/groovy/ast/GenericsType$GenericsTypeName
instanceKlass org/codehaus/groovy/ast/DynamicVariable
instanceKlass org/apache/groovy/ast/tools/MethodNodeUtils
instanceKlass org/codehaus/groovy/classgen/VariableScopeVisitor$StateStackElement
instanceKlass groovy/grape/Grape
instanceKlass groovy/transform/stc/ClosureSignatureHint
instanceKlass groovy/transform/stc/ClosureSignatureConflictResolver
instanceKlass groovy/transform/stc/ClosureParams
instanceKlass org/codehaus/groovy/macro/matcher/internal/MatchingConstraintsBuilder
instanceKlass org/codehaus/groovy/macro/matcher/MatchingConstraints
instanceKlass groovy/transform/Internal
instanceKlass groovy/transform/Generated
instanceKlass sun/reflect/generics/tree/BooleanSignature
instanceKlass org/apache/groovy/lang/annotation/Incubating
instanceKlass org/codehaus/groovy/macro/methods/MacroGroovyMethods$MacroValuePlaceholder
instanceKlass groovy/lang/DelegatesTo$Target
instanceKlass groovy/lang/DelegatesTo
instanceKlass sun/reflect/generics/tree/VoidDescriptor
instanceKlass org/codehaus/groovy/macro/runtime/Macro
instanceKlass org/codehaus/groovy/transform/stc/AbstractExtensionMethodCache
instanceKlass java/util/LinkedList$LLSpliterator
instanceKlass java/util/function/BiPredicate
instanceKlass org/codehaus/groovy/ast/tools/ParameterUtils
instanceKlass org/codehaus/groovy/syntax/Types
instanceKlass org/codehaus/groovy/syntax/CSTNode
instanceKlass org/codehaus/groovy/ast/tools/GeneralUtils
instanceKlass org/codehaus/groovy/reflection/AccessPermissionChecker
instanceKlass org/codehaus/groovy/runtime/metaclass/MetaMethodIndex$CacheEntry
instanceKlass org/codehaus/groovy/runtime/wrappers/Wrapper
instanceKlass java/util/regex/Pattern$1
instanceKlass org/codehaus/groovy/control/SourceExtensionHandler
instanceKlass org/codehaus/groovy/util/ListHashMap
instanceKlass groovyjarjarasm/asm/Type
instanceKlass org/codehaus/groovy/classgen/asm/util/TypeUtil
instanceKlass java/util/stream/Sink$ChainedInt
instanceKlass java/util/stream/Sink$OfInt
instanceKlass java/util/function/IntConsumer
instanceKlass java/lang/StringLatin1$CharsSpliterator
instanceKlass org/apache/groovy/parser/antlr4/util/StringUtils
instanceKlass org/apache/groovy/parser/antlr4/util/PositionConfigureUtils
instanceKlass java/util/concurrent/atomic/AtomicReferenceArray
instanceKlass org/apache/groovy/parser/antlr4/GroovyLexer$Paren
instanceKlass groovyjarjarantlr4/v4/runtime/atn/ConflictInfo
instanceKlass groovyjarjarantlr4/v4/runtime/misc/Utils
instanceKlass java/util/concurrent/atomic/AtomicIntegerArray
instanceKlass groovyjarjarantlr4/v4/runtime/tree/TerminalNodeImpl
instanceKlass groovyjarjarantlr4/v4/runtime/atn/LexerIndexedCustomAction
instanceKlass groovyjarjarantlr4/v4/runtime/atn/SimulatorState
instanceKlass groovyjarjarantlr4/v4/runtime/atn/PredictionContextCache$IdentityCommutativePredictionContextOperands
instanceKlass groovyjarjarantlr4/v4/runtime/atn/PredictionContextCache$PredictionContextAndInt
instanceKlass groovyjarjarantlr4/v4/runtime/CommonToken
instanceKlass groovyjarjarantlr4/v4/runtime/WritableToken
instanceKlass groovyjarjarantlr4/v4/runtime/dfa/AcceptStateInfo
instanceKlass groovyjarjarantlr4/v4/runtime/atn/LexerActionExecutor
instanceKlass groovyjarjarantlr4/v4/runtime/atn/ATNConfigSet$ATNConfigSetIterator
instanceKlass groovyjarjarantlr4/v4/runtime/misc/FlexibleHashMap$Entry
instanceKlass groovyjarjarantlr4/v4/runtime/misc/AbstractEqualityComparator
instanceKlass groovyjarjarantlr4/v4/runtime/misc/EqualityComparator
instanceKlass groovyjarjarantlr4/v4/runtime/misc/FlexibleHashMap
instanceKlass groovyjarjarantlr4/v4/runtime/atn/PredictionContextCache
instanceKlass groovyjarjarantlr4/v4/runtime/atn/ATNConfig
instanceKlass groovyjarjarantlr4/v4/runtime/misc/MurmurHash
instanceKlass groovyjarjarantlr4/v4/runtime/atn/PredictionContext
instanceKlass org/apache/groovy/parser/antlr4/TryWithResourcesASTTransformation
instanceKlass org/apache/groovy/parser/antlr4/GroovydocManager
instanceKlass groovyjarjarantlr4/v4/runtime/atn/ParserATNSimulator$1
instanceKlass groovyjarjarantlr4/v4/runtime/atn/SemanticContext
instanceKlass groovyjarjarantlr4/v4/runtime/DefaultErrorStrategy
instanceKlass groovyjarjarantlr4/v4/runtime/BufferedTokenStream
instanceKlass groovyjarjarantlr4/v4/runtime/tree/ErrorNode
instanceKlass groovyjarjarantlr4/v4/runtime/tree/TerminalNode
instanceKlass groovyjarjarantlr4/v4/runtime/tree/ParseTreeListener
instanceKlass groovyjarjarantlr4/v4/runtime/ParserErrorListener
instanceKlass org/apache/groovy/parser/antlr4/internal/atnmanager/AtnManager$AtnWrapper
instanceKlass org/apache/groovy/parser/antlr4/internal/atnmanager/AtnManager
instanceKlass groovyjarjarantlr4/v4/runtime/atn/LexerATNSimulator$SimState
instanceKlass groovyjarjarantlr4/v4/runtime/dfa/DFAState
instanceKlass groovyjarjarantlr4/v4/runtime/atn/ATNConfigSet
instanceKlass groovyjarjarantlr4/v4/runtime/misc/IntegerList
instanceKlass groovyjarjarantlr4/v4/runtime/Token
instanceKlass groovyjarjarantlr4/v4/runtime/CommonTokenFactory
instanceKlass groovyjarjarantlr4/v4/runtime/TokenFactory
instanceKlass groovyjarjarantlr4/v4/runtime/ConsoleErrorListener
instanceKlass groovyjarjarantlr4/v4/runtime/atn/LexerSkipAction
instanceKlass groovyjarjarantlr4/v4/runtime/atn/LexerCustomAction
instanceKlass groovyjarjarantlr4/v4/runtime/atn/LexerMoreAction
instanceKlass groovyjarjarantlr4/v4/runtime/atn/LexerPopModeAction
instanceKlass groovyjarjarantlr4/v4/runtime/atn/LexerTypeAction
instanceKlass groovyjarjarantlr4/v4/runtime/atn/LexerPushModeAction
instanceKlass groovyjarjarantlr4/v4/runtime/atn/ATNDeserializer$3
instanceKlass groovyjarjarantlr4/v4/runtime/misc/Tuple3
instanceKlass groovyjarjarantlr4/v4/runtime/atn/ATNDeserializer$2
instanceKlass groovyjarjarantlr4/v4/runtime/misc/Interval
instanceKlass groovyjarjarantlr4/v4/runtime/misc/IntervalSet
instanceKlass groovyjarjarantlr4/v4/runtime/atn/ATNDeserializer$1
instanceKlass java/util/concurrent/atomic/AtomicReference
instanceKlass groovyjarjarantlr4/v4/runtime/dfa/AbstractEdgeMap
instanceKlass groovyjarjarantlr4/v4/runtime/dfa/EdgeMap
instanceKlass groovyjarjarantlr4/v4/runtime/dfa/DFASerializer
instanceKlass groovyjarjarantlr4/v4/runtime/misc/Tuple2
instanceKlass groovyjarjarantlr4/v4/runtime/misc/Tuple
instanceKlass groovyjarjarantlr4/v4/runtime/dfa/DFA
instanceKlass groovyjarjarantlr4/v4/runtime/atn/ATN
instanceKlass groovyjarjarantlr4/v4/runtime/atn/ATNDeserializationOptions
instanceKlass groovyjarjarantlr4/v4/runtime/atn/LexerAction
instanceKlass groovyjarjarantlr4/v4/runtime/misc/IntSet
instanceKlass groovyjarjarantlr4/v4/runtime/atn/Transition
instanceKlass groovyjarjarantlr4/v4/runtime/atn/ATNState
instanceKlass groovyjarjarantlr4/v4/runtime/atn/ATNDeserializer$UnicodeDeserializer
instanceKlass groovyjarjarantlr4/v4/runtime/atn/ATNDeserializer
instanceKlass java/util/DualPivotQuicksort
instanceKlass groovyjarjarantlr4/v4/runtime/VocabularyImpl
instanceKlass groovyjarjarantlr4/v4/runtime/Vocabulary
instanceKlass groovyjarjarantlr4/v4/runtime/atn/ATNSimulator
instanceKlass groovyjarjarantlr4/v4/runtime/Recognizer
instanceKlass org/apache/groovy/parser/antlr4/SyntaxErrorReportable
instanceKlass groovyjarjarantlr4/v4/runtime/CodePointCharStream$1
instanceKlass groovyjarjarantlr4/v4/runtime/CodePointCharStream
instanceKlass groovyjarjarantlr4/v4/runtime/UnicodeCharStream
instanceKlass groovyjarjarantlr4/v4/runtime/CodePointBuffer$1
instanceKlass groovyjarjarantlr4/v4/runtime/CodePointBuffer$Builder
instanceKlass groovyjarjarantlr4/v4/runtime/CodePointBuffer
instanceKlass org/codehaus/groovy/ast/VariableScope
instanceKlass java/lang/Byte$ByteCache
instanceKlass java/lang/Short$ShortCache
instanceKlass groovyjarjarantlr4/v4/runtime/ANTLRErrorListener
instanceKlass groovyjarjarantlr4/v4/runtime/CharStream
instanceKlass groovyjarjarantlr4/v4/runtime/RuleContext
instanceKlass groovyjarjarantlr4/v4/runtime/ANTLRErrorStrategy
instanceKlass groovyjarjarantlr4/v4/runtime/TokenStream
instanceKlass groovyjarjarantlr4/v4/runtime/IntStream
instanceKlass groovyjarjarantlr4/v4/runtime/TokenSource
instanceKlass groovyjarjarantlr4/v4/runtime/tree/RuleNode
instanceKlass groovyjarjarantlr4/v4/runtime/tree/ParseTree
instanceKlass groovyjarjarantlr4/v4/runtime/tree/SyntaxTree
instanceKlass groovyjarjarantlr4/v4/runtime/tree/Tree
instanceKlass groovyjarjarantlr4/v4/runtime/tree/AbstractParseTreeVisitor
instanceKlass org/apache/groovy/parser/antlr4/GroovyParserVisitor
instanceKlass groovyjarjarantlr4/v4/runtime/tree/ParseTreeVisitor
instanceKlass org/apache/groovy/parser/antlr4/Antlr4ParserPlugin
instanceKlass org/codehaus/groovy/control/ParserPlugin
instanceKlass org/codehaus/groovy/control/ParserPluginFactory
instanceKlass org/codehaus/groovy/control/CompilationUnit$ProgressCallback
instanceKlass groovy/lang/GroovyClassLoader$ClassCollector
instanceKlass org/codehaus/groovy/control/io/AbstractReaderSource
instanceKlass org/codehaus/groovy/transform/ASTTransformationVisitor$1
instanceKlass groovy/lang/GrabResolver
instanceKlass groovy/lang/Grapes
instanceKlass groovy/lang/GrabConfig
instanceKlass groovy/lang/GrabExclude
instanceKlass groovy/lang/Grab
instanceKlass org/codehaus/groovy/macro/transform/MacroClass
instanceKlass groovy/transform/CompilationUnitAware
instanceKlass org/codehaus/groovy/transform/GroovyASTTransformation
instanceKlass org/codehaus/groovy/ast/MethodCallTransformation
instanceKlass org/codehaus/groovy/transform/ASTTransformation
instanceKlass java/lang/invoke/MethodHandle$1
instanceKlass org/codehaus/groovy/tools/GroovyClass
instanceKlass org/codehaus/groovy/classgen/GeneratorContext
instanceKlass org/codehaus/groovy/ast/CompileUnit
instanceKlass org/codehaus/groovy/control/ASTTransformationsContext
instanceKlass org/codehaus/groovy/control/CompilationUnit$3
instanceKlass groovy/lang/GroovyInterceptable
instanceKlass java/lang/invoke/SerializedLambda
instanceKlass org/codehaus/groovy/util/AbstractConcurrentMap$Entry
instanceKlass org/codehaus/groovy/util/AbstractConcurrentMapBase$Entry
instanceKlass org/codehaus/groovy/ast/ClassHelper$ClassHelperCache
instanceKlass org/codehaus/groovy/runtime/GeneratedLambda
instanceKlass org/codehaus/groovy/ast/ClassHelper
instanceKlass org/codehaus/groovy/ast/ClassNode$MapOfLists
instanceKlass org/codehaus/groovy/control/ClassNodeResolver
instanceKlass org/codehaus/groovy/control/CompilationUnit$IGroovyClassOperation
instanceKlass org/codehaus/groovy/control/CompilationUnit$ISourceUnitOperation
instanceKlass org/codehaus/groovy/control/io/ReaderSource
instanceKlass org/codehaus/groovy/control/HasCleanup
instanceKlass org/codehaus/groovy/runtime/memoize/MemoizeCache$ValueProvider
instanceKlass org/codehaus/groovy/runtime/EncodingGroovyMethods$2
instanceKlass sun/security/provider/ByteArrayAccess
instanceKlass java/lang/constant/DirectMethodHandleDesc$1
instanceKlass java/lang/constant/DirectMethodHandleDescImpl$1
instanceKlass java/lang/constant/DirectMethodHandleDescImpl
instanceKlass java/lang/constant/DirectMethodHandleDesc
instanceKlass java/lang/constant/MethodHandleDesc$1
instanceKlass java/lang/constant/MethodHandleDesc
instanceKlass java/lang/constant/MethodTypeDescImpl
instanceKlass java/lang/constant/MethodTypeDesc
instanceKlass java/lang/constant/ReferenceClassDescImpl
instanceKlass java/lang/constant/ConstantUtils
instanceKlass java/lang/constant/ConstantDescs
instanceKlass java/lang/invoke/VarHandle$2
instanceKlass java/lang/invoke/VarHandle$TypesAndInvokers
instanceKlass java/lang/invoke/VarHandleByteArrayBase
instanceKlass sun/security/provider/ByteArrayAccess$LE
instanceKlass sun/security/util/MessageDigestSpi2
instanceKlass sun/security/jca/GetInstance$Instance
instanceKlass jdk/internal/event/Event
instanceKlass sun/security/util/SecurityProviderConstants
instanceKlass java/security/Provider$UString
instanceKlass java/security/Provider$Service
instanceKlass sun/security/provider/NativePRNG$NonBlocking
instanceKlass sun/security/provider/NativePRNG$Blocking
instanceKlass sun/security/provider/NativePRNG
instanceKlass sun/security/provider/SunEntries$1
instanceKlass sun/security/provider/SunEntries
instanceKlass sun/security/jca/ProviderList$2
instanceKlass jdk/internal/math/FloatingDecimal$ASCIIToBinaryBuffer
instanceKlass javax/security/auth/login/Configuration$Parameters
instanceKlass java/security/Policy$Parameters
instanceKlass java/security/cert/CertStoreParameters
instanceKlass java/security/SecureRandomParameters
instanceKlass java/security/Provider$EngineDescription
instanceKlass java/security/Provider$ServiceKey
instanceKlass sun/security/jca/ProviderConfig
instanceKlass sun/security/jca/ProviderList
instanceKlass sun/security/jca/Providers
instanceKlass sun/security/jca/GetInstance
instanceKlass java/security/MessageDigestSpi
instanceKlass groovy/util/CharsetToolkit
instanceKlass groovy/ui/GroovyMain$1DoSetContext
instanceKlass groovy/lang/GroovyCodeSource
instanceKlass groovyjarjarpicocli/CommandLine$ParseResult$GroupValidationResult
instanceKlass jdk/internal/math/FloatingDecimal$PreparedASCIIToBinaryBuffer
instanceKlass jdk/internal/math/FloatingDecimal$ASCIIToBinaryConverter
instanceKlass jdk/internal/math/FloatingDecimal$BinaryToASCIIBuffer
instanceKlass jdk/internal/math/FloatingDecimal$ExceptionalBinaryToASCIIBuffer
instanceKlass jdk/internal/math/FloatingDecimal$BinaryToASCIIConverter
instanceKlass jdk/internal/math/FloatingDecimal
instanceKlass groovyjarjarpicocli/CommandLine$ParseResult$GroupMatch
instanceKlass groovyjarjarpicocli/CommandLine$ParseResult$GroupMatchContainer
instanceKlass groovyjarjarpicocli/CommandLine$ParseResult$Builder
instanceKlass groovyjarjarpicocli/CommandLine$ParseResult
instanceKlass java/util/Collections$ReverseComparator2
instanceKlass java/util/Collections$ReverseComparator
instanceKlass groovyjarjarpicocli/CommandLine$Help$ShortestFirst
instanceKlass groovyjarjarpicocli/CommandLine$PositionalParametersSorter
instanceKlass jdk/internal/reflect/UnsafeFieldAccessorFactory
instanceKlass groovyjarjarpicocli/CommandLine$Model$UnmatchedArgsBinding
instanceKlass jdk/internal/reflect/ClassDefiner$1
instanceKlass jdk/internal/reflect/ClassDefiner
instanceKlass jdk/internal/reflect/MethodAccessorGenerator$1
instanceKlass jdk/internal/reflect/Label$PatchInfo
instanceKlass jdk/internal/reflect/Label
instanceKlass jdk/internal/reflect/UTF8
instanceKlass jdk/internal/reflect/ClassFileAssembler
instanceKlass jdk/internal/reflect/ByteVectorImpl
instanceKlass jdk/internal/reflect/ByteVector
instanceKlass jdk/internal/reflect/ByteVectorFactory
instanceKlass jdk/internal/reflect/AccessorGenerator
instanceKlass jdk/internal/reflect/ClassFileConstants
instanceKlass groovyjarjarpicocli/CommandLine$Model$ObjectBinding
instanceKlass groovyjarjarpicocli/CommandLine$Model$ArgSpec$Builder
instanceKlass groovyjarjarpicocli/CommandLine$Model$FieldBinding
instanceKlass groovyjarjarpicocli/CommandLine$Model$RuntimeTypeInfo
instanceKlass groovyjarjarpicocli/CommandLine$Model$ITypeInfo
instanceKlass groovyjarjarpicocli/CommandLine$Range
instanceKlass groovyjarjarpicocli/CommandLine$NullParameterConsumer
instanceKlass groovyjarjarpicocli/CommandLine$IParameterConsumer
instanceKlass groovyjarjarpicocli/CommandLine$NoCompletionCandidates
instanceKlass groovyjarjarpicocli/CommandLine$Model$CommandReflection$1
instanceKlass groovyjarjarpicocli/CommandLine$Model$ObjectScope
instanceKlass groovyjarjarpicocli/CommandLine$Model
instanceKlass groovy/ui/GroovyMain$VersionProvider
instanceKlass groovyjarjarpicocli/CommandLine$NoOpModelTransformer
instanceKlass groovyjarjarpicocli/CommandLine$IModelTransformer
instanceKlass groovyjarjarpicocli/CommandLine$NoDefaultProvider
instanceKlass groovyjarjarpicocli/CommandLine$IDefaultValueProvider
instanceKlass groovyjarjarpicocli/CommandLine$NoVersionProvider
instanceKlass groovyjarjarpicocli/CommandLine$IVersionProvider
instanceKlass groovyjarjarpicocli/CommandLine$ParentCommand
instanceKlass groovyjarjarpicocli/CommandLine$Spec
instanceKlass groovyjarjarpicocli/CommandLine$Mixin
instanceKlass groovyjarjarpicocli/CommandLine$Unmatched
instanceKlass groovyjarjarpicocli/CommandLine$ArgGroup
instanceKlass groovyjarjarpicocli/CommandLine$Parameters
instanceKlass groovyjarjarpicocli/CommandLine$Option
instanceKlass groovyjarjarpicocli/CommandLine$Model$MethodBinding
instanceKlass groovyjarjarpicocli/CommandLine$Model$TypedMember
instanceKlass groovyjarjarpicocli/CommandLine$Model$IExtensible
instanceKlass groovyjarjarpicocli/CommandLine$3
instanceKlass java/util/Vector$Itr
instanceKlass groovyjarjarpicocli/CommandLine$NoOpParameterPreprocessor
instanceKlass groovyjarjarpicocli/CommandLine$RegexTransformer$Builder
instanceKlass groovyjarjarpicocli/CommandLine$Model$UsageMessageSpec$19
instanceKlass groovyjarjarpicocli/CommandLine$Model$UsageMessageSpec$18
instanceKlass groovyjarjarpicocli/CommandLine$Model$UsageMessageSpec$17
instanceKlass groovyjarjarpicocli/CommandLine$Model$UsageMessageSpec$16
instanceKlass groovyjarjarpicocli/CommandLine$Model$UsageMessageSpec$15
instanceKlass groovyjarjarpicocli/CommandLine$Model$UsageMessageSpec$14
instanceKlass groovyjarjarpicocli/CommandLine$Model$UsageMessageSpec$13
instanceKlass groovyjarjarpicocli/CommandLine$Model$UsageMessageSpec$12
instanceKlass groovyjarjarpicocli/CommandLine$Model$UsageMessageSpec$11
instanceKlass groovyjarjarpicocli/CommandLine$Model$UsageMessageSpec$10
instanceKlass groovyjarjarpicocli/CommandLine$Model$UsageMessageSpec$9
instanceKlass groovyjarjarpicocli/CommandLine$Model$UsageMessageSpec$8
instanceKlass groovyjarjarpicocli/CommandLine$Model$UsageMessageSpec$7
instanceKlass groovyjarjarpicocli/CommandLine$Model$UsageMessageSpec$6
instanceKlass groovyjarjarpicocli/CommandLine$Model$UsageMessageSpec$5
instanceKlass groovyjarjarpicocli/CommandLine$Model$UsageMessageSpec$4
instanceKlass groovyjarjarpicocli/CommandLine$Model$UsageMessageSpec$3
instanceKlass groovyjarjarpicocli/CommandLine$Model$UsageMessageSpec$2
instanceKlass groovyjarjarpicocli/CommandLine$IHelpSectionRenderer
instanceKlass groovyjarjarpicocli/CommandLine$IHelpFactory
instanceKlass groovyjarjarpicocli/CommandLine$Model$UsageMessageSpec
instanceKlass groovyjarjarpicocli/CommandLine$Model$Interpolator$4
instanceKlass groovyjarjarpicocli/CommandLine$Model$Interpolator$3
instanceKlass groovyjarjarpicocli/CommandLine$Model$Interpolator$2
instanceKlass groovyjarjarpicocli/CommandLine$Model$Interpolator$1
instanceKlass groovyjarjarpicocli/CommandLine$Model$Interpolator$ILookup
instanceKlass groovyjarjarpicocli/CommandLine$Model$Interpolator
instanceKlass groovyjarjarpicocli/CommandLine$Model$ParserSpec
instanceKlass groovyjarjarpicocli/CommandLine$Model$CommandUserObject
instanceKlass groovyjarjarpicocli/CommandLine$Model$IAnnotatedElement
instanceKlass groovyjarjarpicocli/CommandLine$Model$Predicate
instanceKlass groovyjarjarpicocli/CommandLine$Command
instanceKlass groovyjarjarpicocli/CommandLine$Model$IScope
instanceKlass groovyjarjarpicocli/CommandLine$Model$ISetter
instanceKlass groovyjarjarpicocli/CommandLine$Model$IGetter
instanceKlass groovyjarjarpicocli/CommandLine$Model$CommandReflection
instanceKlass groovyjarjarpicocli/CommandLine$IParameterPreprocessor
instanceKlass groovyjarjarpicocli/CommandLine$Model$CommandSpec
instanceKlass java/time/format/DateTimeFormatterBuilder$TextPrinterParser
instanceKlass java/time/format/DateTimeTextProvider$1
instanceKlass java/time/format/DateTimeTextProvider
instanceKlass java/util/AbstractMap$SimpleImmutableEntry
instanceKlass java/time/format/DateTimeTextProvider$LocaleStore
instanceKlass java/time/format/DateTimeFormatterBuilder$InstantPrinterParser
instanceKlass java/time/format/DateTimeFormatterBuilder$ZoneIdPrinterParser
instanceKlass java/time/format/DateTimeFormatterBuilder$OffsetIdPrinterParser
instanceKlass java/time/format/DecimalStyle
instanceKlass java/time/format/DateTimeFormatterBuilder$CompositePrinterParser
instanceKlass java/time/format/DateTimeFormatterBuilder$CharLiteralPrinterParser
instanceKlass java/time/format/DateTimeFormatterBuilder$NumberPrinterParser
instanceKlass java/time/format/DateTimeFormatterBuilder$StringLiteralPrinterParser
instanceKlass java/time/format/DateTimeFormatterBuilder$DateTimePrinterParser
instanceKlass java/time/temporal/JulianFields
instanceKlass java/time/temporal/IsoFields
instanceKlass java/lang/Character$CharacterCache
instanceKlass java/time/format/DateTimeFormatterBuilder
instanceKlass java/time/Clock
instanceKlass java/time/InstantSource
instanceKlass groovyjarjarpicocli/CommandLine$BuiltIn$ReflectionConverter
instanceKlass java/sql/DriverAction
instanceKlass java/sql/Driver
instanceKlass java/sql/DriverManager
instanceKlass java/sql/Connection
instanceKlass groovyjarjarpicocli/CommandLine$BuiltIn$ISO8601TimeConverter
instanceKlass sun/util/calendar/CalendarSystem$GregorianHolder
instanceKlass sun/util/calendar/CalendarSystem
instanceKlass groovyjarjarpicocli/CommandLine$BuiltIn
instanceKlass groovyjarjarpicocli/CommandLine$BuiltIn$NetworkInterfaceConverter
instanceKlass java/net/NetworkInterface
instanceKlass groovyjarjarpicocli/CommandLine$BuiltIn$ClassConverter
instanceKlass groovyjarjarpicocli/CommandLine$BuiltIn$ByteOrderConverter
instanceKlass groovyjarjarpicocli/CommandLine$BuiltIn$TimeZoneConverter
instanceKlass groovyjarjarpicocli/CommandLine$BuiltIn$CurrencyConverter
instanceKlass java/util/Currency
instanceKlass groovyjarjarpicocli/CommandLine$BuiltIn$UUIDConverter
instanceKlass java/util/UUID
instanceKlass groovyjarjarpicocli/CommandLine$BuiltIn$PatternConverter
instanceKlass groovyjarjarpicocli/CommandLine$BuiltIn$InetAddressConverter
instanceKlass java/net/InetAddress
instanceKlass groovyjarjarpicocli/CommandLine$BuiltIn$CharsetConverter
instanceKlass groovyjarjarpicocli/CommandLine$BuiltIn$BigIntegerConverter
instanceKlass groovyjarjarpicocli/CommandLine$BuiltIn$BigDecimalConverter
instanceKlass groovyjarjarpicocli/CommandLine$BuiltIn$ISO8601DateConverter
instanceKlass groovyjarjarpicocli/CommandLine$BuiltIn$URLConverter
instanceKlass groovyjarjarpicocli/CommandLine$BuiltIn$URIConverter
instanceKlass groovyjarjarpicocli/CommandLine$BuiltIn$FileConverter
instanceKlass groovyjarjarpicocli/CommandLine$BuiltIn$DoubleConverter
instanceKlass groovyjarjarpicocli/CommandLine$BuiltIn$FloatConverter
instanceKlass groovyjarjarpicocli/CommandLine$BuiltIn$LongConverter
instanceKlass groovyjarjarpicocli/CommandLine$BuiltIn$IntegerConverter
instanceKlass groovyjarjarpicocli/CommandLine$BuiltIn$ShortConverter
instanceKlass groovyjarjarpicocli/CommandLine$BuiltIn$CharacterConverter
instanceKlass groovyjarjarpicocli/CommandLine$BuiltIn$BooleanConverter
instanceKlass groovyjarjarpicocli/CommandLine$BuiltIn$ByteConverter
instanceKlass groovyjarjarpicocli/CommandLine$BuiltIn$CharSequenceConverter
instanceKlass groovyjarjarpicocli/CommandLine$BuiltIn$CharArrayConverter
instanceKlass groovyjarjarpicocli/CommandLine$BuiltIn$StringBuilderConverter
instanceKlass groovyjarjarpicocli/CommandLine$BuiltIn$StringConverter
instanceKlass java/io/StreamTokenizer
instanceKlass groovyjarjarpicocli/CommandLine$ITypeConverter
instanceKlass groovyjarjarpicocli/CommandLine$Interpreter
instanceKlass groovyjarjarpicocli/CommandLine$2
instanceKlass groovyjarjarpicocli/CommandLine$1
instanceKlass groovyjarjarpicocli/CommandLine$AbstractHandler
instanceKlass groovyjarjarpicocli/CommandLine$IParseResultHandler
instanceKlass groovyjarjarpicocli/CommandLine$Help$ColorScheme$1
instanceKlass groovyjarjarpicocli/CommandLine$Help$ColorScheme
instanceKlass groovyjarjarpicocli/CommandLine$Help$Ansi$IStyle
instanceKlass groovyjarjarpicocli/CommandLine$Assert
instanceKlass groovyjarjarpicocli/CommandLine$Help$ColorScheme$Builder
instanceKlass groovyjarjarpicocli/CommandLine$Help$IOptionRenderer
instanceKlass groovyjarjarpicocli/CommandLine$Help$IParamLabelRenderer
instanceKlass groovyjarjarpicocli/CommandLine$Help$IParameterRenderer
instanceKlass groovyjarjarpicocli/CommandLine$Model$IOrdered
instanceKlass groovyjarjarpicocli/CommandLine$Model$ArgSpec
instanceKlass groovyjarjarpicocli/CommandLine$RegexTransformer
instanceKlass groovyjarjarpicocli/CommandLine$INegatableOptionTransformer
instanceKlass groovyjarjarpicocli/CommandLine$Help
instanceKlass groovyjarjarpicocli/CommandLine$Help$Ansi$Text
instanceKlass groovyjarjarpicocli/CommandLine$Tracer
instanceKlass org/codehaus/groovy/runtime/callsite/BooleanClosureWrapper
instanceKlass java/lang/invoke/MethodHandles$1
instanceKlass java/lang/Long$LongCache
instanceKlass com/sun/beans/finder/FinderUtils
instanceKlass com/sun/beans/finder/AbstractFinder
instanceKlass sun/reflect/generics/tree/ArrayTypeSignature
instanceKlass sun/reflect/generics/tree/IntSignature
instanceKlass org/codehaus/groovy/runtime/memoize/EvictableCache$Action
instanceKlass java/util/WeakHashMap$HashIterator
instanceKlass java/util/function/BooleanSupplier
instanceKlass java/util/stream/StreamSpliterators
instanceKlass jdk/internal/jrtfs/JrtDirectoryStream$1
instanceKlass java/util/stream/StreamSpliterators$AbstractWrappingSpliterator
instanceKlass jdk/internal/jrtfs/JrtDirectoryStream
instanceKlass jdk/internal/jrtfs/JrtFileAttributes
instanceKlass jdk/internal/jimage/ImageReader$SharedImageReader$LocationVisitor
instanceKlass jdk/internal/jimage/ImageReader$Node
instanceKlass jdk/internal/jrtfs/SystemImage$2
instanceKlass sun/security/util/SecurityConstants
instanceKlass jdk/internal/jrtfs/SystemImage
instanceKlass jdk/internal/jrtfs/JrtPath
instanceKlass groovy/grape/GrapeIvy
instanceKlass groovy/grape/GrapeEngine
instanceKlass java/util/regex/ASCII
instanceKlass sun/nio/fs/BasicFileAttributesHolder
instanceKlass java/nio/file/Files$3
instanceKlass java/nio/file/FileTreeWalker$Event
instanceKlass jdk/nio/zipfs/ZipDirectoryStream$1
instanceKlass java/nio/file/FileTreeWalker$DirectoryNode
instanceKlass jdk/nio/zipfs/ZipDirectoryStream
instanceKlass java/nio/file/Files$AcceptAllFilter
instanceKlass java/util/concurrent/TimeUnit$1
instanceKlass java/time/chrono/AbstractChronology
instanceKlass java/time/zone/ZoneOffsetTransition
instanceKlass java/time/zone/ZoneOffsetTransitionRule
instanceKlass java/time/zone/Ser
instanceKlass java/time/zone/ZoneRulesProvider$1
instanceKlass java/time/zone/ZoneRulesProvider
instanceKlass sun/util/calendar/ZoneInfoFile$ZoneOffsetTransitionRule
instanceKlass sun/util/calendar/ZoneInfoFile$1
instanceKlass sun/util/calendar/ZoneInfoFile
instanceKlass jdk/nio/zipfs/ZipUtils
instanceKlass java/util/RegularEnumSet$EnumSetIterator
instanceKlass java/nio/file/FileTreeWalker
instanceKlass java/nio/file/SimpleFileVisitor
instanceKlass jdk/nio/zipfs/ZipFileSystem$END
instanceKlass jdk/nio/zipfs/ZipConstants
instanceKlass java/nio/DirectByteBuffer$Deallocator
instanceKlass sun/nio/ch/Util$BufferCache
instanceKlass sun/nio/ch/Util
instanceKlass sun/nio/ch/IOStatus
instanceKlass sun/nio/ch/NativeThread
instanceKlass java/nio/channels/spi/AbstractInterruptibleChannel$1
instanceKlass sun/nio/ch/Interruptible
instanceKlass sun/nio/fs/WindowsChannelFactory$2
instanceKlass sun/nio/fs/WindowsSecurityDescriptor
instanceKlass java/nio/file/attribute/PosixFileAttributeView
instanceKlass jdk/nio/zipfs/ZipFileAttributeView
instanceKlass jdk/nio/zipfs/ZipPath
instanceKlass jdk/nio/zipfs/ZipCoder
instanceKlass sun/nio/fs/WindowsSecurity
instanceKlass sun/nio/fs/AbstractAclFileAttributeView
instanceKlass java/nio/file/attribute/AclFileAttributeView
instanceKlass java/nio/file/attribute/FileOwnerAttributeView
instanceKlass sun/nio/ch/FileChannelImpl$Closer
instanceKlass sun/nio/ch/NativeDispatcher
instanceKlass sun/nio/ch/NativeThreadSet
instanceKlass sun/nio/ch/IOUtil
instanceKlass sun/nio/fs/WindowsChannelFactory$Flags
instanceKlass sun/nio/fs/WindowsChannelFactory$1
instanceKlass sun/nio/fs/WindowsChannelFactory
instanceKlass sun/nio/fs/WindowsFileSystemProvider$1
instanceKlass java/nio/file/attribute/PosixFilePermissions
instanceKlass jdk/internal/misc/ScopedMemoryAccess$Scope
instanceKlass java/nio/file/attribute/PosixFileAttributes
instanceKlass jdk/nio/zipfs/ZipFileSystem$IndexNode
instanceKlass jdk/nio/zipfs/ZipFileAttributes
instanceKlass sun/nio/fs/WindowsLinkSupport
instanceKlass java/nio/file/DirectoryStream
instanceKlass java/nio/file/DirectoryStream$Filter
instanceKlass java/nio/file/FileStore
instanceKlass java/nio/channels/AsynchronousFileChannel
instanceKlass java/nio/channels/AsynchronousChannel
instanceKlass java/util/concurrent/ExecutorService
instanceKlass java/util/concurrent/Executor
instanceKlass java/nio/channels/spi/AbstractInterruptibleChannel
instanceKlass java/nio/channels/InterruptibleChannel
instanceKlass java/nio/channels/ScatteringByteChannel
instanceKlass java/nio/channels/GatheringByteChannel
instanceKlass java/nio/channels/SeekableByteChannel
instanceKlass java/nio/channels/ByteChannel
instanceKlass java/nio/channels/WritableByteChannel
instanceKlass java/nio/channels/ReadableByteChannel
instanceKlass java/nio/channels/Channel
instanceKlass java/nio/file/attribute/FileAttribute
instanceKlass java/nio/file/spi/FileSystemProvider$1
instanceKlass sun/nio/fs/WindowsUriSupport
instanceKlass java/nio/file/FileVisitor
instanceKlass org/codehaus/groovy/vmplugin/v9/ClassFinder
instanceKlass org/apache/groovy/util/Maps
instanceKlass org/codehaus/groovy/GroovyExceptionInterface
instanceKlass groovy/lang/GroovyClassLoader$1
instanceKlass org/codehaus/groovy/runtime/memoize/CommonCache
instanceKlass org/codehaus/groovy/runtime/memoize/StampedCommonCache
instanceKlass org/codehaus/groovy/runtime/memoize/ValueConvertable
instanceKlass org/codehaus/groovy/control/CompilationUnit$IPrimaryClassNodeOperation
instanceKlass org/codehaus/groovy/control/CompilationUnit$PhaseOperation
instanceKlass org/codehaus/groovy/control/CompilationUnit$ClassgenCallback
instanceKlass groovy/lang/GroovyResourceLoader
instanceKlass org/codehaus/groovy/runtime/memoize/UnlimitedConcurrentCache
instanceKlass org/codehaus/groovy/runtime/memoize/EvictableCache
instanceKlass java/util/concurrent/locks/ReentrantReadWriteLock$WriteLock
instanceKlass java/util/concurrent/locks/ReentrantReadWriteLock$ReadLock
instanceKlass org/apache/groovy/plugin/GroovyRunnerRegistry
instanceKlass org/apache/groovy/util/BeanUtils
instanceKlass org/codehaus/groovy/runtime/GroovyCategorySupport
instanceKlass java/util/concurrent/locks/ReentrantReadWriteLock
instanceKlass java/util/concurrent/locks/ReadWriteLock
instanceKlass org/codehaus/groovy/util/ComplexKeyHashMap$1
instanceKlass sun/reflect/generics/tree/TypeVariableSignature
instanceKlass java/beans/SimpleBeanInfo
instanceKlass java/beans/Transient
instanceKlass java/util/Collections$UnmodifiableMap$UnmodifiableEntrySet$UnmodifiableEntry
instanceKlass java/util/Collections$UnmodifiableMap$UnmodifiableEntrySet$1
instanceKlass jdk/internal/vm/annotation/IntrinsicCandidate
instanceKlass java/beans/BeanProperty
instanceKlass com/sun/beans/WildcardTypeImpl
instanceKlass com/sun/beans/introspect/PropertyInfo
instanceKlass com/sun/beans/introspect/EventSetInfo
instanceKlass sun/reflect/generics/reflectiveObjects/ParameterizedTypeImpl
instanceKlass java/lang/reflect/ParameterizedType
instanceKlass sun/reflect/generics/reflectiveObjects/LazyReflectiveObjectGenerator
instanceKlass java/lang/reflect/WildcardType
instanceKlass sun/reflect/generics/tree/MethodTypeSignature
instanceKlass sun/reflect/generics/tree/Wildcard
instanceKlass sun/reflect/generics/tree/BottomSignature
instanceKlass sun/reflect/generics/tree/ClassSignature
instanceKlass sun/reflect/generics/tree/Signature
instanceKlass sun/reflect/generics/tree/FormalTypeParameter
instanceKlass com/sun/beans/WeakCache
instanceKlass com/sun/beans/TypeResolver
instanceKlass java/beans/MethodRef
instanceKlass com/sun/beans/introspect/MethodInfo$MethodOrder
instanceKlass java/io/Externalizable
instanceKlass com/sun/beans/introspect/MethodInfo
instanceKlass com/sun/beans/util/Cache$Ref
instanceKlass com/sun/beans/util/Cache$CacheEntry
instanceKlass com/sun/beans/util/Cache
instanceKlass com/sun/beans/introspect/ClassInfo
instanceKlass javax/swing/SwingContainer
instanceKlass java/lang/Class$AnnotationData
instanceKlass java/beans/JavaBean
instanceKlass com/sun/beans/finder/ClassFinder
instanceKlass com/sun/beans/finder/InstanceFinder
instanceKlass java/beans/WeakIdentityMap
instanceKlass java/beans/ThreadGroupContext
instanceKlass sun/reflect/misc/ReflectUtil
instanceKlass java/beans/Introspector$1
instanceKlass jdk/internal/access/JavaBeansAccess
instanceKlass java/beans/Introspector
instanceKlass java/beans/BeanInfo
instanceKlass org/codehaus/groovy/reflection/CachedClass$CachedMethodComparatorWithString
instanceKlass org/codehaus/groovy/util/AbstractConcurrentMapBase
instanceKlass java/lang/reflect/AnnotatedType
instanceKlass sun/reflect/generics/repository/AbstractRepository
instanceKlass java/beans/FeatureDescriptor
instanceKlass groovyjarjarasm/asm/ClassVisitor
instanceKlass groovy/lang/ClosureInvokingMethod
instanceKlass org/codehaus/groovy/runtime/MethodKey
instanceKlass groovy/lang/ExpandoMetaClass$Callable
instanceKlass org/codehaus/groovy/runtime/metaclass/MetaMethodIndex$Header
instanceKlass org/codehaus/groovy/runtime/metaclass/MetaMethodIndex$Entry
instanceKlass org/codehaus/groovy/runtime/metaclass/MetaMethodIndex$EntryIterator
instanceKlass org/codehaus/groovy/runtime/metaclass/MetaMethodIndex
instanceKlass org/codehaus/groovy/util/SingleKeyHashMap$Copier
instanceKlass groovy/lang/MetaClassImpl$MethodIndexAction
instanceKlass groovy/lang/MetaClassImpl
instanceKlass groovy/lang/MutableMetaClass
instanceKlass javax/script/ScriptEngineManager
instanceKlass org/w3c/dom/UserDataHandler
instanceKlass org/w3c/dom/Document
instanceKlass org/w3c/dom/NamedNodeMap
instanceKlass org/w3c/dom/TypeInfo
instanceKlass org/w3c/dom/Attr
instanceKlass org/w3c/dom/Element
instanceKlass org/w3c/dom/NodeList
instanceKlass javax/swing/ButtonModel
instanceKlass java/awt/LayoutManager
instanceKlass javax/swing/AbstractButton$Handler
instanceKlass javax/swing/event/ChangeListener
instanceKlass javax/swing/Icon
instanceKlass javax/swing/event/TableModelListener
instanceKlass javax/swing/MenuSelectionManager
instanceKlass javax/swing/event/TableColumnModelListener
instanceKlass javax/swing/ListSelectionModel
instanceKlass javax/swing/plaf/ComponentUI
instanceKlass javax/swing/TransferHandler$DropLocation
instanceKlass javax/swing/InputVerifier
instanceKlass javax/swing/border/Border
instanceKlass javax/swing/event/AncestorListener
instanceKlass javax/swing/AncestorNotifier
instanceKlass java/beans/VetoableChangeListener
instanceKlass javax/swing/ArrayTable
instanceKlass javax/swing/ActionMap
instanceKlass javax/swing/InputMap
instanceKlass java/awt/AWTKeyStroke
instanceKlass javax/swing/TransferHandler
instanceKlass java/awt/event/ItemListener
instanceKlass java/awt/FontMetrics
instanceKlass javax/accessibility/AccessibleContext
instanceKlass javax/accessibility/AccessibleStateSet
instanceKlass sun/awt/RequestFocusController
instanceKlass java/awt/im/InputMethodRequests
instanceKlass java/awt/image/BufferStrategy
instanceKlass java/awt/Insets
instanceKlass java/awt/dnd/DropTarget
instanceKlass java/awt/dnd/DropTargetListener
instanceKlass java/awt/peer/ComponentPeer
instanceKlass java/awt/event/MouseWheelListener
instanceKlass java/awt/event/HierarchyBoundsListener
instanceKlass java/awt/event/HierarchyListener
instanceKlass java/awt/event/InputMethodListener
instanceKlass java/awt/event/MouseMotionListener
instanceKlass java/awt/event/MouseListener
instanceKlass java/awt/event/KeyListener
instanceKlass java/awt/event/FocusListener
instanceKlass java/awt/event/ComponentListener
instanceKlass sun/awt/ComponentFactory
instanceKlass java/awt/BufferCapabilities
instanceKlass java/awt/ImageCapabilities
instanceKlass java/awt/image/ImageProducer
instanceKlass java/awt/Cursor
instanceKlass java/awt/image/ColorModel
instanceKlass java/awt/im/InputContext
instanceKlass java/awt/Toolkit
instanceKlass sun/java2d/pipe/Region
instanceKlass java/awt/ComponentOrientation
instanceKlass java/awt/PointerInfo
instanceKlass java/awt/GraphicsConfiguration
instanceKlass java/beans/PropertyChangeListener
instanceKlass java/util/EventObject
instanceKlass java/awt/Color
instanceKlass java/awt/Paint
instanceKlass java/awt/Transparency
instanceKlass java/awt/geom/RectangularShape
instanceKlass java/awt/Shape
instanceKlass java/awt/geom/Point2D
instanceKlass java/awt/geom/Dimension2D
instanceKlass java/awt/Graphics
instanceKlass java/awt/Font
instanceKlass java/awt/Event
instanceKlass java/awt/MenuComponent
instanceKlass java/awt/Image
instanceKlass javax/swing/table/TableColumn
instanceKlass javax/swing/Action
instanceKlass javax/swing/table/AbstractTableModel
instanceKlass javax/swing/ButtonGroup
instanceKlass javax/swing/table/TableModel
instanceKlass javax/swing/MenuElement
instanceKlass javax/swing/tree/TreePath
instanceKlass javax/swing/table/TableColumnModel
instanceKlass javax/swing/tree/DefaultMutableTreeNode
instanceKlass javax/swing/MutableComboBoxModel
instanceKlass javax/swing/ComboBoxModel
instanceKlass javax/swing/AbstractListModel
instanceKlass javax/swing/SwingConstants
instanceKlass java/awt/Component
instanceKlass java/awt/MenuContainer
instanceKlass java/awt/image/ImageObserver
instanceKlass javax/swing/TransferHandler$HasGetTransferHandler
instanceKlass javax/accessibility/Accessible
instanceKlass java/awt/event/ActionListener
instanceKlass javax/swing/event/ListDataListener
instanceKlass java/awt/ItemSelectable
instanceKlass javax/swing/tree/MutableTreeNode
instanceKlass javax/swing/tree/TreeNode
instanceKlass javax/swing/ListModel
instanceKlass java/sql/SQLXML
instanceKlass java/sql/RowId
instanceKlass java/sql/NClob
instanceKlass java/sql/Clob
instanceKlass java/sql/Blob
instanceKlass java/sql/Statement
instanceKlass java/sql/SQLType
instanceKlass java/sql/Array
instanceKlass java/sql/Ref
instanceKlass groovy/sql/GroovyResultSet
instanceKlass java/sql/ResultSet
instanceKlass java/sql/ResultSetMetaData
instanceKlass java/sql/Wrapper
instanceKlass java/nio/file/WatchEvent$Modifier
instanceKlass java/nio/file/WatchKey
instanceKlass java/nio/file/WatchEvent$Kind
instanceKlass java/nio/file/WatchService
instanceKlass org/codehaus/groovy/reflection/CachedClass$CachedMethodComparatorByName
instanceKlass org/codehaus/groovy/runtime/callsite/CallSiteArray
instanceKlass org/codehaus/groovy/runtime/GeneratedClosure
instanceKlass org/codehaus/groovy/macro/matcher/ASTNodePredicate
instanceKlass org/codehaus/groovy/macro/matcher/TreeContext
instanceKlass org/codehaus/groovy/control/messages/Message
instanceKlass org/codehaus/groovy/ast/stmt/LoopingStatement
instanceKlass org/codehaus/groovy/control/ErrorCollector
instanceKlass org/codehaus/groovy/ast/expr/ExpressionTransformer
instanceKlass org/codehaus/groovy/control/ProcessingUnit
instanceKlass org/codehaus/groovy/macro/runtime/MacroContext
instanceKlass org/codehaus/groovy/ast/expr/MethodCall
instanceKlass javax/script/Bindings
instanceKlass javax/script/ScriptContext
instanceKlass javax/script/ScriptEngineFactory
instanceKlass javax/script/ScriptEngine
instanceKlass jdk/internal/jimage/decompressor/ZipDecompressor
instanceKlass jdk/internal/jimage/decompressor/ResourceDecompressor
instanceKlass jdk/internal/jimage/decompressor/ResourceDecompressorFactory
instanceKlass jdk/internal/jimage/decompressor/ResourceDecompressorRepository
instanceKlass jdk/internal/jimage/decompressor/CompressedResourceHeader
instanceKlass jdk/internal/jimage/decompressor/ResourceDecompressor$StringsProvider
instanceKlass java/util/TimSort
instanceKlass java/util/AbstractMap$SimpleEntry
instanceKlass jdk/internal/jimage/ImageBufferCache$2
instanceKlass jdk/internal/jimage/ImageBufferCache
instanceKlass jdk/internal/module/ModulePatcher$PatchedModuleReader
instanceKlass org/codehaus/groovy/runtime/metaclass/MethodHelper
instanceKlass java/text/DateFormatSymbols
instanceKlass java/time/zone/ZoneRules
instanceKlass java/time/chrono/Era
instanceKlass java/time/chrono/Chronology
instanceKlass java/time/format/DateTimeFormatter
instanceKlass java/time/temporal/ValueRange
instanceKlass java/time/temporal/TemporalQuery
instanceKlass java/time/MonthDay
instanceKlass java/util/Calendar
instanceKlass java/time/LocalTime
instanceKlass java/time/OffsetDateTime
instanceKlass java/time/OffsetTime
instanceKlass java/time/Instant
instanceKlass java/time/ZonedDateTime
instanceKlass java/time/chrono/ChronoZonedDateTime
instanceKlass java/time/LocalDate
instanceKlass java/time/chrono/ChronoLocalDate
instanceKlass java/time/Year
instanceKlass java/time/LocalDateTime
instanceKlass java/time/chrono/ChronoLocalDateTime
instanceKlass java/time/YearMonth
instanceKlass java/time/temporal/TemporalAdjuster
instanceKlass java/time/Period
instanceKlass java/time/Duration
instanceKlass java/time/temporal/Temporal
instanceKlass java/time/temporal/TemporalAccessor
instanceKlass java/time/temporal/TemporalUnit
instanceKlass java/time/chrono/ChronoPeriod
instanceKlass java/time/temporal/TemporalAmount
instanceKlass java/time/temporal/TemporalField
instanceKlass org/codehaus/groovy/jsr223/ScriptStaticExtensions
instanceKlass org/apache/groovy/dateutil/extensions/DateUtilStaticExtensions
instanceKlass org/apache/groovy/datetime/extensions/DateTimeStaticExtensions
instanceKlass org/apache/groovy/xml/extensions/XmlExtensions
instanceKlass org/apache/groovy/swing/extensions/SwingExtensions
instanceKlass org/apache/groovy/sql/extensions/SqlExtensions
instanceKlass org/codehaus/groovy/ast/CodeVisitorSupport
instanceKlass org/codehaus/groovy/ast/GroovyCodeVisitor
instanceKlass org/codehaus/groovy/ast/GroovyClassVisitor
instanceKlass org/codehaus/groovy/transform/ErrorCollecting
instanceKlass org/codehaus/groovy/macro/methods/MacroGroovyMethods
instanceKlass org/codehaus/groovy/jsr223/ScriptExtensions
instanceKlass org/apache/groovy/dateutil/extensions/DateUtilExtensions
instanceKlass org/apache/groovy/datetime/extensions/DateTimeExtensions
instanceKlass java/util/regex/IntHashSet
instanceKlass org/codehaus/groovy/runtime/m12n/ExtensionModule
instanceKlass org/codehaus/groovy/runtime/m12n/PropertiesModuleFactory
instanceKlass org/codehaus/groovy/util/URLStreams
instanceKlass org/codehaus/groovy/runtime/metaclass/MetaClassRegistryImpl$DefaultModuleListener
instanceKlass org/codehaus/groovy/runtime/m12n/ExtensionModuleScanner
instanceKlass java/util/ResourceBundle$CacheKey
instanceKlass java/util/ResourceBundle$Control
instanceKlass java/time/ZoneId
instanceKlass java/util/ResourceBundle
instanceKlass java/util/TimeZone
instanceKlass java/util/Date
instanceKlass org/codehaus/groovy/runtime/DefaultGroovyStaticMethods
instanceKlass java/lang/annotation/Target
instanceKlass java/lang/reflect/Proxy$ProxyBuilder$1
instanceKlass jdk/internal/org/objectweb/asm/Edge
instanceKlass java/lang/reflect/ProxyGenerator$PrimitiveTypeInfo
instanceKlass java/lang/reflect/ProxyGenerator$ProxyMethod
instanceKlass java/lang/WeakPairMap$Pair$Lookup
instanceKlass java/lang/WeakPairMap$Pair
instanceKlass java/lang/WeakPairMap
instanceKlass java/lang/Module$ReflectionData
instanceKlass jdk/internal/module/Checks
instanceKlass java/lang/module/ModuleDescriptor$Builder
instanceKlass java/util/Collections$1
instanceKlass java/lang/reflect/Proxy$ProxyBuilder
instanceKlass java/lang/reflect/Proxy
instanceKlass sun/reflect/annotation/AnnotationInvocationHandler
instanceKlass sun/reflect/annotation/AnnotationParser$1
instanceKlass java/lang/annotation/Documented
instanceKlass java/lang/annotation/Inherited
instanceKlass java/lang/annotation/Retention
instanceKlass sun/reflect/annotation/ExceptionProxy
instanceKlass sun/reflect/annotation/AnnotationType$1
instanceKlass sun/reflect/annotation/AnnotationType
instanceKlass java/lang/reflect/GenericArrayType
instanceKlass sun/reflect/generics/visitor/Reifier
instanceKlass sun/reflect/generics/visitor/TypeTreeVisitor
instanceKlass sun/reflect/generics/factory/CoreReflectionFactory
instanceKlass sun/reflect/generics/factory/GenericsFactory
instanceKlass sun/reflect/generics/scope/AbstractScope
instanceKlass sun/reflect/generics/scope/Scope
instanceKlass sun/reflect/generics/tree/ClassTypeSignature
instanceKlass sun/reflect/generics/tree/SimpleClassTypeSignature
instanceKlass sun/reflect/generics/tree/FieldTypeSignature
instanceKlass sun/reflect/generics/tree/BaseType
instanceKlass sun/reflect/generics/tree/TypeSignature
instanceKlass sun/reflect/generics/tree/ReturnType
instanceKlass sun/reflect/generics/tree/TypeArgument
instanceKlass sun/reflect/generics/tree/TypeTree
instanceKlass sun/reflect/generics/tree/Tree
instanceKlass sun/reflect/generics/parser/SignatureParser
instanceKlass java/lang/constant/DynamicConstantDesc
instanceKlass java/lang/constant/ClassDesc
instanceKlass java/lang/Deprecated
instanceKlass org/codehaus/groovy/runtime/RangeInfo
instanceKlass java/util/function/ToDoubleFunction
instanceKlass java/util/function/ToLongFunction
instanceKlass java/util/function/ToIntFunction
instanceKlass java/util/function/LongFunction
instanceKlass java/util/function/DoubleFunction
instanceKlass java/util/function/DoublePredicate
instanceKlass java/util/function/LongPredicate
instanceKlass java/util/function/IntPredicate
instanceKlass java/util/stream/DoubleStream
instanceKlass java/util/stream/LongStream
instanceKlass java/util/OptionalInt
instanceKlass java/util/OptionalLong
instanceKlass java/util/OptionalDouble
instanceKlass org/codehaus/groovy/runtime/NumberAwareComparator
instanceKlass org/codehaus/groovy/runtime/EncodingGroovyMethods
instanceKlass org/codehaus/groovy/runtime/DefaultGroovyMethodsSupport
instanceKlass java/util/concurrent/CompletableFuture
instanceKlass java/util/concurrent/CompletionStage
instanceKlass java/util/concurrent/Future
instanceKlass java/lang/ProcessHandle
instanceKlass java/lang/ProcessHandle$Info
instanceKlass java/lang/reflect/TypeVariable
instanceKlass org/codehaus/groovy/runtime/MetaClassHelper
instanceKlass java/util/ComparableTimSort
instanceKlass java/util/Arrays$LegacyMergeSort
instanceKlass org/codehaus/groovy/reflection/CachedMethod$MyComparator
instanceKlass org/codehaus/groovy/runtime/callsite/CallSite
instanceKlass java/util/HashMap$HashMapSpliterator
instanceKlass java/util/stream/MatchOps$BooleanTerminalSink
instanceKlass java/util/stream/MatchOps$MatchOp
instanceKlass java/util/stream/MatchOps
instanceKlass java/util/stream/ForEachOps$ForEachOp
instanceKlass java/util/stream/ForEachOps
instanceKlass java/util/Spliterators$IteratorSpliterator
instanceKlass jdk/internal/module/SystemModules$all
instanceKlass org/codehaus/groovy/ast/Variable
instanceKlass groovyjarjarasm/asm/Opcodes
instanceKlass org/codehaus/groovy/ast/ASTNode
instanceKlass org/codehaus/groovy/ast/NodeMetaDataHandler
instanceKlass groovy/lang/groovydoc/GroovydocHolder
instanceKlass org/codehaus/groovy/vmplugin/v8/Java8
instanceKlass org/codehaus/groovy/vmplugin/VMPlugin
instanceKlass jdk/internal/logger/DefaultLoggerFinder$1
instanceKlass java/util/logging/Logger$SystemLoggerHelper$1
instanceKlass java/util/logging/Logger$SystemLoggerHelper
instanceKlass java/util/logging/LogManager$4
instanceKlass jdk/internal/logger/BootstrapLogger$BootstrapExecutors
instanceKlass jdk/internal/logger/BootstrapLogger$RedirectedLoggers
instanceKlass java/util/ServiceLoader$ProviderImpl
instanceKlass java/util/ServiceLoader$Provider
instanceKlass java/util/ServiceLoader$1
instanceKlass java/util/concurrent/CopyOnWriteArrayList$COWIterator
instanceKlass java/net/URLClassLoader$3$1
instanceKlass java/net/URLClassLoader$3
instanceKlass jdk/internal/loader/URLClassPath$1
instanceKlass java/lang/CompoundEnumeration
instanceKlass jdk/internal/loader/BuiltinClassLoader$1
instanceKlass java/util/Collections$EmptyEnumeration
instanceKlass java/util/Collections$EmptyIterator
instanceKlass jdk/internal/jimage/ImageLocation
instanceKlass jdk/internal/jimage/decompressor/Decompressor
instanceKlass jdk/internal/jimage/ImageStringsReader
instanceKlass jdk/internal/jimage/ImageStrings
instanceKlass jdk/internal/jimage/ImageHeader
instanceKlass jdk/internal/jimage/NativeImageBuffer$1
instanceKlass jdk/internal/jimage/NativeImageBuffer
instanceKlass jdk/internal/jimage/BasicImageReader$1
instanceKlass jdk/internal/jimage/BasicImageReader
instanceKlass jdk/internal/jimage/ImageReader
instanceKlass jdk/internal/jimage/ImageReaderFactory$1
instanceKlass jdk/internal/jimage/ImageReaderFactory
instanceKlass jdk/internal/module/SystemModuleFinders$SystemImage
instanceKlass jdk/internal/module/SystemModuleFinders$SystemModuleReader
instanceKlass java/lang/module/ModuleReader
instanceKlass jdk/internal/loader/BuiltinClassLoader$5
instanceKlass jdk/internal/loader/BuiltinClassLoader$2
instanceKlass jdk/internal/module/Resources
instanceKlass java/util/ServiceLoader$3
instanceKlass java/util/ServiceLoader$2
instanceKlass java/util/ServiceLoader$LazyClassPathLookupIterator
instanceKlass java/util/Spliterators$1Adapter
instanceKlass java/util/ServiceLoader$ModuleServicesLookupIterator
instanceKlass java/util/ServiceLoader
instanceKlass jdk/internal/logger/BootstrapLogger$DetectBackend$1
instanceKlass jdk/internal/logger/BootstrapLogger$DetectBackend
instanceKlass jdk/internal/logger/BootstrapLogger
instanceKlass sun/util/logging/PlatformLogger$ConfigurableBridge
instanceKlass sun/util/logging/PlatformLogger$Bridge
instanceKlass java/lang/System$Logger
instanceKlass java/util/stream/Streams
instanceKlass java/util/stream/Streams$AbstractStreamBuilderImpl
instanceKlass java/util/stream/Stream$Builder
instanceKlass java/util/stream/FindOps$FindOp
instanceKlass java/util/stream/FindOps$FindSink
instanceKlass java/util/stream/FindOps
instanceKlass java/util/ArrayList$ArrayListSpliterator
instanceKlass java/util/Hashtable$Enumerator
instanceKlass java/util/Collections$SynchronizedCollection
instanceKlass java/util/Properties$EntrySet
instanceKlass java/util/Collections$3
instanceKlass java/util/logging/LogManager$LoggerContext$1
instanceKlass java/util/logging/LogManager$VisitedLoggers
instanceKlass java/nio/file/FileSystems$DefaultFileSystemHolder$1
instanceKlass java/nio/file/FileSystems$DefaultFileSystemHolder
instanceKlass java/nio/file/FileSystems
instanceKlass java/nio/file/Paths
instanceKlass java/util/logging/LogManager$2
instanceKlass java/lang/System$LoggerFinder
instanceKlass java/util/logging/LogManager$LoggingProviderAccess
instanceKlass sun/util/logging/internal/LoggingProviderImpl$LogManagerAccess
instanceKlass java/lang/Shutdown$Lock
instanceKlass java/lang/Shutdown
instanceKlass java/lang/ApplicationShutdownHooks$1
instanceKlass java/lang/ApplicationShutdownHooks
instanceKlass java/util/Collections$SynchronizedMap
instanceKlass java/util/logging/LogManager$LogNode
instanceKlass java/util/logging/LogManager$LoggerContext
instanceKlass java/util/logging/LogManager$1
instanceKlass java/util/logging/LogManager
instanceKlass java/util/logging/Logger$ConfigurationData
instanceKlass java/util/logging/Logger$LoggerBundle
instanceKlass java/util/logging/Level
instanceKlass java/util/logging/Handler
instanceKlass java/util/logging/Logger
instanceKlass org/codehaus/groovy/vmplugin/VMPluginFactory
instanceKlass org/codehaus/groovy/reflection/ReflectionUtils
instanceKlass java/util/stream/AbstractSpinedBuffer
instanceKlass java/util/stream/Node$Builder
instanceKlass java/util/stream/Node$OfDouble
instanceKlass java/util/stream/Node$OfLong
instanceKlass java/util/stream/Node$OfInt
instanceKlass java/util/stream/Node$OfPrimitive
instanceKlass java/util/stream/Nodes$EmptyNode
instanceKlass java/util/stream/Node
instanceKlass java/util/stream/Nodes
instanceKlass java/util/function/UnaryOperator
instanceKlass java/util/function/Predicate
instanceKlass java/util/function/IntFunction
instanceKlass java/util/stream/IntStream
instanceKlass java/util/stream/Sink$ChainedReference
instanceKlass java/util/stream/ReduceOps$Box
instanceKlass java/util/stream/ReduceOps$AccumulatingSink
instanceKlass java/util/stream/TerminalSink
instanceKlass java/util/stream/Sink
instanceKlass java/util/function/Consumer
instanceKlass java/util/stream/ReduceOps$ReduceOp
instanceKlass java/util/stream/TerminalOp
instanceKlass java/util/stream/ReduceOps
instanceKlass java/util/function/BinaryOperator
instanceKlass java/util/function/BiConsumer
instanceKlass java/util/StringJoiner
instanceKlass java/util/stream/Collectors$CollectorImpl
instanceKlass java/util/stream/Collector
instanceKlass java/util/stream/Collectors
instanceKlass java/lang/Class$3
instanceKlass java/util/EnumMap$1
instanceKlass java/util/stream/StreamOpFlag$MaskBuilder
instanceKlass java/util/stream/PipelineHelper
instanceKlass java/util/stream/Stream
instanceKlass java/util/stream/BaseStream
instanceKlass java/util/stream/StreamSupport
instanceKlass java/util/Spliterators$ArraySpliterator
instanceKlass java/util/Spliterator$OfDouble
instanceKlass java/util/Spliterator$OfLong
instanceKlass java/util/Spliterator$OfInt
instanceKlass java/util/Spliterator$OfPrimitive
instanceKlass java/util/Spliterators$EmptySpliterator
instanceKlass java/util/Spliterator
instanceKlass java/util/Spliterators
instanceKlass sun/reflect/annotation/AnnotationParser
instanceKlass org/codehaus/groovy/transform/trait/Traits$Implemented
instanceKlass java/util/LinkedHashMap$LinkedHashIterator
instanceKlass java/lang/PublicMethods
instanceKlass java/lang/reflect/InvocationHandler
instanceKlass java/lang/invoke/VarHandle$AccessDescriptor
instanceKlass org/codehaus/groovy/util/ReferenceType$HardRef
instanceKlass org/codehaus/groovy/util/ManagedReference
instanceKlass org/codehaus/groovy/reflection/ClassInfo$GlobalClassSet
instanceKlass org/apache/groovy/util/SystemUtil
instanceKlass org/codehaus/groovy/reflection/GroovyClassValue
instanceKlass org/codehaus/groovy/reflection/GroovyClassValueFactory
instanceKlass org/codehaus/groovy/reflection/ClassInfo$1
instanceKlass org/codehaus/groovy/reflection/CachedClass
instanceKlass org/codehaus/groovy/reflection/GroovyClassValue$ComputeValue
instanceKlass org/codehaus/groovy/reflection/ClassInfo
instanceKlass org/codehaus/groovy/util/Finalizable
instanceKlass org/codehaus/groovy/util/ComplexKeyHashMap$Entry
instanceKlass org/codehaus/groovy/util/ComplexKeyHashMap$EntryIterator
instanceKlass org/codehaus/groovy/util/ComplexKeyHashMap
instanceKlass org/codehaus/groovy/reflection/ReflectionCache
instanceKlass java/util/regex/Matcher
instanceKlass java/util/regex/MatchResult
instanceKlass groovy/lang/Buildable
instanceKlass java/net/ServerSocket
instanceKlass java/net/Socket
instanceKlass java/lang/Process
instanceKlass java/io/ObjectOutput
instanceKlass java/io/ObjectStreamConstants
instanceKlass java/io/ObjectInput
instanceKlass java/util/Random
instanceKlass java/util/random/RandomGenerator
instanceKlass java/util/Timer
instanceKlass java/util/TimerTask
instanceKlass java/util/concurrent/BlockingQueue
instanceKlass groovy/lang/MetaProperty
instanceKlass groovy/lang/groovydoc/Groovydoc
instanceKlass groovy/lang/ListWithDefault
instanceKlass groovy/lang/Range
instanceKlass groovy/util/BufferedIterator
instanceKlass java/util/BitSet
instanceKlass sun/net/www/protocol/jar/JarFileFactory
instanceKlass sun/net/www/protocol/jar/URLJarFile$URLJarFileCloseController
instanceKlass jdk/internal/loader/URLClassPath$JarLoader$3
instanceKlass java/util/zip/ZipFile$ZipEntryIterator
instanceKlass java/net/URLClassLoader$2
instanceKlass org/codehaus/groovy/reflection/GeneratedMetaMethod$DgmMethodRecord
instanceKlass groovy/lang/MetaClassRegistry$MetaClassCreationHandle
instanceKlass org/codehaus/groovy/runtime/m12n/ExtensionModuleRegistry
instanceKlass java/lang/invoke/VarForm
instanceKlass java/lang/invoke/VarHandleGuards
instanceKlass jdk/internal/util/Preconditions$1
instanceKlass java/lang/invoke/VarHandle$1
instanceKlass java/lang/invoke/VarHandles
instanceKlass java/util/concurrent/ConcurrentLinkedQueue$Node
instanceKlass org/codehaus/groovy/util/Reference
instanceKlass org/codehaus/groovy/util/ReferenceManager
instanceKlass org/codehaus/groovy/util/ReferenceBundle
instanceKlass org/codehaus/groovy/util/ManagedConcurrentLinkedQueue
instanceKlass org/codehaus/groovy/util/FastArray
instanceKlass groovy/lang/MetaClassRegistryChangeEventListener
instanceKlass java/util/EventListener
instanceKlass groovy/lang/MetaClass
instanceKlass groovy/lang/MetaObjectProtocol
instanceKlass org/codehaus/groovy/reflection/ParameterTypes
instanceKlass org/codehaus/groovy/runtime/m12n/ExtensionModuleScanner$ExtensionModuleListener
instanceKlass org/codehaus/groovy/runtime/metaclass/MetaClassRegistryImpl
instanceKlass groovy/lang/MetaClassRegistry
instanceKlass groovy/lang/GroovySystem
instanceKlass org/codehaus/groovy/runtime/InvokerHelper
instanceKlass org/codehaus/groovy/runtime/memoize/MemoizeCache
instanceKlass groovy/lang/Writable
instanceKlass groovy/lang/GroovyObjectSupport
instanceKlass groovy/lang/GroovyObject
instanceKlass groovy/lang/GroovyCallable
instanceKlass java/util/concurrent/Callable
instanceKlass groovyjarjarpicocli/CommandLine$DefaultFactory
instanceKlass groovyjarjarpicocli/CommandLine$IExecutionExceptionHandler
instanceKlass groovyjarjarpicocli/CommandLine$IParameterExceptionHandler
instanceKlass groovyjarjarpicocli/CommandLine$IExecutionStrategy
instanceKlass groovyjarjarpicocli/CommandLine$IParseResultHandler2
instanceKlass groovyjarjarpicocli/CommandLine$IFactory
instanceKlass groovyjarjarpicocli/CommandLine$IExceptionHandler
instanceKlass groovyjarjarpicocli/CommandLine$IExceptionHandler2
instanceKlass groovyjarjarpicocli/CommandLine
instanceKlass groovy/ui/GroovyMain$GroovyCommand
instanceKlass java/util/regex/Pattern$TreeInfo
instanceKlass java/util/regex/Pattern$BitClass
instanceKlass java/util/regex/Pattern$BmpCharPredicate
instanceKlass java/util/regex/Pattern$CharPredicate
instanceKlass java/util/regex/CharPredicates
instanceKlass java/util/regex/Pattern$Node
instanceKlass java/util/regex/Pattern
instanceKlass org/codehaus/groovy/control/CompilerConfiguration
instanceKlass groovy/ui/GroovyMain
instanceKlass java/io/FilePermissionCollection$1
instanceKlass java/util/function/BiFunction
instanceKlass java/security/Security$2
instanceKlass jdk/internal/access/JavaSecurityPropertiesAccess
instanceKlass java/util/concurrent/ConcurrentHashMap$MapEntry
instanceKlass java/io/FileInputStream$1
instanceKlass java/util/Properties$LineReader
instanceKlass java/security/Security$1
instanceKlass java/security/Security
instanceKlass sun/security/util/SecurityProperties
instanceKlass sun/security/util/FilePermCompat
instanceKlass java/io/FilePermission$1
instanceKlass jdk/internal/access/JavaIOFilePermissionAccess
instanceKlass sun/net/www/MessageHeader
instanceKlass java/net/URLConnection
instanceKlass java/net/URLClassLoader$1
instanceKlass org/w3c/dom/Node
instanceKlass sun/invoke/util/Wrapper$1
instanceKlass java/lang/invoke/InnerClassLambdaMetafactory$1
instanceKlass java/lang/invoke/InvokerBytecodeGenerator$ClassData
instanceKlass jdk/internal/org/objectweb/asm/Frame
instanceKlass java/lang/invoke/MethodHandleImpl$ArrayAccessor
instanceKlass java/lang/invoke/MethodHandleImpl$2
instanceKlass java/lang/invoke/MethodHandleImpl$LoopClauses
instanceKlass java/lang/invoke/MethodHandleImpl$CasesHolder
instanceKlass java/lang/invoke/LambdaFormBuffer
instanceKlass java/lang/invoke/LambdaFormEditor$TransformKey
instanceKlass java/lang/invoke/LambdaFormEditor
instanceKlass java/lang/invoke/DelegatingMethodHandle$Holder
instanceKlass java/lang/invoke/DirectMethodHandle$2
instanceKlass java/lang/invoke/ClassSpecializer$Factory
instanceKlass java/lang/invoke/ClassSpecializer$SpeciesData
instanceKlass java/lang/invoke/ClassSpecializer$1
instanceKlass java/lang/invoke/ClassSpecializer
instanceKlass java/lang/ClassValue$Version
instanceKlass java/lang/ClassValue$Identity
instanceKlass java/lang/ClassValue
instanceKlass java/lang/invoke/MethodHandleImpl$BindCaller
instanceKlass sun/invoke/empty/Empty
instanceKlass sun/invoke/util/VerifyType
instanceKlass java/lang/invoke/MethodHandles$Lookup$ClassDefiner
instanceKlass jdk/internal/org/objectweb/asm/ClassReader
instanceKlass java/lang/invoke/MethodHandles$Lookup$ClassFile
instanceKlass jdk/internal/org/objectweb/asm/Handler
instanceKlass jdk/internal/org/objectweb/asm/AnnotationVisitor
instanceKlass jdk/internal/org/objectweb/asm/Attribute
instanceKlass jdk/internal/org/objectweb/asm/Label
instanceKlass jdk/internal/org/objectweb/asm/MethodVisitor
instanceKlass jdk/internal/org/objectweb/asm/FieldVisitor
instanceKlass java/lang/invoke/LambdaProxyClassArchive
instanceKlass jdk/internal/org/objectweb/asm/ByteVector
instanceKlass jdk/internal/org/objectweb/asm/Symbol
instanceKlass jdk/internal/org/objectweb/asm/SymbolTable
instanceKlass jdk/internal/org/objectweb/asm/ClassVisitor
instanceKlass java/lang/invoke/InfoFromMemberName
instanceKlass java/lang/invoke/MethodHandleInfo
instanceKlass jdk/internal/org/objectweb/asm/ConstantDynamic
instanceKlass sun/invoke/util/BytecodeDescriptor
instanceKlass jdk/internal/org/objectweb/asm/Handle
instanceKlass sun/security/action/GetBooleanAction
instanceKlass jdk/internal/org/objectweb/asm/Type
instanceKlass java/lang/invoke/AbstractValidatingLambdaMetafactory
instanceKlass java/lang/invoke/MethodHandleImpl$1
instanceKlass jdk/internal/access/JavaLangInvokeAccess
instanceKlass java/lang/invoke/Invokers$Holder
instanceKlass java/lang/invoke/BootstrapMethodInvoker
instanceKlass java/lang/invoke/InvokerBytecodeGenerator$2
instanceKlass java/lang/invoke/InvokerBytecodeGenerator
instanceKlass java/lang/invoke/LambdaForm$Holder
instanceKlass java/lang/invoke/LambdaForm$Name
instanceKlass java/lang/invoke/Invokers
instanceKlass java/lang/invoke/MethodHandleImpl
instanceKlass sun/invoke/util/ValueConversions
instanceKlass java/lang/invoke/DirectMethodHandle$Holder
instanceKlass java/lang/invoke/LambdaForm$NamedFunction
instanceKlass sun/invoke/util/Wrapper$Format
instanceKlass java/lang/invoke/MethodTypeForm
instanceKlass java/lang/invoke/MethodType$ConcurrentWeakInternSet
instanceKlass java/lang/invoke/LambdaMetafactory
instanceKlass java/net/URI$Parser
instanceKlass org/codehaus/groovy/tools/LoaderConfiguration
instanceKlass java/lang/Void
instanceKlass java/lang/PublicMethods$Key
instanceKlass java/lang/PublicMethods$MethodList
instanceKlass org/codehaus/groovy/tools/GroovyStarter
instanceKlass sun/nio/cs/SingleByte
instanceKlass sun/nio/cs/MS1252$Holder
instanceKlass sun/nio/cs/ArrayDecoder
instanceKlass sun/launcher/LauncherHelper
instanceKlass java/util/LinkedList$ListItr
instanceKlass java/util/Collections$UnmodifiableCollection$1
instanceKlass org/apache/groovy/util/SystemUtil
instanceKlass org/apache/groovy/util/Maps
instanceKlass org/codehaus/groovy/GroovyExceptionInterface
instanceKlass groovy/lang/GroovyClassLoader$1
instanceKlass org/codehaus/groovy/runtime/memoize/CommonCache
instanceKlass java/util/concurrent/locks/StampedLock
instanceKlass org/codehaus/groovy/runtime/memoize/StampedCommonCache
instanceKlass org/codehaus/groovy/runtime/memoize/ValueConvertable
instanceKlass org/codehaus/groovy/runtime/memoize/UnlimitedConcurrentCache
instanceKlass org/codehaus/groovy/control/CompilerConfiguration
instanceKlass org/codehaus/groovy/control/CompilationUnit$IPrimaryClassNodeOperation
instanceKlass org/codehaus/groovy/control/CompilationUnit$PhaseOperation
instanceKlass org/codehaus/groovy/control/CompilationUnit$ClassgenCallback
instanceKlass groovy/lang/GroovyResourceLoader
instanceKlass org/codehaus/groovy/runtime/memoize/EvictableCache
instanceKlass org/codehaus/groovy/runtime/memoize/MemoizeCache
instanceKlass java/security/SecureClassLoader$DebugHolder
instanceKlass java/security/PermissionCollection
instanceKlass java/security/SecureClassLoader$1
instanceKlass java/security/SecureClassLoader$CodeSourceKey
instanceKlass java/util/zip/Checksum$1
instanceKlass java/util/zip/CRC32
instanceKlass java/util/zip/Checksum
instanceKlass sun/nio/ByteBuffered
instanceKlass java/lang/Package$VersionInfo
instanceKlass java/lang/NamedPackage
instanceKlass jdk/internal/loader/Resource
instanceKlass java/util/StringTokenizer
instanceKlass java/security/CodeSigner
instanceKlass java/util/jar/JarVerifier
instanceKlass java/util/LinkedList$Node
instanceKlass java/io/Reader
instanceKlass java/util/ArrayList$Itr
instanceKlass java/lang/reflect/Array
instanceKlass java/util/jar/Attributes$Name
instanceKlass java/util/jar/Attributes
instanceKlass java/util/TreeMap$PrivateEntryIterator
instanceKlass java/util/TreeMap$Entry
instanceKlass java/util/NavigableMap
instanceKlass java/util/SortedMap
instanceKlass java/util/NavigableSet
instanceKlass java/util/SortedSet
instanceKlass sun/security/action/GetIntegerAction
instanceKlass sun/security/util/Debug
instanceKlass sun/security/util/SignatureFileVerifier
instanceKlass java/util/zip/ZipFile$InflaterCleanupAction
instanceKlass java/util/zip/Inflater$InflaterZStreamRef
instanceKlass java/util/zip/Inflater
instanceKlass java/util/zip/ZipEntry
instanceKlass jdk/internal/util/jar/JarIndex
instanceKlass java/nio/Bits$1
instanceKlass jdk/internal/misc/VM$BufferPool
instanceKlass java/nio/Bits
instanceKlass sun/nio/ch/DirectBuffer
instanceKlass jdk/internal/perf/PerfCounter$CoreCounters
instanceKlass jdk/internal/perf/Perf
instanceKlass jdk/internal/perf/Perf$GetPerfAction
instanceKlass jdk/internal/perf/PerfCounter
instanceKlass java/nio/file/attribute/FileTime
instanceKlass java/util/zip/ZipUtils
instanceKlass java/util/zip/ZipFile$Source$End
instanceKlass java/io/RandomAccessFile$2
instanceKlass jdk/internal/access/JavaIORandomAccessFileAccess
instanceKlass java/io/RandomAccessFile
instanceKlass java/io/DataInput
instanceKlass java/io/DataOutput
instanceKlass sun/nio/fs/WindowsNativeDispatcher$CompletionStatus
instanceKlass sun/nio/fs/WindowsNativeDispatcher$AclInformation
instanceKlass sun/nio/fs/WindowsNativeDispatcher$Account
instanceKlass sun/nio/fs/WindowsNativeDispatcher$DiskFreeSpace
instanceKlass sun/nio/fs/WindowsNativeDispatcher$VolumeInformation
instanceKlass sun/nio/fs/WindowsNativeDispatcher$FirstStream
instanceKlass sun/nio/fs/WindowsNativeDispatcher$FirstFile
instanceKlass java/util/concurrent/ConcurrentHashMap$Traverser
instanceKlass java/util/Enumeration
instanceKlass java/util/concurrent/ConcurrentHashMap$CollectionView
instanceKlass jdk/internal/loader/NativeLibraries$NativeLibraryImpl
instanceKlass jdk/internal/loader/NativeLibrary
instanceKlass java/util/ArrayDeque$DeqIterator
instanceKlass jdk/internal/loader/NativeLibraries$1
instanceKlass jdk/internal/loader/NativeLibraries$LibraryPaths
instanceKlass sun/nio/fs/WindowsNativeDispatcher
instanceKlass sun/nio/fs/NativeBuffer$Deallocator
instanceKlass sun/nio/fs/NativeBuffer
instanceKlass java/lang/ThreadLocal$ThreadLocalMap
instanceKlass sun/nio/fs/NativeBuffers
instanceKlass sun/nio/fs/WindowsFileAttributes
instanceKlass java/nio/file/attribute/DosFileAttributes
instanceKlass sun/nio/fs/AbstractBasicFileAttributeView
instanceKlass sun/nio/fs/DynamicFileAttributeView
instanceKlass sun/nio/fs/WindowsFileAttributeViews
instanceKlass java/lang/Class$1
instanceKlass java/lang/Class$Atomic
instanceKlass java/lang/Class$ReflectionData
instanceKlass java/nio/charset/StandardCharsets
instanceKlass sun/nio/fs/Util
instanceKlass java/nio/file/attribute/BasicFileAttributeView
instanceKlass java/nio/file/attribute/FileAttributeView
instanceKlass java/nio/file/attribute/AttributeView
instanceKlass java/nio/file/Files
instanceKlass java/nio/file/CopyOption
instanceKlass java/nio/file/attribute/BasicFileAttributes
instanceKlass sun/nio/fs/WindowsPath
instanceKlass java/nio/file/Path
instanceKlass java/nio/file/Watchable
instanceKlass java/util/zip/ZipFile$Source$Key
instanceKlass sun/nio/fs/WindowsPathParser$Result
instanceKlass sun/nio/fs/WindowsPathParser
instanceKlass java/util/Collections$UnmodifiableCollection
instanceKlass java/util/Arrays$ArrayItr
instanceKlass java/nio/file/FileSystem
instanceKlass java/nio/file/OpenOption
instanceKlass java/nio/file/spi/FileSystemProvider
instanceKlass sun/nio/fs/DefaultFileSystemProvider
instanceKlass java/util/zip/ZipFile$Source
instanceKlass java/lang/ref/Cleaner$Cleanable
instanceKlass jdk/internal/ref/CleanerImpl
instanceKlass java/lang/ref/Cleaner$1
instanceKlass java/lang/ref/Cleaner
instanceKlass jdk/internal/ref/CleanerFactory$1
instanceKlass java/util/concurrent/ThreadFactory
instanceKlass jdk/internal/ref/CleanerFactory
instanceKlass java/util/zip/ZipCoder
instanceKlass java/util/zip/ZipFile$CleanableResource
instanceKlass java/lang/Runtime$Version
instanceKlass java/util/jar/JavaUtilJarAccessImpl
instanceKlass jdk/internal/access/JavaUtilJarAccess
instanceKlass jdk/internal/loader/FileURLMapper
instanceKlass jdk/internal/loader/URLClassPath$JarLoader$1
instanceKlass java/util/zip/ZipFile$1
instanceKlass jdk/internal/access/JavaUtilZipFileAccess
instanceKlass java/util/zip/ZipFile
instanceKlass java/util/zip/ZipConstants
instanceKlass java/nio/charset/CoderResult
instanceKlass java/lang/StringCoding
instanceKlass java/nio/charset/CharsetDecoder
instanceKlass java/lang/Readable
instanceKlass jdk/internal/loader/URLClassPath$Loader
instanceKlass jdk/internal/loader/URLClassPath$3
instanceKlass java/security/PrivilegedExceptionAction
instanceKlass sun/util/locale/LocaleObjectCache
instanceKlass sun/util/locale/BaseLocale$Key
instanceKlass sun/util/locale/LocaleUtils
instanceKlass sun/util/locale/BaseLocale
instanceKlass java/util/Locale
instanceKlass sun/net/util/URLUtil
instanceKlass java/lang/invoke/StringConcatFactory$3
instanceKlass java/lang/invoke/StringConcatFactory$2
instanceKlass java/lang/invoke/StringConcatFactory$1
instanceKlass java/lang/invoke/StringConcatFactory
instanceKlass java/lang/ModuleLayer$Controller
instanceKlass java/util/concurrent/CopyOnWriteArrayList
instanceKlass jdk/internal/module/ServicesCatalog$ServiceProvider
instanceKlass jdk/internal/loader/AbstractClassLoaderValue$Memoizer
instanceKlass java/util/ImmutableCollections$ListItr
instanceKlass java/util/ListIterator
instanceKlass java/lang/ModuleLayer
instanceKlass jdk/internal/module/ModuleLoaderMap$Modules
instanceKlass jdk/internal/module/ModuleLoaderMap$Mapper
instanceKlass java/util/function/Function
instanceKlass jdk/internal/module/ModuleLoaderMap
instanceKlass java/util/AbstractMap$1$1
instanceKlass java/lang/module/ResolvedModule
instanceKlass java/lang/module/Configuration
instanceKlass jdk/internal/loader/BuiltinClassLoader$LoadedModule
instanceKlass jdk/internal/loader/AbstractClassLoaderValue
instanceKlass jdk/internal/module/ServicesCatalog
instanceKlass jdk/internal/util/Preconditions
instanceKlass sun/net/util/IPAddressUtil
instanceKlass java/net/URLStreamHandler
instanceKlass java/lang/StringUTF16
instanceKlass java/util/HexFormat
instanceKlass sun/net/www/ParseUtil
instanceKlass java/net/URL$3
instanceKlass jdk/internal/access/JavaNetURLAccess
instanceKlass java/net/URL$DefaultFactory
instanceKlass java/net/URLStreamHandlerFactory
instanceKlass jdk/internal/loader/URLClassPath
instanceKlass java/security/Principal
instanceKlass java/security/ProtectionDomain$Key
instanceKlass java/security/ProtectionDomain$JavaSecurityAccessImpl
instanceKlass jdk/internal/access/JavaSecurityAccess
instanceKlass java/lang/ClassLoader$ParallelLoaders
instanceKlass java/security/cert/Certificate
instanceKlass jdk/internal/loader/ArchivedClassLoaders
instanceKlass java/util/Deque
instanceKlass java/util/Queue
instanceKlass jdk/internal/loader/ClassLoaderHelper
instanceKlass jdk/internal/loader/NativeLibraries
instanceKlass jdk/internal/loader/BootLoader
instanceKlass java/util/Optional
instanceKlass jdk/internal/module/SystemModuleFinders$SystemModuleFinder
instanceKlass java/lang/module/ModuleFinder
instanceKlass jdk/internal/module/SystemModuleFinders$3
instanceKlass jdk/internal/module/ModuleHashes$HashSupplier
instanceKlass jdk/internal/module/SystemModuleFinders$2
instanceKlass java/util/function/Supplier
instanceKlass java/lang/module/ModuleReference
instanceKlass jdk/internal/module/ModuleResolution
instanceKlass java/util/Collections$UnmodifiableMap
instanceKlass jdk/internal/module/ModuleHashes$Builder
instanceKlass jdk/internal/module/ModuleHashes
instanceKlass jdk/internal/module/ModuleTarget
instanceKlass java/util/ImmutableCollections$Set12$1
instanceKlass java/lang/Enum
instanceKlass java/lang/module/ModuleDescriptor$Version
instanceKlass java/lang/module/ModuleDescriptor$Provides
instanceKlass java/lang/module/ModuleDescriptor$Opens
instanceKlass java/util/ImmutableCollections$SetN$SetNIterator
instanceKlass java/lang/module/ModuleDescriptor$Exports
instanceKlass java/lang/module/ModuleDescriptor$Requires
instanceKlass jdk/internal/module/Builder
instanceKlass jdk/internal/module/SystemModules$default
instanceKlass jdk/internal/module/SystemModules
instanceKlass jdk/internal/module/SystemModulesMap
instanceKlass java/net/URI$1
instanceKlass jdk/internal/access/JavaNetUriAccess
instanceKlass java/net/URI
instanceKlass jdk/internal/module/SystemModuleFinders
instanceKlass jdk/internal/module/ArchivedModuleGraph
instanceKlass jdk/internal/module/ArchivedBootLayer
instanceKlass jdk/internal/module/ModuleBootstrap$Counters
instanceKlass jdk/internal/module/ModulePatcher
instanceKlass jdk/internal/util/ArraysSupport
instanceKlass java/io/FileSystem
instanceKlass java/io/DefaultFileSystem
instanceKlass java/io/File
instanceKlass java/lang/module/ModuleDescriptor$1
instanceKlass jdk/internal/access/JavaLangModuleAccess
instanceKlass java/lang/reflect/Modifier
instanceKlass sun/invoke/util/VerifyAccess
instanceKlass java/lang/module/ModuleDescriptor
instanceKlass jdk/internal/module/ModuleBootstrap
instanceKlass java/lang/invoke/MethodHandleStatics
instanceKlass java/util/Collections
instanceKlass sun/io/Win32ErrorMode
instanceKlass jdk/internal/misc/OSEnvironment
instanceKlass jdk/internal/misc/Signal$NativeHandler
instanceKlass java/util/Hashtable$Entry
instanceKlass jdk/internal/misc/Signal
instanceKlass java/lang/Terminator$1
instanceKlass jdk/internal/misc/Signal$Handler
instanceKlass java/lang/Terminator
instanceKlass java/nio/ByteOrder
instanceKlass java/nio/Buffer$1
instanceKlass jdk/internal/access/JavaNioAccess
instanceKlass jdk/internal/misc/ScopedMemoryAccess
instanceKlass java/nio/charset/CodingErrorAction
instanceKlass java/nio/charset/CharsetEncoder
instanceKlass sun/nio/cs/HistoricallyNamedCharset
instanceKlass sun/security/action/GetPropertyAction
instanceKlass java/lang/ThreadLocal
instanceKlass java/nio/charset/spi/CharsetProvider
instanceKlass java/nio/charset/Charset
instanceKlass java/io/Writer
instanceKlass java/io/OutputStream
instanceKlass java/io/Flushable
instanceKlass java/io/FileDescriptor$1
instanceKlass jdk/internal/access/JavaIOFileDescriptorAccess
instanceKlass java/io/FileDescriptor
instanceKlass jdk/internal/util/StaticProperty
instanceKlass java/util/HashMap$HashIterator
instanceKlass java/lang/Integer$IntegerCache
instanceKlass java/lang/CharacterData
instanceKlass java/util/Arrays
instanceKlass java/lang/VersionProps
instanceKlass java/lang/StringConcatHelper
instanceKlass jdk/internal/util/SystemProps$Raw
instanceKlass jdk/internal/util/SystemProps
instanceKlass java/lang/System$2
instanceKlass jdk/internal/access/JavaLangAccess
instanceKlass jdk/internal/misc/VM
instanceKlass java/lang/ref/Reference$1
instanceKlass jdk/internal/access/JavaLangRefAccess
instanceKlass java/lang/ref/ReferenceQueue$Lock
instanceKlass java/lang/ref/ReferenceQueue
instanceKlass jdk/internal/reflect/ReflectionFactory
instanceKlass jdk/internal/reflect/ReflectionFactory$GetReflectionFactoryAction
instanceKlass java/security/PrivilegedAction
instanceKlass java/util/concurrent/locks/LockSupport
instanceKlass java/util/concurrent/ConcurrentHashMap$Node
instanceKlass java/util/concurrent/ConcurrentHashMap$CounterCell
instanceKlass java/util/concurrent/locks/ReentrantLock
instanceKlass java/util/concurrent/locks/Lock
instanceKlass java/lang/Runtime
instanceKlass java/util/HashMap$Node
instanceKlass java/util/KeyValueHolder
instanceKlass java/util/Map$Entry
instanceKlass java/util/ImmutableCollections$MapN$MapNIterator
instanceKlass java/lang/Math
instanceKlass jdk/internal/reflect/Reflection
instanceKlass java/lang/invoke/MethodHandles$Lookup
instanceKlass java/lang/StringLatin1
instanceKlass java/security/Permission
instanceKlass java/security/Guard
instanceKlass java/lang/invoke/MemberName$Factory
instanceKlass java/lang/invoke/MethodHandles
instanceKlass jdk/internal/access/SharedSecrets
instanceKlass java/lang/reflect/ReflectAccess
instanceKlass jdk/internal/access/JavaLangReflectAccess
instanceKlass java/util/ImmutableCollections
instanceKlass java/util/Objects
instanceKlass java/util/Set
instanceKlass jdk/internal/misc/CDS
instanceKlass java/lang/Module$ArchivedData
instanceKlass java/lang/String$CaseInsensitiveComparator
instanceKlass java/util/Comparator
instanceKlass java/io/ObjectStreamField
instanceKlass jdk/internal/vm/vector/VectorSupport$VectorPayload
instanceKlass jdk/internal/vm/vector/VectorSupport
instanceKlass java/lang/reflect/RecordComponent
instanceKlass java/util/Iterator
instanceKlass java/lang/Number
instanceKlass java/lang/Character
instanceKlass java/lang/Boolean
instanceKlass java/util/concurrent/locks/AbstractOwnableSynchronizer
instanceKlass java/lang/LiveStackFrame
instanceKlass java/lang/StackFrameInfo
instanceKlass java/lang/StackWalker$StackFrame
instanceKlass java/lang/StackStreamFactory$AbstractStackWalker
instanceKlass java/lang/StackWalker
instanceKlass java/nio/Buffer
instanceKlass java/lang/StackTraceElement
instanceKlass java/util/AbstractCollection
instanceKlass java/util/RandomAccess
instanceKlass java/util/List
instanceKlass java/util/Collection
instanceKlass java/lang/Iterable
instanceKlass java/util/AbstractMap
instanceKlass java/util/concurrent/ConcurrentMap
instanceKlass java/security/CodeSource
instanceKlass jdk/internal/loader/ClassLoaders
instanceKlass java/util/jar/Manifest
instanceKlass java/net/URL
instanceKlass java/io/InputStream
instanceKlass java/io/Closeable
instanceKlass java/lang/AutoCloseable
instanceKlass jdk/internal/module/Modules
instanceKlass jdk/internal/misc/Unsafe
instanceKlass jdk/internal/misc/UnsafeConstants
instanceKlass java/lang/AbstractStringBuilder
instanceKlass java/lang/Appendable
instanceKlass java/lang/AssertionStatusDirectives
instanceKlass java/lang/invoke/MethodHandleNatives$CallSiteContext
instanceKlass jdk/internal/invoke/NativeEntryPoint
instanceKlass java/lang/invoke/CallSite
instanceKlass java/lang/invoke/MethodType
instanceKlass java/lang/invoke/TypeDescriptor$OfMethod
instanceKlass java/lang/invoke/LambdaForm
instanceKlass java/lang/invoke/MethodHandleNatives
instanceKlass java/lang/invoke/ResolvedMethodName
instanceKlass java/lang/invoke/MemberName
instanceKlass java/lang/invoke/VarHandle
instanceKlass java/lang/invoke/MethodHandle
instanceKlass jdk/internal/reflect/CallerSensitive
instanceKlass java/lang/annotation/Annotation
instanceKlass jdk/internal/reflect/FieldAccessor
instanceKlass jdk/internal/reflect/ConstantPool
instanceKlass jdk/internal/reflect/ConstructorAccessor
instanceKlass jdk/internal/reflect/MethodAccessor
instanceKlass jdk/internal/reflect/MagicAccessorImpl
instanceKlass java/lang/reflect/Parameter
instanceKlass java/lang/reflect/Member
instanceKlass java/lang/reflect/AccessibleObject
instanceKlass java/lang/Module
instanceKlass java/util/Dictionary
instanceKlass java/util/Map
instanceKlass java/lang/ThreadGroup
instanceKlass java/lang/Thread$UncaughtExceptionHandler
instanceKlass java/lang/Thread
instanceKlass java/lang/Runnable
instanceKlass java/lang/ref/Reference
instanceKlass java/lang/Record
instanceKlass java/security/AccessController
instanceKlass java/security/AccessControlContext
instanceKlass java/security/ProtectionDomain
instanceKlass java/lang/SecurityManager
instanceKlass java/lang/Throwable
instanceKlass java/lang/System
instanceKlass java/lang/ClassLoader
instanceKlass java/lang/Cloneable
instanceKlass java/lang/Class
instanceKlass java/lang/invoke/TypeDescriptor$OfField
instanceKlass java/lang/invoke/TypeDescriptor
instanceKlass java/lang/reflect/Type
instanceKlass java/lang/reflect/GenericDeclaration
instanceKlass java/lang/reflect/AnnotatedElement
instanceKlass java/lang/String
instanceKlass java/lang/constant/ConstantDesc
instanceKlass java/lang/constant/Constable
instanceKlass java/lang/CharSequence
instanceKlass java/lang/Comparable
instanceKlass java/io/Serializable
ciInstanceKlass java/lang/Object 1 1 92 7 1 10 12 1 1 10 7 12 1 1 1 10 7 12 1 1 1 10 12 1 1 8 1 10 12 1 1 10 7 12 1 1 1 10 12 1 10 12 1 1 100 1 8 1 10 12 1 3 8 1 100 1 5 0 1 1 1 1 1 1 1 1 1 1 1 1 1 1 1 1 7 1 1 1 7 1 1 1 1 1 1 1 7 1 1 1 1 1 1 1
ciInstanceKlass java/io/Serializable 1 0 7 100 1 100 1 1 1
ciInstanceKlass java/lang/String 1 1 1396 10 7 12 1 1 1 8 1 9 7 12 1 1 1 9 12 1 1 9 12 1 1 10 12 1 10 12 1 1 10 12 1 1 9 12 1 1 10 7 12 1 1 1 10 7 1 10 7 12 1 1 1 10 12 1 1 10 12 1 1 10 12 1 10 12 1 1 10 12 1 10 7 12 1 1 1 9 7 12 1 1 1 10 7 12 1 1 1 10 12 1 1 10 12 1 1 10 12 1 1 10 12 1 1 10 12 1 1 9 7 12 1 1 10 12 9 7 12 1 1 3 10 7 12 1 1 1 7 1 11 12 1 1 11 12 1 11 12 1 1 10 100 12 1 1 1 10 12 1 1 9 100 12 1 1 1 10 12 1 1 10 12 1 11 12 1 1 10 12 1 1 10 12 10 12 1 1 10 100 12 1 1 1 10 7 12 1 1 1 10 12 1 1 7 1 100 1 10 12 1 10 12 1 10 12 1 1 100 1 10 12 1 1 100 1 10 12 1 1 10 12 1 1 10 10 12 1 100 1 100 1 7 1 10 12 1 10 12 1 1 10 12 1 1 10 12 1 10 12 1 1 10 12 1 1 10 100 12 1 1 100 1 11 11 12 1 11 12 1 10 12 1 1 10 12 1 10 12 10 12 1 1 10 10 100 12 1 1 1 10 100 12 1 1 10 12 1 1 10 100 12 1 1 10 12 1 10 12 1 1 10 12 1 1 10 12 1 10 12 1 10 12 1 1 100 1 10 12 1 1 10 12 10 12 1 10 12 1 1 10 7 12 1 1 1 10 12 1 10 12 1 1 10 12 1 10 12 1 3 3 10 12 1 10 12 1 1 10 12 1 1 10 12 1 1 10 12 1 10 12 1 1 10 12 1 1 10 12 1 10 12 1 10 12 1 10 12 1 1 10 12 1 10 12 1 10 12 1 10 12 1 10 12 1 10 12 1 10 100 1 10 8 1 10 12 1 1 10 12 1 8 1 10 12 1 1 10 12 10 12 1 8 1 10 10 12 1 1 10 12 1 1 10 12 1 10 12 1 1 10 12 10 100 1 10 10 12 1 10 12 1 10 12 1 10 10 12 1 10 12 1 1 10 12 1 100 1 10 10 12 1 100 1 10 10 12 1 10 12 1 1 10 12 1 10 12 1 1 10 10 12 1 1 10 100 1 10 10 12 1 10 12 1 1 10 12 1 1 10 100 1 10 12 1 10 12 1 10 12 1 10 12 1 1 10 12 1 11 7 1 11 12 10 12 1 10 12 1 1 10 12 1 1 10 10 12 1 10 12 1 9 12 1 1 11 7 12 1 1 1 10 10 12 1 10 12 1 1 10 10 12 1 10 12 1 10 12 1 1 9 12 1 10 12 1 1 10 10 12 1 1 10 12 10 10 12 1 10 12 10 10 12 10 10 12 1 10 12 1 10 12 10 10 12 10 12 1 10 12 10 12 10 10 12 1 10 12 1 1 10 12 1 10 10 12 1 10 7 12 1 1 1 10 12 1 1 10 10 7 12 1 1 1 11 10 12 1 10 12 1 1 10 12 1 1 10 7 12 1 1 1 10 12 1 10 10 12 1 10 12 1 10 12 1 10 100 12 1 1 10 12 1 100 1 100 1 8 1 10 10 10 12 1 8 1 10 12 1 3 3 7 1 10 10 12 1 10 12 1 10 12 1 1 10 12 1 1 11 7 12 1 1 1 7 1 10 12 1 1 10 12 1 10 12 1 1 10 12 1 1 8 1 10 12 1 1 10 12 1 11 7 12 1 1 1 11 7 12 1 1 11 12 1 1 10 12 1 10 12 1 1 10 10 7 12 1 1 1 10 12 1 10 12 1 10 10 12 10 12 1 1 10 10 12 1 10 10 12 1 10 10 12 1 10 10 12 1 10 12 1 1 10 10 12 1 8 1 10 12 1 1 18 12 1 1 11 100 12 1 1 1 7 1 3 18 12 1 18 12 1 8 1 10 100 12 1 1 1 11 12 1 1 10 12 10 10 12 1 10 11 12 1 1 10 12 1 1 11 12 1 18 3 11 10 12 1 11 11 10 12 1 10 12 1 1 8 1 10 12 1 10 12 1 10 12 1 1 10 10 12 1 11 100 12 1 7 1 100 1 10 12 1 7 1 10 10 7 12 1 1 1 100 1 10 7 1 10 10 12 1 10 10 12 1 8 1 10 10 12 1 8 1 8 1 10 12 1 10 12 1 10 10 12 10 100 12 1 1 10 100 12 1 1 10 100 12 1 1 8 1 10 12 1 10 12 1 1 10 10 12 8 1 8 1 10 8 1 8 1 8 1 8 1 10 12 1 10 12 1 8 1 10 100 12 1 1 1 10 12 10 12 1 1 10 12 10 10 12 10 12 7 1 9 12 1 1 7 1 10 100 1 100 1 100 1 100 1 1 1 1 1 1 5 0 1 1 1 1 1 3 1 3 1 1 1 1 1 1 1 1 1 1 1 1 1 1 1 100 1 1 1 100 1 1 1 1 1 1 1 1 1 1 1 1 1 1 1 1 1 1 1 1 1 1 1 1 1 1 1 100 1 1 1 1 1 1 1 1 1 100 1 1 1 1 1 1 1 1 1 1 1 1 1 1 1 1 1 1 1 1 1 1 1 1 1 1 1 1 1 1 1 1 1 1 1 1 1 1 1 1 1 1 1 1 1 1 1 1 1 1 1 1 1 1 1 1 1 1 1 1 1 1 1 1 1 1 1 1 1 1 1 1 1 1 1 1 1 1 1 1 1 1 1 1 1 1 1 1 1 1 1 1 1 1 1 1 1 1 1 1 1 1 1 1 1 1 1 1 1 1 1 1 1 1 1 1 1 1 1 1 1 1 1 1 1 1 1 1 1 1 1 1 1 1 1 1 1 1 1 1 1 1 1 1 1 1 1 1 1 1 1 1 1 1 1 1 1 1 1 1 1 1 1 1 1 1 1 1 1 100 1 1 1 1 1 1 1 1 1 1 1 1 1 1 1 1 1 1 1 1 1 1 1 1 100 1 1 1 1 1 1 1 1 1 1 1 1 1 7 1 1 1 1 1 1 1 1 1 1 1 1 1 1 1 15 10 100 12 1 1 1 16 15 10 12 16 15 10 12 15 10 12 15 10 12 1 1 1 1 100 1 100 1 1 1
staticfield java/lang/String COMPACT_STRINGS Z 1
staticfield java/lang/String serialPersistentFields [Ljava/io/ObjectStreamField; 0 [Ljava/io/ObjectStreamField;
staticfield java/lang/String CASE_INSENSITIVE_ORDER Ljava/util/Comparator; java/lang/String$CaseInsensitiveComparator
ciInstanceKlass java/lang/Class 1 1 1611 10 7 12 1 1 1 9 7 12 1 1 1 9 12 1 1 7 1 10 10 12 1 1 8 1 10 12 1 8 1 8 1 10 12 1 1 10 12 1 1 10 12 1 10 10 12 1 10 12 1 1 10 12 1 1 10 7 12 1 1 10 12 1 10 12 1 10 12 1 8 1 10 12 1 8 1 10 12 1 8 1 8 1 10 12 1 1 10 7 12 1 1 1 18 12 1 1 11 7 12 1 1 1 8 1 8 1 8 1 10 7 12 1 1 1 11 12 1 1 7 1 8 1 10 12 1 11 7 12 1 1 1 10 12 1 1 11 8 1 18 8 1 10 12 1 10 7 12 1 1 10 7 12 1 1 1 10 12 1 1 10 7 12 1 1 1 9 7 12 1 1 1 10 100 12 1 1 1 10 7 12 1 1 1 10 12 1 1 18 12 1 1 10 7 12 1 1 1 10 7 12 1 1 10 12 1 1 10 7 1 100 1 10 12 1 1 9 12 1 1 7 1 8 1 10 12 1 10 12 1 1 10 12 1 1 10 7 12 1 1 1 7 1 10 12 1 7 1 7 1 10 10 12 1 1 10 12 1 1 100 1 10 100 12 1 1 1 10 12 1 1 10 12 1 1 9 12 1 1 10 12 1 10 12 1 10 12 1 1 9 12 1 1 9 12 1 1 10 12 1 1 10 7 1 10 12 1 10 12 1 10 12 1 1 10 9 12 1 10 12 1 8 1 10 12 1 1 10 12 1 1 10 12 1 10 12 1 1 10 12 1 1 10 12 1 1 9 7 12 1 1 1 10 7 12 1 1 10 12 10 12 1 10 12 1 1 10 100 12 1 1 10 12 1 10 12 1 1 10 100 12 1 1 1 10 12 1 10 12 1 1 10 12 1 10 12 1 10 12 1 1 10 7 1 10 10 10 12 1 1 10 12 1 1 10 12 10 12 1 1 100 1 8 1 10 10 12 1 1 10 12 1 100 1 11 12 1 10 100 12 1 1 10 12 1 10 12 1 10 100 12 1 1 10 10 12 1 1 8 1 10 12 1 10 12 1 1 8 1 9 12 1 10 12 1 10 12 1 10 12 1 10 12 100 1 9 12 1 10 12 1 9 12 1 10 12 1 10 12 1 10 12 1 10 10 12 1 10 12 1 10 12 1 10 12 1 10 12 1 10 12 1 100 1 10 12 1 10 12 1 1 10 12 1 1 10 12 1 1 10 12 1 1 10 12 1 1 10 12 1 1 7 1 10 10 12 1 1 10 12 1 1 10 12 1 1 10 10 12 1 10 12 1 1 10 12 1 1 10 12 1 1 10 12 1 1 7 1 10 10 12 11 100 12 1 1 10 12 1 1 10 12 1 10 7 12 1 1 1 10 12 1 1 10 10 12 1 1 100 1 10 10 12 1 1 10 100 12 1 1 1 100 1 7 1 10 12 1 1 10 12 1 10 10 12 1 1 10 12 1 10 12 1 10 12 1 10 100 12 1 1 1 11 7 12 1 1 10 12 1 10 12 1 9 12 1 10 12 1 1 10 12 1 9 12 1 1 7 1 10 9 12 1 1 10 12 7 1 10 12 1 9 12 1 10 100 12 1 1 1 10 12 1 10 12 1 10 100 12 1 1 1 10 12 1 10 12 10 12 1 1 100 1 10 8 1 10 12 1 11 11 12 1 1 11 7 12 1 1 11 12 1 8 1 10 12 1 10 12 1 1 9 12 1 9 12 1 1 10 7 12 1 1 9 12 1 10 12 1 1 10 10 12 1 10 7 12 1 1 1 10 7 12 1 1 10 7 12 1 1 9 12 1 1 10 12 1 9 12 1 10 12 1 10 12 1 1 9 12 1 1 9 12 1 10 12 1 10 12 1 1 9 12 1 100 1 10 10 12 1 1 7 1 10 12 1 1 100 11 100 1 9 12 1 1 9 12 1 7 1 10 12 1 9 12 1 1 9 12 1 10 12 1 10 12 1 1 9 12 1 7 1 10 10 12 1 1 10 10 12 1 1 10 12 10 10 12 1 9 12 1 10 12 1 1 10 7 12 1 1 1 10 12 1 1 10 12 1 8 10 7 8 1 18 8 1 8 1 10 12 1 9 12 1 9 12 1 1 10 12 1 7 1 7 1 10 12 1 9 12 1 1 7 1 10 10 12 1 10 7 1 9 12 1 8 1 10 12 1 7 1 10 12 1 10 12 1 1 9 12 1 100 1 8 1 10 7 1 4 10 10 12 11 7 12 1 1 1 10 12 1 100 1 10 12 1 1 10 8 1 8 1 10 12 1 1 9 7 12 1 1 11 12 7 1 11 7 12 1 1 9 12 1 10 100 12 1 1 1 10 7 12 1 1 10 12 1 1 9 12 1 9 10 12 1 1 10 12 1 1 10 12 1 1 10 12 1 1 10 12 1 1 11 12 1 7 1 11 12 1 10 7 12 1 1 1 10 12 1 100 1 11 12 1 10 100 12 1 1 1 10 12 1 10 11 12 1 11 12 1 1 10 12 1 10 12 1 1 9 12 1 1 9 100 12 1 1 10 12 1 10 100 12 1 1 1 10 12 1 1 10 12 1 10 12 1 10 12 1 10 7 12 1 1 1 10 12 1 8 1 10 12 1 10 12 1 10 12 1 10 100 12 1 1 1 11 100 12 1 1 1 10 12 1 1 10 12 1 18 12 1 1 11 12 1 1 18 11 12 1 18 12 1 11 12 1 10 12 1 1 10 12 1 10 12 1 10 12 10 12 1 8 1 10 12 1 7 1 9 12 1 1 100 1 100 1 100 1 100 1 100 1 1 1 3 1 3 1 3 1 1 1 1 1 1 1 5 0 1 1 1 1 1 1 1 1 1 1 1 1 1 1 1 1 1 1 1 1 1 1 1 100 1 1 1 1 1 1 1 100 1 1 1 1 1 1 7 1 1 1 1 1 1 1 1 1 1 1 1 1 1 1 1 1 1 1 1 1 1 1 1 1 1 1 1 1 1 1 1 1 1 1 1 1 1 100 1 1 1 1 1 1 1 1 1 1 1 1 1 1 1 1 1 1 1 1 1 1 1 1 1 1 1 1 100 1 1 1 1 1 1 1 1 1 1 1 1 1 1 1 1 1 1 1 1 1 1 1 1 1 1 1 1 1 1 1 1 1 1 1 1 1 1 1 1 1 1 1 1 1 1 1 1 1 1 1 1 1 100 1 100 1 1 1 1 1 1 1 1 1 1 1 1 1 1 1 1 1 1 1 1 1 1 1 1 1 1 1 1 1 1 1 1 1 1 1 1 1 1 1 1 1 1 1 1 1 1 1 1 1 1 1 1 1 1 1 1 1 1 1 1 1 1 1 100 1 1 1 1 1 1 1 1 1 1 1 1 1 1 1 1 1 1 1 1 1 1 1 1 1 1 1 1 1 1 1 1 1 1 1 1 1 1 1 1 1 1 1 1 1 1 1 1 1 1 1 1 1 1 1 1 1 1 1 1 1 1 1 1 1 1 1 1 15 10 7 12 1 1 1 16 15 10 12 16 15 11 12 16 1 16 15 16 15 10 12 16 16 15 10 12 16 15 16 1 15 10 12 16 1 1 1 1 1 1 1 1 100 1 1 100 1 100 1 1 100 1 100 1 1
staticfield java/lang/Class EMPTY_CLASS_ARRAY [Ljava/lang/Class; 0 [Ljava/lang/Class;
staticfield java/lang/Class serialPersistentFields [Ljava/io/ObjectStreamField; 0 [Ljava/io/ObjectStreamField;
ciInstanceKlass java/lang/Cloneable 1 0 7 100 1 100 1 1 1
instanceKlass net/bytebuddy/dynamic/loading/InjectionClassLoader
instanceKlass net/bytebuddy/utility/dispatcher/JavaDispatcher$DynamicClassLoader
instanceKlass org/codehaus/groovy/reflection/ClassLoaderForClassArtifacts
instanceKlass org/codehaus/groovy/reflection/SunClassLoader
instanceKlass groovy/util/GroovyScriptEngine$1
instanceKlass jdk/internal/reflect/DelegatingClassLoader
instanceKlass java/security/SecureClassLoader
ciInstanceKlass java/lang/ClassLoader 1 1 1098 9 7 12 1 1 1 10 7 12 1 1 1 9 12 1 1 10 7 12 1 1 1 7 1 10 12 1 1 10 12 1 1 9 12 1 1 10 12 1 1 100 1 10 12 1 10 12 1 1 10 7 12 1 1 1 100 1 8 1 10 12 1 10 7 12 1 1 1 10 100 12 1 10 7 1 10 7 1 7 1 7 1 10 12 1 10 12 1 9 12 1 1 10 10 7 12 1 1 1 9 12 1 1 9 12 1 9 12 1 1 9 12 1 9 12 1 1 9 12 1 1 7 1 10 12 1 9 12 1 1 10 12 1 1 10 7 12 1 1 1 9 12 1 9 12 1 1 9 12 1 10 12 1 1 9 12 10 12 1 1 7 1 10 8 1 10 12 1 1 10 12 1 10 7 1 7 1 10 12 1 1 10 7 12 1 1 1 8 1 10 12 1 10 12 1 10 12 1 1 10 12 1 1 10 12 1 1 10 12 1 1 10 12 1 1 10 12 1 7 1 10 12 1 10 7 12 1 1 1 10 12 1 1 10 12 1 10 12 1 10 12 1 10 12 1 10 12 1 1 10 10 12 1 10 12 1 10 100 12 1 1 10 12 1 1 10 12 1 1 10 12 1 100 1 10 12 1 100 1 10 12 1 10 100 12 1 1 1 10 10 12 1 1 10 12 1 1 100 1 8 1 10 8 1 10 12 1 10 12 1 100 1 8 1 10 12 1 1 10 12 1 1 10 10 12 1 1 10 12 1 1 10 12 1 1 10 7 1 10 12 1 1 10 12 1 1 10 12 1 1 10 12 1 1 10 12 1 1 10 12 1 1 10 12 1 10 7 12 1 1 1 10 12 1 10 12 1 10 12 1 1 10 12 1 10 12 1 10 12 1 10 12 1 1 10 12 1 10 12 1 1 8 1 9 12 1 10 12 1 1 8 1 8 1 10 7 12 1 1 100 1 10 10 12 10 12 1 10 12 1 10 12 1 10 12 1 1 10 7 12 1 1 10 12 1 10 7 1 7 1 10 12 1 1 10 12 1 10 7 1 10 12 1 100 1 18 12 1 10 100 12 1 1 1 10 100 12 1 1 1 10 7 12 1 1 10 12 1 1 10 12 1 10 12 1 1 7 1 10 12 1 10 12 1 1 10 7 12 1 1 10 12 1 8 1 100 1 10 10 12 1 9 12 1 10 7 12 1 1 10 12 1 100 1 8 1 10 12 1 10 8 1 8 1 10 12 1 1 10 12 1 1 10 12 1 1 10 7 12 1 1 1 100 1 100 1 10 12 1 1 100 1 100 1 10 100 12 1 1 10 12 1 10 12 1 1 10 12 1 10 12 1 1 10 12 1 1 9 100 12 1 1 1 10 12 1 1 10 12 1 10 12 1 10 12 1 1 10 12 1 8 1 10 12 1 7 1 18 12 1 1 10 12 1 1 10 12 1 10 12 1 10 12 1 8 1 10 12 1 10 12 1 18 12 1 11 100 12 1 1 1 100 1 10 12 1 1 10 12 1 10 11 12 1 1 10 18 10 12 1 1 11 100 12 1 18 12 1 11 12 1 1 10 12 10 12 1 1 10 12 1 1 100 1 8 1 10 10 12 1 8 1 8 1 10 100 12 1 1 10 12 1 100 1 10 10 12 1 8 1 8 1 8 1 10 12 1 10 12 1 1 10 12 1 10 100 12 1 1 1 11 100 12 1 1 100 1 10 11 10 12 1 10 12 1 10 12 1 1 9 100 12 1 1 9 12 1 1 9 12 9 12 1 9 12 1 9 12 1 8 10 12 1 1 10 7 12 1 1 1 10 12 1 1 10 12 1 1 10 12 1 10 10 12 1 11 12 1 1 10 100 12 1 1 1 100 1 10 12 1 10 12 1 10 12 1 1 1 1 1 1 1 1 1 1 1 1 1 1 1 1 1 1 1 1 1 1 1 1 1 1 1 1 100 1 1 1 1 1 1 1 1 1 1 1 1 1 1 1 1 1 1 1 1 1 100 1 1 1 1 1 1 1 1 1 1 7 1 1 1 1 1 1 1 1 1 1 1 1 1 1 1 1 1 1 1 1 1 1 1 1 1 1 1 1 1 1 1 1 1 1 1 1 1 1 1 1 1 100 1 1 1 1 1 1 1 1 1 1 1 1 1 1 1 1 1 1 100 1 1 1 1 1 1 1 1 1 1 1 1 1 1 1 1 1 1 1 1 1 1 1 1 1 1 1 1 1 1 1 1 1 1 1 1 1 1 1 1 1 1 1 1 1 1 1 1 1 1 1 100 1 1 1 1 1 1 1 1 1 1 1 1 1 1 1 1 1 1 1 1 1 1 1 1 1 1 1 1 1 1 1 1 1 1 1 1 1 1 1 1 1 1 1 1 1 1 15 10 7 12 1 1 1 16 1 15 10 12 16 1 16 15 10 12 16 1 16 1 15 10 12 16 15 10 12 16 15 10 12 16 1 1 100 1 100 1 1
staticfield java/lang/ClassLoader nocerts [Ljava/security/cert/Certificate; 0 [Ljava/security/cert/Certificate;
staticfield java/lang/ClassLoader $assertionsDisabled Z 1
ciInstanceKlass java/lang/System 1 1 803 10 100 12 1 1 1 9 7 12 1 1 1 10 12 1 10 12 1 1 10 12 1 1 10 12 1 9 12 1 1 10 7 12 1 1 1 11 100 12 1 1 1 10 100 12 1 1 1 10 12 1 1 10 12 1 1 100 1 8 1 10 12 1 10 100 12 1 1 1 10 7 12 1 1 1 18 12 1 1 10 100 12 1 1 1 100 1 10 12 1 1 10 100 12 1 1 1 10 12 1 10 7 12 1 1 1 9 100 12 1 1 1 10 100 12 1 1 1 11 7 12 1 1 1 10 12 1 1 10 7 12 1 1 1 100 1 10 10 12 1 1 8 1 10 12 1 8 1 10 12 1 9 12 1 1 8 1 10 7 12 1 1 1 10 12 1 1 100 1 8 1 10 9 12 1 1 8 1 10 12 1 1 10 100 12 1 1 1 8 1 10 12 1 100 1 10 12 1 8 1 10 12 1 10 12 1 1 100 1 10 12 10 12 1 9 12 1 1 9 12 1 1 10 7 12 1 1 1 10 7 12 1 1 1 10 12 1 1 10 12 1 10 12 1 10 7 12 1 1 1 10 12 1 100 1 100 1 8 1 10 12 1 10 12 1 1 7 1 10 12 1 100 1 8 1 10 10 12 1 100 1 8 1 10 8 1 10 7 12 1 1 8 1 10 12 100 1 8 1 10 10 12 1 1 10 7 12 1 1 1 100 1 18 12 1 100 1 9 100 12 1 1 1 10 12 1 100 1 10 12 1 1 10 12 1 1 10 7 12 1 1 1 10 12 1 1 10 12 1 10 12 1 10 12 1 1 10 12 1 7 1 10 12 1 10 12 1 100 1 10 12 1 10 7 12 1 1 1 100 1 8 1 10 9 12 1 9 12 1 10 12 1 10 100 12 1 1 10 12 1 10 12 1 1 8 1 10 12 1 1 8 1 11 12 1 10 12 11 12 1 1 11 7 12 1 1 1 11 7 12 1 1 11 12 1 1 7 1 11 12 1 10 12 1 8 1 10 12 1 1 8 1 8 1 8 1 8 1 11 12 1 10 12 1 10 12 1 10 12 1 10 7 12 1 1 8 1 7 1 9 7 12 1 1 1 10 12 1 7 1 9 12 10 9 12 7 1 10 12 8 1 10 12 1 1 8 1 10 7 12 1 1 10 12 1 10 7 12 1 1 1 10 12 1 1 10 7 12 1 1 1 10 12 10 7 12 1 1 1 9 12 1 1 100 1 8 1 10 12 1 1 10 7 12 1 1 1 7 1 10 12 1 1 8 1 10 8 1 8 1 8 1 8 1 10 10 7 12 1 1 10 12 1 1 10 12 1 1 10 12 1 1 10 12 1 10 100 12 1 1 1 10 100 1 8 1 10 10 10 12 1 1 10 12 1 1 8 1 10 12 1 8 1 10 12 1 10 12 1 1 7 1 10 10 12 1 10 12 1 9 12 1 1 1 3 1 3 1 1 1 1 1 1 1 1 1 1 1 1 100 1 1 7 1 1 1 1 1 1 1 1 1 1 1 100 1 100 1 1 1 1 1 1 1 1 1 1 1 1 1 1 1 1 1 1 1 1 1 1 1 1 1 1 1 1 1 1 1 1 1 1 1 1 1 1 1 1 1 1 1 1 1 1 1 1 1 1 1 1 1 1 1 1 1 1 100 1 1 1 1 1 1 1 1 1 1 1 1 1 1 1 1 1 1 1 1 1 1 1 1 1 1 1 1 1 1 1 1 1 100 1 1 15 10 100 12 1 1 1 16 15 10 12 1 1 16 15 10 12 16 1 1 1 1 1 1 1 100 1 100 1 1
staticfield java/lang/System in Ljava/io/InputStream; java/io/BufferedInputStream
staticfield java/lang/System out Ljava/io/PrintStream; java/io/PrintStream
staticfield java/lang/System err Ljava/io/PrintStream; java/io/PrintStream
instanceKlass java/lang/Exception
instanceKlass java/lang/Error
ciInstanceKlass java/lang/Throwable 1 1 393 10 7 12 1 1 1 9 7 12 1 1 1 9 12 1 1 9 12 1 9 12 1 1 9 12 1 10 12 1 1 9 12 1 1 10 12 1 1 10 12 1 100 1 100 1 10 8 1 10 12 1 1 8 1 10 100 12 1 1 10 10 12 1 100 1 8 1 10 10 12 1 1 10 7 12 1 1 10 12 1 8 1 9 100 12 1 1 1 10 12 1 1 100 1 10 12 10 12 1 100 1 10 10 7 12 1 1 1 11 100 12 1 1 1 10 100 12 1 1 1 10 12 1 1 10 12 1 1 8 1 10 12 1 10 12 1 1 8 1 8 1 10 12 1 1 10 12 1 8 1 8 1 9 12 1 1 10 100 12 1 1 100 1 10 11 12 1 8 1 8 1 10 7 12 1 1 8 1 10 12 1 8 1 100 1 10 12 1 9 12 1 1 10 12 1 10 7 12 1 9 12 1 1 10 12 1 1 100 1 8 1 10 12 1 10 100 12 1 1 10 12 1 1 100 1 10 100 12 1 1 1 10 12 1 11 100 12 1 1 1 11 100 12 1 1 1 11 12 1 8 1 10 12 1 1 8 1 10 10 9 100 12 1 1 1 8 1 10 12 1 1 10 100 1 8 1 10 11 12 1 1 8 1 9 12 1 10 100 12 1 1 11 9 12 1 1 11 12 1 1 100 10 12 1 10 12 1 1 100 1 1 1 1 5 0 1 1 1 1 1 1 1 1 1 1 1 1 1 100 1 1 1 1 1 1 1 1 1 1 1 1 1 1 1 1 1 1 1 1 1 1 1 1 1 1 1 1 1 1 1 1 1 1 1 1 1 1 1 1 1 1 100 1 100 1 1 1 1 1 1 1 1 1 1 1 1 1 1 1 1 1 1
staticfield java/lang/Throwable UNASSIGNED_STACK [Ljava/lang/StackTraceElement; 0 [Ljava/lang/StackTraceElement;
staticfield java/lang/Throwable SUPPRESSED_SENTINEL Ljava/util/List; java/util/Collections$EmptyList
staticfield java/lang/Throwable EMPTY_THROWABLE_ARRAY [Ljava/lang/Throwable; 0 [Ljava/lang/Throwable;
staticfield java/lang/Throwable $assertionsDisabled Z 1
instanceKlass java/util/ServiceConfigurationError
instanceKlass java/lang/AssertionError
instanceKlass java/lang/VirtualMachineError
instanceKlass java/lang/LinkageError
instanceKlass java/lang/ThreadDeath
ciInstanceKlass java/lang/Error 1 1 40 10 7 12 1 1 1 10 12 1 10 12 1 10 12 1 10 12 1 100 1 1 1 1 5 0 1 1 1 1 1 1 1 1 1 1 1 1 1 1
ciInstanceKlass java/lang/ThreadDeath 0 0 21 10 100 12 1 1 1 100 1 1 1 1 5 0 1 1 1 1 1 1 1
instanceKlass com/kms/katalon/core/webui/exception/WebElementNotInteractableException
instanceKlass groovy/util/ScriptException
instanceKlass sun/security/pkcs11/wrapper/PKCS11Exception
instanceKlass sun/security/ec/ECOperations$IntermediateValueException
instanceKlass org/openqa/selenium/net/UrlChecker$TimeoutException
instanceKlass com/kms/katalon/selenium/exception/W3CCapabilityViolationException
instanceKlass com/kms/katalon/core/exception/IllegalTestObjectException
instanceKlass com/kms/katalon/core/webui/exception/WebElementNotFoundException
instanceKlass javax/security/auth/DestroyFailedException
instanceKlass sun/nio/fs/WindowsException
instanceKlass org/dom4j/DocumentException
instanceKlass javassist/compiler/CompileError
instanceKlass javassist/bytecode/BadBytecode
instanceKlass javassist/CannotCompileException
instanceKlass javassist/NotFoundException
instanceKlass groovy/util/ResourceException
instanceKlass ch/qos/logback/core/util/PropertySetterException
instanceKlass javax/naming/NamingException
instanceKlass ch/qos/logback/core/model/processor/ModelHandlerException
instanceKlass ch/qos/logback/core/spi/ScanException
instanceKlass ch/qos/logback/core/joran/spi/ActionException
instanceKlass javax/xml/parsers/ParserConfigurationException
instanceKlass org/xml/sax/SAXException
instanceKlass ch/qos/logback/core/boolex/EvaluationException
instanceKlass ch/qos/logback/core/util/DynamicClassLoadingException
instanceKlass ch/qos/logback/core/util/IncompatibleClassException
instanceKlass ch/qos/logback/core/joran/spi/JoranException
instanceKlass org/codehaus/groovy/GroovyException
instanceKlass java/beans/PropertyVetoException
instanceKlass java/awt/AWTException
instanceKlass java/sql/SQLException
instanceKlass javax/script/ScriptException
instanceKlass java/text/ParseException
instanceKlass java/util/concurrent/TimeoutException
instanceKlass java/util/concurrent/ExecutionException
instanceKlass java/lang/InterruptedException
instanceKlass java/lang/CloneNotSupportedException
instanceKlass java/security/GeneralSecurityException
instanceKlass java/net/URISyntaxException
instanceKlass java/security/PrivilegedActionException
instanceKlass java/io/IOException
instanceKlass java/lang/ReflectiveOperationException
instanceKlass java/lang/RuntimeException
ciInstanceKlass java/lang/Exception 1 1 40 10 7 12 1 1 1 10 12 1 10 12 1 10 12 1 10 12 1 100 1 1 1 1 5 0 1 1 1 1 1 1 1 1 1 1 1 1 1 1
instanceKlass org/apache/commons/lang/exception/NestableRuntimeException
instanceKlass jdk/internal/net/http/websocket/FailWebSocketException
instanceKlass jdk/internal/net/http/websocket/CheckFailedException
instanceKlass com/networknt/schema/JsonSchemaException
instanceKlass org/openqa/selenium/WebDriverException
instanceKlass java/security/ProviderException
instanceKlass org/greenrobot/eventbus/EventBusException
instanceKlass com/sun/org/apache/xerces/internal/xni/XNIException
instanceKlass javassist/bytecode/StackMapTable$RuntimeCopyException
instanceKlass javassist/bytecode/CodeAttribute$RuntimeCopyException
instanceKlass com/kms/katalon/core/exception/StepErrorException
instanceKlass com/kms/katalon/core/exception/StepFailedException
instanceKlass ch/qos/logback/core/LogbackException
instanceKlass com/kms/katalon/core/exception/KatalonRuntimeException
instanceKlass java/io/UncheckedIOException
instanceKlass com/google/gson/JsonParseException
instanceKlass org/codehaus/groovy/runtime/powerassert/SourceTextNotAvailableException
instanceKlass org/codehaus/groovy/classgen/ClassGeneratorException
instanceKlass java/lang/NegativeArraySizeException
instanceKlass java/util/EmptyStackException
instanceKlass groovyjarjarantlr4/v4/runtime/RecognitionException
instanceKlass java/lang/reflect/UndeclaredThrowableException
instanceKlass java/util/MissingResourceException
instanceKlass java/util/ConcurrentModificationException
instanceKlass java/time/DateTimeException
instanceKlass java/nio/file/FileSystemNotFoundException
instanceKlass java/nio/file/FileSystemAlreadyExistsException
instanceKlass org/codehaus/groovy/vmplugin/v9/ClassFindFailedException
instanceKlass org/codehaus/groovy/control/ConfigurationException
instanceKlass org/w3c/dom/DOMException
instanceKlass java/lang/IllegalStateException
instanceKlass java/util/NoSuchElementException
instanceKlass java/lang/IndexOutOfBoundsException
instanceKlass groovy/lang/StringWriterIOException
instanceKlass java/lang/IllegalCallerException
instanceKlass java/lang/reflect/MalformedParameterizedTypeException
instanceKlass java/lang/TypeNotPresentException
instanceKlass groovyjarjarpicocli/CommandLine$PicocliException
instanceKlass groovy/lang/GroovyRuntimeException
instanceKlass java/lang/UnsupportedOperationException
instanceKlass org/codehaus/groovy/control/ConfigurationException
instanceKlass java/lang/SecurityException
instanceKlass groovy/lang/GroovyRuntimeException
instanceKlass java/lang/IllegalArgumentException
instanceKlass java/lang/ArithmeticException
instanceKlass java/lang/NullPointerException
instanceKlass java/lang/IllegalMonitorStateException
instanceKlass java/lang/ArrayStoreException
instanceKlass java/lang/ClassCastException
ciInstanceKlass java/lang/RuntimeException 1 1 40 10 7 12 1 1 1 10 12 1 10 12 1 10 12 1 10 12 1 100 1 1 1 1 5 0 1 1 1 1 1 1 1 1 1 1 1 1 1 1
instanceKlass javax/crypto/JceSecurityManager
instanceKlass org/codehaus/groovy/reflection/ReflectionUtils$ClassContextHelper
ciInstanceKlass java/lang/SecurityManager 1 1 576 10 7 12 1 1 1 9 7 12 1 1 1 10 7 12 1 1 1 100 1 8 1 10 12 1 10 12 1 1 10 100 12 1 1 1 10 100 1 10 100 1 10 9 100 12 1 1 1 10 7 12 1 1 1 10 12 1 1 10 7 12 1 1 100 1 8 1 10 9 12 1 1 9 12 1 8 1 9 12 1 100 1 10 8 1 10 12 1 1 10 12 1 10 12 1 1 100 1 10 10 12 1 1 100 1 8 1 10 12 1 8 1 8 1 8 1 8 1 8 1 8 1 10 12 1 8 1 8 1 8 1 8 1 8 1 10 100 12 1 1 1 10 12 1 1 8 1 100 1 8 1 10 8 1 8 1 8 1 8 1 8 1 10 100 12 1 1 8 1 100 1 8 1 8 1 10 8 1 10 12 1 100 1 8 1 10 10 12 1 1 10 12 1 10 12 1 10 12 1 10 7 12 1 1 1 10 12 1 10 7 12 1 1 11 7 12 1 1 1 18 12 1 1 11 7 12 1 1 1 18 12 1 1 11 12 1 1 18 18 11 12 1 18 12 1 11 12 1 1 9 12 1 1 9 12 1 9 12 1 9 12 1 7 1 10 7 12 1 1 10 12 1 10 12 1 18 12 1 18 10 7 12 1 1 1 18 12 1 10 12 1 18 18 8 1 10 12 1 9 12 1 1 11 7 12 1 1 1 8 1 100 1 10 12 1 10 12 1 1 10 12 1 1 9 12 1 1 10 12 1 10 12 1 1 8 1 100 1 10 9 12 1 8 1 10 12 1 8 1 100 1 10 10 7 12 1 1 10 7 1 9 7 12 1 1 1 11 12 1 1 10 12 1 11 12 1 10 12 1 7 1 10 10 12 1 1 10 12 1 1 1 1 1 1 1 1 1 1 1 100 1 1 1 1 1 1 1 1 1 1 1 1 1 1 1 1 1 1 1 1 1 1 1 1 1 1 1 1 1 1 1 1 1 1 1 1 1 1 1 1 1 1 1 1 1 1 1 1 1 1 1 1 1 1 1 1 3 1 1 1 1 1 1 1 1 1 1 100 1 1 1 1 1 1 1 1 1 1 1 1 1 1 1 1 1 1 1 1 1 1 1 1 1 1 1 1 1 1 1 1 1 1 1 1 1 1 15 10 7 12 1 1 1 16 15 10 7 12 1 1 1 16 1 16 15 10 12 16 1 15 10 12 16 15 11 7 1 16 1 16 1 15 10 12 16 15 10 12 16 15 10 12 1 16 1 15 11 12 1 15 10 12 16 15 10 16 1 1 1 1 100 1 100 1 1
staticfield java/lang/SecurityManager packageAccessLock Ljava/lang/Object; java/lang/Object
staticfield java/lang/SecurityManager packageDefinitionLock Ljava/lang/Object; java/lang/Object
staticfield java/lang/SecurityManager nonExportedPkgs Ljava/util/Map; java/util/concurrent/ConcurrentHashMap
ciInstanceKlass java/security/ProtectionDomain 1 1 324 10 7 12 1 1 1 9 7 12 1 1 1 7 1 10 9 12 1 1 9 12 1 1 9 12 1 1 10 7 12 1 1 7 1 9 12 1 9 12 1 1 7 1 9 12 1 1 9 12 1 10 100 12 1 1 10 100 12 1 1 1 10 12 1 1 10 12 1 9 12 1 9 100 12 1 1 10 12 1 1 10 100 1 10 12 1 1 8 1 100 1 8 1 10 12 1 10 10 100 12 1 1 1 10 12 1 1 8 1 11 8 1 10 12 1 8 1 8 1 10 12 1 1 10 12 1 10 12 1 1 10 12 1 8 1 10 12 1 8 1 8 1 10 100 12 1 1 1 9 100 12 1 1 1 10 12 1 1 9 100 12 1 1 1 10 100 12 1 1 1 100 1 100 1 10 12 1 10 100 12 1 1 1 10 100 1 10 12 1 10 12 1 1 11 100 12 1 1 11 12 1 100 1 11 100 12 1 1 1 10 12 1 10 11 12 1 1 11 12 1 1 10 12 1 10 7 12 1 1 10 100 12 1 1 11 12 1 10 12 8 1 8 1 10 7 12 1 1 1 7 1 10 10 7 12 1 1 1 1 1 1 1 1 1 1 100 1 1 100 1 1 1 1 1 1 1 1 1 1 1 1 1 1 1 1 1 1 1 1 1 1 1 1 1 1 1 1 1 1 1 1 1 1 1 1 1 1 1 1 1 1 100 1 1 1 1 1 100 1 1 1 1 1
staticfield java/security/ProtectionDomain filePermCompatInPD Z 0
ciInstanceKlass java/security/AccessControlContext 1 1 373 9 7 12 1 1 1 9 12 1 1 10 100 12 1 1 1 8 1 10 100 12 1 1 1 10 7 12 1 1 1 9 12 1 9 12 1 1 9 12 1 1 10 7 12 1 1 100 1 10 12 1 11 100 12 1 1 1 11 12 1 11 12 1 11 12 1 1 7 1 11 12 1 1 10 12 1 10 7 12 1 1 1 9 100 12 1 1 1 10 100 12 1 1 1 11 100 12 1 1 1 10 7 1 100 1 8 1 10 12 1 10 12 1 1 7 1 10 7 12 1 1 1 9 12 1 9 12 1 9 12 1 9 12 1 1 9 12 1 1 9 12 1 9 12 1 10 7 12 1 1 1 9 12 1 10 12 1 1 10 12 1 1 8 1 10 12 1 1 10 12 1 1 10 100 12 1 1 1 100 1 10 10 12 1 1 10 100 12 1 1 1 10 8 1 10 100 12 1 1 8 1 10 100 12 1 1 8 1 8 1 10 12 1 8 1 10 12 1 8 1 10 12 1 10 12 1 10 12 1 1 8 1 8 1 100 1 10 12 1 10 12 1 1 100 1 10 12 1 8 1 10 12 1 10 12 1 10 8 1 10 12 1 1 10 12 1 1 10 12 1 1 10 12 1 1 10 12 1 10 12 1 10 12 1 10 12 1 1 10 10 10 12 1 1 1 1 1 1 1 1 1 1 1 1 1 1 1 1 1 1 1 1 1 1 1 1 100 1 1 1 1 1 1 1 1 1 1 1 1 1 1 1 1 1 1 1 1 1 1 1 1 1 1 1 1 1 1 1 1 1 1 1 1 1 1 1 1 1 1 1 1 1 1 1 1 1 1 1 1 3 1 1
ciInstanceKlass java/security/AccessController 1 1 295 10 100 12 1 1 1 10 7 12 1 1 1 10 7 12 1 1 1 10 12 1 1 10 12 1 1 10 7 12 1 1 1 10 12 1 1 10 12 1 10 12 1 1 10 12 1 100 1 8 1 10 12 1 10 12 1 10 12 1 1 10 12 1 7 1 7 1 10 12 1 1 10 12 1 10 12 1 10 12 1 1 10 7 12 1 1 1 10 12 1 1 9 100 12 1 1 1 10 100 12 1 1 1 10 12 1 10 12 1 9 100 12 1 1 1 10 12 1 10 12 1 1 9 12 1 1 10 100 1 10 11 7 12 1 1 1 10 7 12 1 1 11 7 1 7 1 10 12 1 10 12 1 10 12 1 8 1 10 12 1 1 8 1 10 100 12 1 1 1 8 1 100 1 10 10 12 1 1 10 12 1 10 7 12 1 1 1 10 12 1 8 1 10 100 12 1 1 8 1 8 1 10 12 1 8 1 10 12 1 10 12 1 1 10 12 1 1 1 1 1 1 1 1 1 1 1 1 1 1 1 1 1 1 1 1 1 1 1 1 1 1 1 1 100 1 1 1 1 1 1 1 1 1 1 1 1 1 1 1 1 1 1 1 1 1 1 1 1 1 1 1 1 1 1 1 1 1 1 100 1 7 1 1 1 1 1 1 1 1 1 3 1 1 1
staticfield java/security/AccessController $assertionsDisabled Z 1
instanceKlass java/net/URLClassLoader
instanceKlass jdk/internal/loader/BuiltinClassLoader
ciInstanceKlass java/security/SecureClassLoader 1 1 102 10 7 12 1 1 1 7 1 10 12 1 9 7 12 1 1 1 10 12 1 10 12 1 10 12 1 1 10 12 1 1 10 12 1 7 1 10 7 1 10 12 1 7 1 10 12 1 11 7 12 1 1 1 7 1 11 12 1 10 12 1 1 1 1 1 1 1 1 1 1 1 1 1 1 1 1 1 1 1 1 1 1 1 1 1 1 1 1 1 1 1 1 1 1 1 1 100 1 1 1 1
instanceKlass java/lang/InstantiationException
instanceKlass java/lang/IllegalAccessException
instanceKlass java/lang/reflect/InvocationTargetException
instanceKlass java/lang/NoSuchFieldException
instanceKlass java/lang/NoSuchMethodException
instanceKlass java/lang/ClassNotFoundException
ciInstanceKlass java/lang/ReflectiveOperationException 1 1 34 10 7 12 1 1 1 10 12 1 10 12 1 10 12 1 100 1 1 1 1 5 0 1 1 1 1 1 1 1 1 1 1 1
ciInstanceKlass java/lang/ClassNotFoundException 1 1 96 7 1 10 7 12 1 1 1 10 12 1 10 12 1 1 10 100 12 1 1 1 8 1 10 100 12 1 1 1 10 7 12 1 1 10 100 12 1 1 1 10 100 12 1 1 1 10 12 1 1 7 1 10 12 1 9 12 1 1 1 1 1 5 0 1 1 1 1 1 1 1 1 1 1 1 1 1 1 1 1 1 1 100 1 1 1 1 1 1 1 1 1 1 1 1
staticfield java/lang/ClassNotFoundException serialPersistentFields [Ljava/io/ObjectStreamField; 1 [Ljava/io/ObjectStreamField;
instanceKlass jdk/internal/misc/ThreadTracker$ThreadRef
instanceKlass jdk/net/UnixDomainPrincipal
instanceKlass sun/security/pkcs/SignerInfo$AlgorithmInfo
ciInstanceKlass java/lang/Record 1 1 22 10 7 12 1 1 1 100 1 1 1 1 1 1 1 1 1 1 1 1 1 1
instanceKlass java/lang/ExceptionInInitializerError
instanceKlass java/lang/ClassFormatError
instanceKlass java/lang/IncompatibleClassChangeError
instanceKlass java/lang/BootstrapMethodError
instanceKlass java/lang/NoClassDefFoundError
ciInstanceKlass java/lang/LinkageError 1 1 31 10 7 12 1 1 1 10 12 1 10 12 1 100 1 1 1 1 5 0 1 1 1 1 1 1 1 1 1 1 1
ciInstanceKlass java/lang/NoClassDefFoundError 0 0 26 10 100 12 1 1 1 10 12 1 100 1 1 1 1 5 0 1 1 1 1 1 1 1 1 1
instanceKlass org/codehaus/groovy/runtime/typehandling/GroovyCastException
ciInstanceKlass java/lang/ClassCastException 1 1 26 10 100 12 1 1 1 10 12 1 100 1 1 1 1 5 0 1 1 1 1 1 1 1 1 1
ciInstanceKlass java/lang/ArrayStoreException 1 1 26 10 100 12 1 1 1 10 12 1 100 1 1 1 1 5 0 1 1 1 1 1 1 1 1 1
instanceKlass java/lang/StackOverflowError
instanceKlass java/lang/OutOfMemoryError
instanceKlass java/lang/InternalError
ciInstanceKlass java/lang/VirtualMachineError 1 1 34 10 100 12 1 1 1 10 12 1 10 12 1 10 12 1 100 1 1 1 1 5 0 1 1 1 1 1 1 1 1 1 1 1
ciInstanceKlass java/lang/InternalError 0 0 34 10 100 12 1 1 1 10 12 1 10 12 1 10 12 1 100 1 1 1 1 5 0 1 1 1 1 1 1 1 1 1 1 1
ciInstanceKlass java/lang/OutOfMemoryError 1 1 26 10 100 12 1 1 1 10 12 1 100 1 1 1 1 5 0 1 1 1 1 1 1 1 1 1
ciInstanceKlass java/lang/StackOverflowError 1 1 26 10 100 12 1 1 1 10 12 1 100 1 1 1 1 5 0 1 1 1 1 1 1 1 1 1
ciInstanceKlass java/lang/IllegalMonitorStateException 1 1 26 10 100 12 1 1 1 10 12 1 100 1 1 1 1 5 0 1 1 1 1 1 1 1 1 1
instanceKlass java/lang/ref/PhantomReference
instanceKlass java/lang/ref/FinalReference
instanceKlass java/lang/ref/WeakReference
instanceKlass java/lang/ref/SoftReference
ciInstanceKlass java/lang/ref/Reference 1 1 195 9 7 12 1 1 1 9 7 12 1 1 10 12 1 1 10 12 1 1 9 12 1 1 10 12 1 1 9 12 1 1 9 12 1 1 7 1 10 12 1 10 7 12 1 1 10 12 1 10 12 1 1 10 12 1 9 12 1 10 12 1 1 10 12 1 10 12 1 9 12 1 100 1 100 1 10 12 1 9 12 1 9 12 1 100 1 10 10 12 1 10 10 7 12 1 1 10 7 12 1 1 1 10 12 1 1 10 7 12 1 1 7 1 8 1 10 12 1 10 12 1 1 10 12 1 1 10 12 1 7 1 10 10 7 12 1 1 1 1 1 1 1 1 1 1 1 1 1 1 1 1 1 1 1 100 1 1 1 100 1 1 1 1 1 1 1 1 1 1 1 1 1 1 1 1 1 1 1 1 1 1 1 1 1 1 1 1 1 1 1 1 1 1 1
staticfield java/lang/ref/Reference processPendingLock Ljava/lang/Object; java/lang/Object
staticfield java/lang/ref/Reference $assertionsDisabled Z 1
instanceKlass sun/util/locale/provider/LocaleResources$ResourceReference
instanceKlass sun/util/resources/Bundles$BundleReference
instanceKlass java/util/ResourceBundle$BundleReference
instanceKlass sun/security/util/MemoryCache$SoftCacheEntry
instanceKlass com/sun/beans/util/Cache$Kind$Soft
instanceKlass org/codehaus/groovy/util/ReferenceType$SoftRef
instanceKlass java/lang/invoke/LambdaFormEditor$Transform
instanceKlass sun/util/locale/LocaleObjectCache$CacheEntry
ciInstanceKlass java/lang/ref/SoftReference 1 1 47 10 7 12 1 1 1 9 7 12 1 1 1 9 12 1 10 12 1 10 12 1 1 1 1 1 1 1 1 1 1 1 1 1 1 1 1 1 1 1 1 100 1 1 1 1 1
instanceKlass sun/nio/ch/FileLockTable$FileLockReference
instanceKlass javax/crypto/JceSecurity$WeakIdentityWrapper
instanceKlass java/util/ResourceBundle$KeyElementReference
instanceKlass java/beans/WeakIdentityMap$Entry
instanceKlass java/lang/WeakPairMap$WeakRefPeer
instanceKlass java/util/logging/LogManager$LoggerWeakRef
instanceKlass java/util/logging/Level$KnownLevel
instanceKlass org/codehaus/groovy/util/ReferenceType$WeakRef
instanceKlass java/lang/ClassValue$Entry
instanceKlass java/lang/invoke/MethodType$ConcurrentWeakInternSet$WeakEntry
instanceKlass java/lang/ThreadLocal$ThreadLocalMap$Entry
instanceKlass java/util/WeakHashMap$Entry
ciInstanceKlass java/lang/ref/WeakReference 1 1 31 10 7 12 1 1 1 10 12 1 100 1 1 1 1 1 1 1 1 1 1 1 1 1 1 1 1 1 1 1 1
instanceKlass java/lang/ref/Finalizer
ciInstanceKlass java/lang/ref/FinalReference 1 1 47 10 7 12 1 1 1 10 7 12 1 1 1 10 12 1 1 100 1 8 1 10 12 1 1 1 1 1 1 1 1 1 1 1 1 1 1 1 1 1 1 1 1 1 1 1 1
instanceKlass jdk/internal/ref/PhantomCleanable
instanceKlass jdk/internal/ref/Cleaner
ciInstanceKlass java/lang/ref/PhantomReference 1 1 39 10 100 12 1 1 1 10 7 12 1 1 1 1 1 1 1 1 1 1 1 1 1 1 1 1 1 1 1 1 1 1 1 1 1 1 1 1 1
ciInstanceKlass java/lang/ref/Finalizer 1 1 152 9 7 12 1 1 1 10 7 12 1 1 1 9 12 1 1 9 12 1 1 9 12 1 9 12 1 10 12 1 10 12 1 1 9 12 1 1 100 1 10 12 1 7 1 11 7 12 1 1 100 1 10 12 1 100 1 10 12 1 10 100 12 1 1 1 10 100 12 1 1 1 100 1 10 10 12 1 10 7 12 1 1 1 7 1 10 7 1 10 10 7 12 1 1 1 10 12 1 1 10 7 12 1 1 7 1 10 12 1 10 12 1 1 10 12 1 1 10 12 1 1 1 1 1 1 1 1 1 1 1 1 1 1 1 1 1 1 1 1 1 1 1 1 1 1 1 1 1 1 1 1
staticfield java/lang/ref/Finalizer lock Ljava/lang/Object; java/lang/Object
staticfield java/lang/ref/Finalizer $assertionsDisabled Z 1
instanceKlass jdk/internal/net/http/HttpClientImpl$SelectorManager
instanceKlass java/util/concurrent/ForkJoinWorkerThread
instanceKlass java/util/logging/LogManager$Cleaner
instanceKlass jdk/internal/misc/InnocuousThread
instanceKlass java/lang/ref/Finalizer$FinalizerThread
instanceKlass java/lang/ref/Reference$ReferenceHandler
ciInstanceKlass java/lang/Thread 1 1 612 9 7 12 1 1 1 9 12 1 1 10 12 1 1 9 12 1 1 9 12 1 1 100 1 8 1 10 12 1 1 3 8 1 100 1 5 0 10 12 1 1 10 7 12 1 1 9 12 1 1 9 12 1 9 12 1 1 9 12 1 100 1 8 1 10 9 12 1 1 10 7 12 1 1 1 10 100 12 1 1 1 10 10 7 12 1 1 10 12 1 1 10 12 1 1 9 100 12 1 1 1 10 12 1 1 10 12 1 9 12 1 1 10 12 1 1 10 12 1 1 9 12 1 10 12 1 1 9 12 1 1 10 7 12 1 1 1 9 12 1 1 9 12 1 1 10 12 1 1 10 100 12 1 1 1 9 12 1 10 12 1 1 9 12 1 100 1 10 7 1 10 8 1 10 12 1 1 10 12 1 10 12 1 10 12 1 1 10 12 1 10 12 1 9 12 1 100 1 10 10 12 1 1 10 12 1 10 12 1 100 1 11 7 12 1 1 9 100 12 1 1 1 10 12 1 10 12 1 10 12 9 12 1 1 10 9 12 1 10 12 1 100 1 10 10 12 1 1 9 12 1 10 12 1 11 100 12 1 1 10 12 1 9 12 1 10 12 1 10 12 1 10 10 12 1 10 12 1 10 12 1 10 12 1 10 12 1 1 100 1 10 10 12 1 10 12 1 10 12 1 9 100 12 1 1 1 10 12 1 1 10 12 1 7 1 8 1 10 10 12 1 10 12 8 1 10 12 1 8 1 10 8 1 8 1 10 100 12 1 1 10 100 12 1 1 1 100 1 8 1 10 9 12 1 9 12 1 1 10 12 1 1 10 10 12 1 1 9 12 1 10 12 1 1 100 1 10 12 11 100 12 1 1 1 9 100 12 1 1 1 9 12 1 1 10 12 1 1 100 1 10 12 1 11 100 12 1 1 1 100 1 10 12 1 10 12 1 1 11 12 1 10 12 1 100 1 10 12 1 10 12 1 1 10 7 12 1 1 1 8 1 9 12 1 10 12 1 1 11 100 12 1 1 1 10 100 12 1 1 1 11 12 1 10 12 1 7 1 1 1 1 3 1 3 1 3 1 1 1 1 1 1 1 1 1 1 1 1 1 1 1 1 1 1 1 100 1 1 1 1 1 1 1 1 1 1 1 1 100 1 100 1 1 1 1 1 1 1 1 1 1 1 1 1 1 1 1 1 1 1 1 1 1 1 1 1 1 1 1 1 1 1 1 1 1 1 1 1 1 1 1 1 1 1 100 100 1 1 1 1 1 1 1 1 1 100 1 1 1 1 1 1 1 1 1 1 1 1 1 1 1 1 1 1 1 1 1 1 1 1 1 1 1 1 100 1 1 1 1 1 1 100 1 1 100 1 1 1 1 1 1
staticfield java/lang/Thread EMPTY_STACK_TRACE [Ljava/lang/StackTraceElement; 0 [Ljava/lang/StackTraceElement;
ciInstanceKlass java/lang/ThreadGroup 1 1 293 10 7 12 1 1 1 9 7 12 1 1 1 8 1 9 12 1 1 7 1 9 12 1 9 12 1 1 10 12 1 1 10 12 1 1 10 12 1 10 12 1 1 10 12 1 9 12 1 1 10 12 1 1 10 12 1 9 12 1 10 100 12 1 1 1 9 12 1 9 12 1 1 10 7 12 1 1 1 100 10 12 1 1 10 7 12 1 1 1 10 100 12 1 9 12 1 10 12 1 1 10 12 1 1 9 12 1 1 10 12 1 1 10 12 1 10 12 1 10 12 1 1 10 12 1 1 10 12 1 10 12 1 10 10 12 1 10 12 1 10 100 1 10 10 12 1 10 12 1 10 12 1 7 10 12 1 9 12 1 1 10 12 1 1 8 1 10 100 12 1 1 1 10 12 1 1 10 12 1 1 10 12 1 1 11 100 1 100 1 9 12 1 100 1 10 8 1 10 12 1 1 10 12 1 1 8 1 10 12 1 10 100 12 1 1 1 10 12 1 1 10 100 1 8 1 10 8 1 10 12 1 8 1 1 1 1 1 1 1 1 1 1 1 1 1 1 1 1 1 3 1 1 1 1 1 1 1 1 1 1 1 1 1 1 1 1 1 1 1 1 1 1 1 1 1 1 1 1 1 1 1 1 1 1 1 1 1 1 1 1 1 1
instanceKlass java/util/Hashtable
ciInstanceKlass java/util/Dictionary 1 1 36 10 7 12 1 1 1 100 1 1 1 1 1 1 1 1 1 1 1 1 1 1 1 1 1 1 1 1 1 1 1 1 1 1 1 1
instanceKlass java/util/Properties
ciInstanceKlass java/util/Hashtable 1 1 512 100 1 10 7 12 1 1 1 9 7 12 1 1 1 100 1 100 1 10 8 1 10 12 1 1 10 12 1 10 12 1 1 10 12 1 10 7 12 1 1 1 8 1 10 12 1 9 12 1 1 7 1 9 12 1 1 4 10 7 12 1 1 1 9 12 1 4 10 12 1 11 7 12 1 1 1 10 12 1 1 10 12 1 1 9 12 1 10 12 1 1 100 1 10 9 12 1 1 10 7 12 1 1 1 9 12 1 1 10 12 1 10 12 1 3 9 12 1 9 12 1 3 10 12 1 10 12 1 10 12 1 1 11 12 1 1 11 7 12 1 1 1 11 7 12 1 1 1 11 12 1 7 1 11 12 1 11 12 1 10 12 1 1 10 12 1 1 10 12 1 9 12 1 1 9 12 9 12 1 1 10 100 1 100 1 10 12 1 10 8 1 10 10 12 1 8 1 10 8 1 10 7 12 1 1 1 7 1 10 12 1 10 12 1 100 1 10 12 1 10 12 1 1 7 1 10 100 1 10 10 12 1 1 11 12 1 1 11 12 1 100 1 10 10 10 100 12 1 1 11 100 12 1 1 1 100 1 10 11 100 12 1 1 11 100 12 1 10 12 1 10 12 1 1 10 100 12 1 1 10 12 1 1 10 12 1 1 10 12 1 1 10 100 12 1 1 1 8 10 100 12 1 1 100 1 8 1 10 4 10 12 4 10 12 1 8 1 10 12 10 100 12 1 1 1 100 1 11 100 12 1 1 1 10 100 12 1 1 1 10 12 1 10 12 1 1 10 100 1 100 1 1 1 1 1 1 5 0 1 1 1 1 1 3 1 3 1 3 1 1 1 1 1 1 1 1 1 1 1 1 1 1 1 1 1 1 1 1 1 1 1 1 1 100 1 1 1 1 1 1 1 1 1 1 1 1 1 1 1 1 1 1 1 1 1 1 1 1 1 1 1 1 1 100 1 1 1 1 1 1 1 1 1 1 1 1 1 1 1 1 1 1 1 1 1 1 1 1 1 1 1 1 1 1 1 1 1 1 1 1 1 1 1 1 1 1 1 1 1 1 1 1 1 1 1 1 1 1 1 1 1 1 100 1 1 1 100 1 1 1 1 1 100 1 1 1 1 1 1 1 1 1 1 1 1 1 1 1 1 1 1
instanceKlass org/eclipse/osgi/util/NLS$MessagesProperties
instanceKlass java/security/Provider
ciInstanceKlass java/util/Properties 1 1 651 10 7 12 1 1 1 100 1 10 7 12 1 1 7 1 10 12 1 9 12 1 1 9 12 1 1 9 12 1 1 10 7 12 1 1 1 10 12 1 1 8 1 10 7 12 1 1 1 7 1 10 12 1 10 12 1 1 8 1 10 12 1 7 1 10 12 10 12 1 1 9 12 1 1 10 12 1 1 7 1 10 12 1 10 12 1 10 12 1 1 100 1 8 1 10 12 1 10 12 1 10 12 1 1 10 12 1 100 1 3 10 10 100 12 1 1 1 10 12 1 10 12 1 1 8 1 10 12 1 10 12 1 1 8 1 10 100 12 1 1 10 12 1 1 10 12 1 10 12 1 1 100 1 10 12 1 10 12 1 1 100 1 9 100 12 1 1 1 10 12 1 10 12 1 1 100 1 10 10 10 12 1 1 11 7 12 1 1 1 11 7 12 1 1 1 11 12 1 1 7 1 11 12 1 11 12 1 10 12 1 1 8 1 10 12 1 10 12 1 100 1 10 10 12 1 1 10 100 12 1 1 9 100 12 1 1 10 12 1 1 10 100 12 1 1 1 100 1 100 1 100 1 10 8 1 8 1 10 12 1 10 12 1 10 12 1 1 10 10 12 1 1 10 12 1 1 7 1 10 10 12 1 11 7 12 1 1 10 7 12 1 1 1 8 1 10 100 12 1 1 11 8 1 10 100 1 11 10 12 1 10 12 1 10 12 1 10 12 1 1 10 12 1 1 10 12 1 1 10 12 1 10 12 1 10 10 12 1 10 12 1 10 12 1 10 10 12 1 1 10 12 1 1 7 1 10 10 12 1 10 12 1 10 12 1 10 12 1 10 12 1 1 10 12 1 1 10 12 1 10 12 1 10 12 1 1 10 12 10 12 1 1 10 12 1 1 10 12 1 10 12 1 1 10 12 1 1 10 12 100 1 10 11 100 12 1 1 4 11 10 12 1 1 10 100 12 1 1 11 12 1 10 12 1 1 10 100 12 1 1 10 12 1 100 1 8 1 10 12 1 10 10 100 12 1 1 1 100 1 6 0 10 12 1 1 11 100 12 1 1 1 10 12 1 10 12 1 1 1 1 1 5 0 1 1 1 1 1 1 1 1 1 1 1 1 1 1 1 1 1 1 1 1 1 1 1 1 1 1 1 1 1 1 1 1 1 1 1 1 1 1 1 1 100 1 1 1 1 1 1 1 1 1 1 1 1 1 1 1 1 1 1 1 1 100 1 1 1 1 1 1 1 100 1 100 1 1 1 1 100 1 1 1 1 1 1 1 1 1 1 1 1 1 1 1 1 1 1 1 1 1 1 1 1 1 1 1 1 1 1 1 1 1 1 1 1 1 1 1 1 1 1 1 1 1 1 1 1 1 1 1 1 1 1 1 1 1 1 1 1 1 1 1 1 1 1 1 1 1 1 1 1 1 1 1 1 100 1 1 1 1 1 1 1 1 1 100 1 1 1
staticfield java/util/Properties UNSAFE Ljdk/internal/misc/Unsafe; jdk/internal/misc/Unsafe
ciInstanceKlass java/lang/Module 1 1 959 10 7 12 1 1 1 9 7 12 1 1 1 10 7 12 1 1 1 9 12 1 9 12 1 1 9 12 1 1 10 12 1 1 10 12 1 10 12 1 1 10 7 12 1 1 1 7 1 10 7 12 1 1 1 10 12 1 1 11 7 12 1 1 1 10 12 1 1 10 7 12 1 1 1 10 12 1 1 10 7 12 1 1 1 9 100 12 1 1 1 10 100 12 1 1 1 10 12 1 8 1 10 7 12 1 1 1 10 7 12 1 1 1 9 12 1 1 9 12 1 1 10 12 1 9 12 1 1 11 12 1 9 7 12 1 1 10 7 12 1 1 1 10 7 12 1 1 1 10 12 1 1 100 1 100 1 10 10 12 1 1 8 1 10 12 1 10 12 10 12 1 10 12 1 1 10 12 1 1 10 12 1 1 9 7 12 1 1 1 10 12 1 1 10 12 1 1 9 12 1 10 12 1 10 12 1 9 12 1 1 11 7 12 1 1 10 12 1 1 9 12 1 9 12 1 10 12 1 10 12 1 100 1 8 1 10 10 12 1 1 10 12 1 8 1 10 12 1 1 8 1 8 1 10 12 1 1 10 12 1 10 12 1 1 18 12 1 1 10 12 1 1 11 12 1 9 12 1 11 12 10 100 12 1 1 100 1 8 1 10 7 1 11 12 1 1 10 12 1 10 12 1 10 12 1 1 11 12 1 1 11 7 12 1 1 11 12 1 1 9 12 1 11 12 1 10 12 1 1 10 12 1 1 9 12 1 10 12 10 7 12 1 1 10 7 12 1 1 10 7 1 18 12 1 1 11 100 12 1 1 1 18 12 1 11 12 1 1 10 100 12 1 1 1 11 12 1 1 10 7 12 1 1 4 7 1 11 12 1 7 1 7 1 10 10 7 12 1 1 1 10 11 7 12 1 8 1 10 10 12 1 1 10 7 12 1 1 10 12 1 10 12 1 7 1 10 12 1 10 11 12 1 1 10 12 10 12 1 1 9 12 1 100 1 10 10 12 1 1 11 100 1 10 12 1 1 11 12 1 10 10 12 1 11 10 12 1 1 10 12 1 1 10 12 1 1 10 7 12 1 1 10 12 1 10 12 1 1 10 10 12 1 1 10 12 1 18 12 1 11 12 1 18 12 1 10 12 1 10 12 1 10 12 7 1 10 12 1 10 12 1 10 12 1 9 12 1 7 1 10 10 10 10 12 1 10 12 1 10 12 1 10 12 1 1 10 12 1 1 10 12 1 9 12 1 18 12 1 1 10 100 12 1 1 1 100 1 8 1 10 12 1 1 10 12 1 1 10 100 12 1 1 100 1 10 12 1 1 100 1 8 1 100 1 10 100 1 100 1 3 10 12 1 100 1 10 12 1 10 12 1 1 10 12 1 1 100 1 10 12 1 10 12 1 1 100 1 100 1 10 12 8 1 10 12 1 1 10 12 1 1 10 7 12 1 1 10 12 1 1 10 12 1 10 12 10 12 1 1 100 1 10 10 12 1 1 10 100 12 1 1 1 100 1 8 1 10 12 1 1 10 100 12 1 1 8 1 10 12 1 8 1 10 12 1 10 12 10 12 1 8 1 10 10 100 12 1 1 7 1 10 10 12 1 10 7 12 1 1 9 12 1 9 12 1 9 12 1 9 12 1 10 12 11 12 1 10 12 1 100 1 1 1 1 1 1 1 1 1 1 1 1 1 1 1 1 100 1 1 1 1 1 1 1 1 1 1 1 1 1 1 1 1 1 1 1 1 1 1 1 1 1 1 1 1 1 1 1 1 1 1 1 1 1 1 1 1 1 1 1 1 1 1 1 1 1 1 1 1 1 1 1 1 1 1 1 1 1 1 1 1 1 1 1 1 1 1 1 1 1 1 1 1 1 1 1 1 1 1 1 100 100 1 1 1 1 1 1 1 1 1 1 1 1 1 1 1 1 1 1 1 1 1 1 1 1 1 1 1 1 1 1 1 1 1 1 100 1 100 1 7 1 1 1 1 1 1 1 1 1 1 1 1 1 1 1 1 1 1 1 1 1 1 1 1 1 1 1 1 15 10 7 12 1 1 1 16 15 10 12 16 16 15 10 12 16 16 15 10 16 1 15 10 12 16 1 15 10 12 16 1 16 15 10 12 16 1 1 1 1 1 1 1 100 1 100 1 1
staticfield java/lang/Module ALL_UNNAMED_MODULE Ljava/lang/Module; java/lang/Module
staticfield java/lang/Module ALL_UNNAMED_MODULE_SET Ljava/util/Set; java/util/ImmutableCollections$Set12
staticfield java/lang/Module EVERYONE_MODULE Ljava/lang/Module; java/lang/Module
staticfield java/lang/Module EVERYONE_SET Ljava/util/Set; java/util/ImmutableCollections$Set12
staticfield java/lang/Module $assertionsDisabled Z 1
instanceKlass groovyjarjarpicocli/CommandLine$Model$MethodParam
instanceKlass java/lang/reflect/Executable
instanceKlass java/lang/reflect/Field
ciInstanceKlass java/lang/reflect/AccessibleObject 1 1 398 10 7 12 1 1 1 9 100 12 1 1 1 10 100 12 1 1 1 10 7 12 1 1 10 7 12 1 1 1 10 7 12 1 1 1 10 12 1 1 10 12 1 1 9 12 1 1 7 1 10 7 12 1 1 1 11 12 1 7 1 10 12 1 7 1 100 1 10 12 1 10 12 1 1 7 1 10 100 12 1 1 1 10 12 1 1 7 1 10 12 1 1 100 1 10 10 10 7 12 1 1 1 10 12 1 1 10 12 1 10 12 1 10 12 1 1 10 12 1 8 1 100 1 10 10 12 1 1 8 1 10 12 1 10 12 1 8 1 8 1 8 1 8 1 8 1 8 1 100 1 10 12 1 10 12 1 9 12 1 1 10 12 1 1 10 12 1 10 11 100 1 100 1 8 1 10 10 12 1 10 12 1 1 8 1 10 12 1 8 1 10 12 1 1 10 100 1 8 1 10 11 7 12 1 1 10 12 1 1 10 12 1 1 10 12 1 1 9 12 1 1 100 1 10 12 1 7 1 10 12 1 10 12 1 1 10 100 1 10 12 1 10 12 10 12 1 10 12 1 1 10 12 1 10 12 1 1 10 12 1 9 12 1 10 100 12 1 1 8 1 10 100 12 1 1 1 8 1 10 100 12 1 1 1 9 12 1 100 1 10 7 1 10 10 7 12 1 1 1 7 1 10 10 7 12 1 1 1 7 1 9 12 1 1 1 1 1 1 1 1 1 1 1 1 1 1 1 1 1 1 1 1 1 1 1 1 1 1 1 1 1 1 1 1 1 1 1 1 1 1 1 1 1 1 1 1 1 1 1 1 1 1 1 1 1 1 1 1 1 1 1 1 1 1 1 1 1 1 1 1 1 1 1 1 1 1 1 1 1 1 1 1 1 1 1 1 1
staticfield java/lang/reflect/AccessibleObject reflectionFactory Ljdk/internal/reflect/ReflectionFactory; jdk/internal/reflect/ReflectionFactory
ciInstanceKlass java/lang/reflect/Field 1 1 437 9 7 12 1 1 1 10 12 1 1 10 7 12 1 1 1 10 7 12 1 1 9 12 1 1 10 12 1 1 10 12 1 1 10 7 12 1 1 10 7 12 1 1 1 9 12 1 1 9 12 1 9 12 1 9 12 1 1 9 12 1 1 9 12 1 9 12 1 1 9 12 1 1 100 1 8 1 10 12 1 10 12 1 9 12 1 1 9 12 1 10 12 1 10 7 12 1 1 10 12 1 1 10 12 1 1 10 12 1 10 12 1 1 7 1 10 12 1 1 10 12 1 1 10 12 1 1 10 12 1 10 12 1 10 7 1 10 100 12 1 1 7 1 10 8 1 10 12 1 1 10 12 1 1 8 1 10 12 10 12 1 8 1 8 1 10 11 7 1 9 12 1 10 12 1 1 10 12 1 1 11 7 12 1 1 1 11 12 1 1 11 12 1 1 11 12 1 1 11 12 1 1 11 12 1 1 11 12 1 1 11 12 1 1 11 12 1 1 11 12 1 1 11 12 1 1 11 12 1 1 11 12 1 1 11 12 1 1 11 12 1 1 11 12 1 1 11 12 1 1 11 12 1 1 10 12 1 10 100 12 1 1 10 12 1 10 12 1 1 10 12 9 12 1 1 10 7 12 1 1 1 10 12 1 1 10 7 12 1 1 10 12 1 1 11 7 1 10 12 1 7 1 10 100 12 1 1 1 10 7 12 1 1 1 9 12 1 10 7 12 1 1 1 11 7 12 1 1 1 10 12 1 1 10 12 1 1 9 100 12 1 1 1 10 100 12 1 1 1 10 12 1 1 100 1 1 1 1 1 1 1 1 1 1 1 1 1 1 1 1 1 1 1 1 1 1 1 1 1 1 1 1 1 1 1 1 1 1 1 100 1 1 1 1 1 1 1 1 1 1 1 1 1 1 1 1 1 1 1 1 1 1 1 1 1 1 1 1 1 1 1 1 1 1 100 1 1 1 1 1 1 1 1 100 1 1
ciInstanceKlass java/lang/reflect/Parameter 1 1 226 10 7 12 1 1 1 9 7 12 1 1 1 9 12 1 1 9 12 1 1 9 12 1 10 12 1 1 10 12 1 1 10 7 12 1 1 1 100 1 10 10 12 1 1 11 100 12 1 1 1 10 12 1 10 100 12 1 1 1 10 12 1 1 10 12 1 10 12 1 8 1 8 1 10 7 12 1 1 1 10 12 1 10 12 10 12 1 8 1 10 12 1 9 12 1 1 10 12 1 1 9 12 1 1 10 12 1 1 10 12 1 1 10 12 1 1 10 12 1 10 10 12 1 10 100 12 1 1 1 10 12 1 1 11 100 12 1 1 10 100 12 1 1 100 1 10 100 12 1 1 1 10 12 1 1 10 12 1 1 10 12 1 1 10 12 1 1 9 12 1 100 1 10 11 12 1 1 11 12 1 1 100 1 1 1 1 1 1 1 1 1 1 1 1 1 1 1 1 1 1 1 1 1 1 1 1 1 1 1 1 1 1 1 1 1 1 1 1 1 1 100 1 1 1 1
instanceKlass java/lang/reflect/Constructor
instanceKlass java/lang/reflect/Method
ciInstanceKlass java/lang/reflect/Executable 1 1 548 10 7 12 1 1 1 10 7 12 1 1 1 10 7 12 1 1 1 11 7 12 1 1 1 10 7 12 1 1 1 10 12 1 1 10 7 12 1 1 1 10 7 12 1 1 1 10 12 1 8 1 10 10 12 1 1 10 12 1 1 10 7 12 1 1 1 18 12 1 1 11 7 12 1 1 1 8 1 8 1 8 1 10 7 12 1 1 1 11 12 1 1 7 1 8 1 8 1 10 12 1 100 1 8 1 10 12 1 8 1 11 7 12 1 1 1 7 1 10 12 1 1 11 12 1 8 1 18 8 1 10 12 1 10 12 1 1 18 8 1 10 12 1 7 1 10 12 1 10 12 1 11 7 12 1 1 10 12 1 1 8 1 8 1 10 12 1 1 10 12 1 1 10 10 12 1 100 1 10 10 12 1 10 12 1 1 10 7 12 1 1 10 12 1 10 12 1 10 12 1 1 10 7 12 1 1 10 12 1 10 12 1 10 7 12 1 1 1 10 12 1 8 1 10 12 1 10 12 1 3 100 1 8 1 10 12 1 10 12 1 10 10 12 1 10 12 1 1 8 1 8 1 8 1 9 12 1 10 12 1 100 1 8 1 9 12 1 10 12 1 10 12 1 1 10 12 1 1 10 12 1 10 12 10 12 1 7 1 10 12 1 10 12 1 1 100 1 10 100 12 1 1 1 7 1 10 7 12 1 1 1 10 12 1 1 11 7 12 1 1 10 7 12 1 1 10 100 12 1 1 1 10 12 1 1 9 12 1 10 12 1 1 10 12 1 10 12 1 1 9 7 12 1 1 1 10 7 12 1 1 1 10 12 1 10 12 1 1 9 12 1 10 10 10 10 100 12 1 1 1 10 12 1 9 12 1 10 12 1 1 9 12 1 100 1 100 1 1 1 1 1 1 1 1 1 1 1 1 1 1 1 1 1 1 1 1 1 1 1 1 1 1 1 1 1 1 1 1 1 1 100 1 1 1 1 1 1 1 1 100 1 1 1 1 1 1 1 1 1 1 1 1 100 1 1 1 1 1 1 1 1 1 1 1 1 1 1 1 1 1 1 1 1 1 1 1 1 1 1 1 1 1 1 1 1 1 1 1 1 1 1 1 1 1 100 1 1 1 1 1 1 1 1 1 1 1 1 1 1 1 1 1 1 1 1 1 100 1 100 1 1 15 10 7 12 1 1 1 16 15 16 1 16 1 15 10 12 16 1 100 1 1 100 1 100 1 1
ciInstanceKlass java/lang/reflect/Method 1 1 450 9 7 12 1 1 1 10 7 12 1 1 1 10 7 12 1 1 9 12 1 1 10 12 1 1 10 12 1 1 10 7 12 1 1 10 7 12 1 1 1 9 12 1 1 9 12 1 9 12 1 1 9 12 1 9 12 1 9 12 1 1 9 12 1 9 12 1 1 9 12 1 9 12 1 9 12 1 1 7 1 8 1 10 12 1 10 12 1 9 12 1 1 8 1 10 7 12 1 1 10 7 12 1 1 1 10 12 1 1 10 12 1 1 10 12 1 10 12 1 1 10 12 1 1 9 7 12 1 1 1 10 12 1 1 10 12 10 7 12 1 1 10 12 1 1 10 12 1 10 12 1 10 12 1 10 7 12 1 1 1 10 12 1 1 10 7 1 10 7 12 1 1 1 10 7 12 1 1 10 12 1 1 10 12 1 1 10 12 1 10 7 12 1 1 1 10 12 1 10 8 1 10 12 1 10 12 1 7 1 8 1 8 1 8 1 10 12 1 10 12 1 1 10 12 1 1 10 10 12 1 1 10 12 1 11 7 1 9 12 1 1 10 12 1 1 10 12 1 10 12 1 1 10 12 1 1 11 7 12 1 1 1 10 12 1 10 12 1 10 12 1 10 12 1 10 12 1 9 12 1 1 10 7 12 1 1 1 10 12 1 1 10 7 12 1 1 1 10 7 12 1 1 1 10 7 12 1 1 1 11 7 12 1 1 1 10 7 12 1 1 1 7 1 100 1 100 1 10 12 1 10 12 1 1 10 12 1 100 1 8 1 10 12 1 10 10 12 1 1 10 12 1 1 10 12 1 1 10 12 1 1 8 1 10 12 1 1 1 1 1 1 1 1 1 1 1 1 1 1 1 1 1 1 1 1 1 1 1 1 1 1 1 1 1 1 1 1 1 1 1 1 1 1 1 1 1 1 1 1 1 1 1 1 1 1 1 1 1 100 1 7 1 7 1 1 1 1 1 1 1 1 1 1 1 1 1 1 1 1 1 1 1 1 1 1 1 1 1 1
ciInstanceKlass java/lang/reflect/Constructor 1 1 433 10 7 12 1 1 1 10 7 12 1 1 9 7 12 1 1 1 10 12 1 1 10 12 1 1 10 7 12 1 1 9 12 1 1 10 7 12 1 1 1 9 12 1 1 9 12 1 1 9 12 1 9 12 1 1 9 12 1 9 12 1 1 9 12 1 1 9 12 1 100 1 8 1 10 12 1 10 12 1 9 12 1 1 10 7 12 1 1 10 7 12 1 1 1 10 12 1 1 10 12 1 1 10 12 1 7 1 100 1 8 1 10 10 12 1 10 12 1 10 12 1 1 10 12 1 1 9 7 12 1 1 1 10 7 12 1 1 10 12 1 1 10 12 1 10 12 1 1 10 100 12 1 1 1 10 100 12 1 1 10 12 1 1 10 12 1 10 100 12 1 1 1 8 1 10 10 12 1 100 1 8 1 10 12 1 10 12 1 1 10 12 1 1 10 12 1 10 12 1 10 12 1 1 10 12 1 1 9 12 1 1 10 12 1 1 10 12 1 1 10 12 1 8 1 10 12 1 1 11 7 12 1 1 1 10 12 1 1 10 12 1 10 12 1 9 12 1 1 10 7 12 1 1 1 10 12 1 1 10 12 1 1 10 12 1 1 10 12 1 1 10 12 1 9 100 12 1 1 10 12 1 10 12 1 10 12 1 100 1 8 1 10 10 12 1 1 10 12 1 10 10 12 1 1 10 12 1 1 10 100 12 1 1 1 11 100 12 1 1 1 10 12 1 1 9 100 12 1 1 1 10 100 12 1 1 1 10 12 1 1 1 1 1 1 1 1 1 1 1 1 1 1 1 1 1 1 1 1 1 1 1 1 1 1 1 1 1 1 1 1 1 1 1 1 1 1 1 1 1 1 1 1 1 1 1 1 1 1 1 100 1 100 1 100 1 100 1 1 1 1 1 1 1 1 1 1 1 1 1 1 1 1 1 1 1 1 1 1 1 1 1 1 1 1 1 1 1 1 1 100 1 1
instanceKlass jdk/internal/reflect/FieldAccessorImpl
instanceKlass jdk/internal/reflect/ConstructorAccessorImpl
instanceKlass jdk/internal/reflect/MethodAccessorImpl
ciInstanceKlass jdk/internal/reflect/MagicAccessorImpl 1 1 16 10 7 12 1 1 1 100 1 1 1 1 1 1 1 1
instanceKlass jdk/internal/reflect/GeneratedMethodAccessor10
instanceKlass jdk/internal/reflect/GeneratedMethodAccessor9
instanceKlass jdk/internal/reflect/GeneratedMethodAccessor8
instanceKlass jdk/internal/reflect/GeneratedMethodAccessor7
instanceKlass jdk/internal/reflect/GeneratedMethodAccessor6
instanceKlass jdk/internal/reflect/GeneratedMethodAccessor5
instanceKlass jdk/internal/reflect/GeneratedMethodAccessor4
instanceKlass jdk/internal/reflect/GeneratedMethodAccessor3
instanceKlass jdk/internal/reflect/GeneratedMethodAccessor2
instanceKlass jdk/internal/reflect/GeneratedMethodAccessor1
instanceKlass jdk/internal/reflect/DelegatingMethodAccessorImpl
instanceKlass jdk/internal/reflect/NativeMethodAccessorImpl
ciInstanceKlass jdk/internal/reflect/MethodAccessorImpl 1 1 25 10 7 12 1 1 1 100 1 100 1 1 1 1 1 1 1 1 1 100 1 100 1 1 1
instanceKlass jdk/internal/reflect/GeneratedConstructorAccessor15
instanceKlass jdk/internal/reflect/GeneratedConstructorAccessor14
instanceKlass jdk/internal/reflect/GeneratedConstructorAccessor13
instanceKlass jdk/internal/reflect/GeneratedConstructorAccessor12
instanceKlass jdk/internal/reflect/GeneratedConstructorAccessor11
instanceKlass jdk/internal/reflect/GeneratedConstructorAccessor10
instanceKlass jdk/internal/reflect/GeneratedConstructorAccessor9
instanceKlass jdk/internal/reflect/GeneratedConstructorAccessor8
instanceKlass jdk/internal/reflect/GeneratedConstructorAccessor7
instanceKlass jdk/internal/reflect/GeneratedConstructorAccessor6
instanceKlass jdk/internal/reflect/GeneratedConstructorAccessor5
instanceKlass jdk/internal/reflect/GeneratedConstructorAccessor4
instanceKlass jdk/internal/reflect/GeneratedConstructorAccessor3
instanceKlass jdk/internal/reflect/GeneratedConstructorAccessor2
instanceKlass jdk/internal/reflect/BootstrapConstructorAccessorImpl
instanceKlass jdk/internal/reflect/GeneratedConstructorAccessor1
instanceKlass jdk/internal/reflect/DelegatingConstructorAccessorImpl
instanceKlass jdk/internal/reflect/NativeConstructorAccessorImpl
ciInstanceKlass jdk/internal/reflect/ConstructorAccessorImpl 1 1 27 10 7 12 1 1 1 100 1 100 1 1 1 1 1 1 1 1 1 100 1 100 1 100 1 1 1
ciInstanceKlass jdk/internal/reflect/DelegatingClassLoader 1 1 18 10 7 12 1 1 1 100 1 1 1 1 1 1 1 1 1 1
ciInstanceKlass jdk/internal/reflect/ConstantPool 1 1 142 10 100 12 1 1 1 9 7 12 1 1 1 10 12 1 1 10 12 1 1 10 12 1 10 12 1 1 10 12 1 1 10 12 1 10 12 1 1 10 12 1 10 12 1 1 10 12 1 10 12 1 10 12 1 10 12 1 1 10 12 1 1 10 12 1 1 10 12 1 1 10 12 1 10 12 1 1 10 100 12 1 1 1 8 11 7 12 1 1 1 10 7 12 1 1 1 1 1 1 1 1 1 1 1 1 1 1 1 1 1 1 1 1 1 1 1 1 1 1 1 1 1 1 1 1 1 1 1 1 1 1 1 1 1 1 1 1 1 1 1 1
instanceKlass jdk/internal/reflect/UnsafeFieldAccessorImpl
ciInstanceKlass jdk/internal/reflect/FieldAccessorImpl 1 1 59 10 7 12 1 1 1 100 1 100 1 1 1 1 1 1 1 1 1 100 1 1 1 1 1 1 1 1 1 1 1 1 1 1 1 1 1 1 1 100 1 1 1 1 1 1 1 1 1 1 1 1 1 1 1 1 1 1 1
instanceKlass jdk/internal/reflect/UnsafeQualifiedFieldAccessorImpl
instanceKlass jdk/internal/reflect/UnsafeIntegerFieldAccessorImpl
instanceKlass jdk/internal/reflect/UnsafeBooleanFieldAccessorImpl
instanceKlass jdk/internal/reflect/UnsafeObjectFieldAccessorImpl
instanceKlass jdk/internal/reflect/UnsafeStaticFieldAccessorImpl
ciInstanceKlass jdk/internal/reflect/UnsafeFieldAccessorImpl 1 1 254 10 7 12 1 1 1 9 7 12 1 1 1 10 7 12 1 1 1 10 7 12 1 1 1 9 12 1 1 10 7 12 1 1 1 9 12 1 1 10 12 1 10 12 1 9 12 1 10 12 1 1 10 7 12 1 1 10 7 12 1 1 1 10 12 1 1 100 1 10 10 12 1 1 10 12 1 1 8 1 10 10 12 1 100 1 8 1 10 12 1 8 1 10 12 1 8 1 10 12 1 100 1 10 12 1 1 10 8 1 10 12 1 1 8 1 10 100 12 1 1 8 1 10 100 12 1 1 8 1 10 100 12 1 1 8 1 10 100 12 1 1 8 1 10 100 12 1 1 8 1 10 100 12 1 1 8 1 10 100 12 1 1 8 1 10 100 12 1 1 10 12 1 1 8 1 8 1 8 1 8 1 8 1 8 1 10 100 12 1 1 1 8 1 8 1 8 1 10 12 10 12 1 1 1 1 1 1 1 1 1 1 1 1 1 1 1 1 1 1 1 1 1 1 1 1 1 1 1 1 1 1 1 1 1 1 1 1 1 1 1 1 1 1 1 1 1 1 1 1 1 1 1 1
staticfield jdk/internal/reflect/UnsafeFieldAccessorImpl unsafe Ljdk/internal/misc/Unsafe; jdk/internal/misc/Unsafe
instanceKlass jdk/internal/reflect/UnsafeQualifiedStaticFieldAccessorImpl
instanceKlass jdk/internal/reflect/UnsafeStaticBooleanFieldAccessorImpl
instanceKlass jdk/internal/reflect/UnsafeStaticObjectFieldAccessorImpl
ciInstanceKlass jdk/internal/reflect/UnsafeStaticFieldAccessorImpl 1 1 47 10 7 12 1 1 1 9 7 12 1 1 1 10 7 12 1 1 1 9 12 1 1 8 11 7 12 1 1 1 10 7 12 1 1 1 1 1 1 1 1 1 1 1 1 1 1
ciInstanceKlass jdk/internal/reflect/CallerSensitive 1 1 17 100 1 100 1 100 1 1 1 1 1 1 1 1 1 1 1
ciInstanceKlass jdk/internal/reflect/NativeConstructorAccessorImpl 1 1 126 10 7 12 1 1 1 9 7 12 1 1 1 9 12 1 1 10 7 12 1 1 1 10 7 12 1 1 1 10 7 12 1 1 1 9 12 1 9 12 1 1 9 12 1 1 10 7 12 1 1 1 7 1 10 10 12 1 1 10 12 1 10 12 1 10 12 1 1 9 12 1 1 10 7 12 1 1 1 100 1 10 12 1 1 10 12 1 1 8 10 12 1 1 1 1 1 1 1 1 1 1 1 1 1 1 1 1 1 1 1 1 1 1 100 1 100 1 100 1 1 1 1 1 1 1
staticfield jdk/internal/reflect/NativeConstructorAccessorImpl U Ljdk/internal/misc/Unsafe; jdk/internal/misc/Unsafe
staticfield jdk/internal/reflect/NativeConstructorAccessorImpl GENERATED_OFFSET J 16
instanceKlass java/lang/invoke/DelegatingMethodHandle
instanceKlass java/lang/invoke/BoundMethodHandle
instanceKlass java/lang/invoke/DirectMethodHandle
ciInstanceKlass java/lang/invoke/MethodHandle 1 1 641 100 1 9 7 12 1 1 1 10 7 12 1 1 1 10 7 12 1 1 1 7 1 7 1 10 12 1 1 9 12 1 1 10 12 1 10 12 1 1 10 12 1 1 10 100 12 1 1 1 10 12 1 1 10 12 1 1 11 100 12 1 1 1 10 12 1 1 10 12 1 10 12 1 9 12 1 1 10 12 1 1 100 1 100 1 10 8 1 10 12 1 1 10 12 1 8 1 10 12 1 1 10 12 1 10 7 12 1 1 1 10 12 1 10 12 1 1 10 12 1 1 10 12 1 1 10 12 1 1 10 7 12 1 1 1 10 7 12 1 1 1 7 1 10 12 1 1 10 12 1 1 10 12 1 1 8 1 10 7 12 1 1 1 8 1 10 12 1 1 10 12 1 1 10 12 1 1 10 12 1 8 1 10 12 1 1 8 1 10 12 1 8 1 10 100 12 1 1 1 9 12 1 1 100 1 10 9 100 12 1 1 1 9 100 1 8 1 10 12 1 1 10 12 1 10 12 1 1 10 12 1 10 12 1 1 10 12 1 10 12 1 1 10 12 1 10 12 1 1 10 12 1 1 8 1 10 12 1 1 8 1 10 12 1 10 12 1 1 10 12 1 10 12 1 10 12 1 1 9 100 12 1 1 1 10 12 1 1 11 12 1 10 12 1 10 12 1 1 10 100 12 1 1 1 100 1 11 12 1 10 100 1 11 12 1 100 1 10 12 1 11 12 1 9 100 12 1 1 1 11 12 1 1 11 100 12 1 1 1 10 12 1 1 9 12 1 11 12 1 9 12 1 9 12 1 9 12 1 11 12 1 1 9 12 1 9 12 1 9 12 1 9 12 1 9 12 1 9 12 1 9 12 1 8 1 10 12 1 10 12 1 8 1 10 12 1 10 12 1 10 10 7 12 1 1 10 12 1 1 100 1 8 1 10 12 1 1 10 12 1 1 10 12 1 10 12 1 100 1 10 100 12 1 1 1 10 12 1 9 7 12 1 1 1 10 12 1 1 10 12 1 1 8 1 9 12 1 9 12 1 1 9 12 1 1 10 12 1 7 1 10 12 1 10 12 1 1 9 12 1 1 9 12 1 1 10 7 12 1 1 1 11 7 12 1 1 9 12 1 10 12 1 1 9 12 1 10 12 1 8 10 12 1 1 8 1 1 1 1 1 1 7 1 1 1 1 1 1 1 1 1 1 1 1 1 1 1 1 1 1 1 1 1 1 1 1 1 1 1 1 1 1 1 1 1 1 1 1 1 1 1 1 1 1 1 1 1 1 1 1 1 1 1 1 1 1 1 1 1 1 1 1 1 1 1 1 1 1 1 1 1 100 1 1 1 1 1 1 1 1 1 100 1 1 1 1 1 1 1 1 1 1 1 1 1 1 1 1 1 1 1 1 1 1 1 1 1 1 1 100 1 1 100 1 1 100 1 1 1 1
staticfield java/lang/invoke/MethodHandle FORM_OFFSET J 20
staticfield java/lang/invoke/MethodHandle UPDATE_OFFSET J 13
staticfield java/lang/invoke/MethodHandle $assertionsDisabled Z 1
instanceKlass java/lang/invoke/DirectMethodHandle$Special
instanceKlass java/lang/invoke/DirectMethodHandle$Interface
instanceKlass java/lang/invoke/DirectMethodHandle$Accessor
instanceKlass java/lang/invoke/DirectMethodHandle$Constructor
ciInstanceKlass java/lang/invoke/DirectMethodHandle 1 1 940 7 1 7 1 100 1 7 1 7 1 10 7 12 1 1 1 10 7 12 1 1 1 100 1 10 12 1 10 12 1 1 10 7 12 1 1 10 12 1 1 10 12 1 10 12 1 7 1 10 12 1 1 10 12 1 1 10 12 1 10 12 1 1 10 7 12 1 1 1 10 12 1 9 12 1 1 100 1 10 9 12 1 1 9 12 1 10 12 1 10 12 1 10 12 1 1 10 12 1 10 12 1 10 12 1 10 7 12 1 1 1 10 12 1 10 12 1 1 8 1 10 12 1 1 7 1 10 12 1 7 1 10 10 12 1 10 12 1 10 12 1 10 7 12 1 1 1 10 12 1 1 100 1 10 12 1 10 12 1 7 1 10 12 1 10 12 1 1 10 12 1 1 10 12 1 8 10 100 12 1 1 1 10 12 1 10 12 1 10 12 1 1 10 12 1 9 7 12 1 1 1 7 1 10 12 1 10 7 12 1 1 1 10 12 1 10 12 1 1 9 12 1 1 100 1 10 8 1 10 12 1 1 10 12 1 10 12 1 10 10 12 1 10 12 1 10 12 1 10 12 1 10 12 1 1 10 12 1 10 12 1 1 10 12 1 10 12 1 1 10 10 7 12 1 1 1 10 12 1 10 12 1 1 10 12 1 10 12 1 1 8 1 9 7 12 1 1 1 8 1 9 12 1 9 12 1 8 1 9 12 1 9 12 1 8 1 9 12 1 9 12 1 8 1 10 12 1 10 12 1 1 9 12 1 1 7 1 10 12 1 1 100 1 10 7 12 1 1 1 10 12 1 1 10 12 1 10 12 1 1 7 1 10 12 1 1 10 12 1 10 12 1 1 7 1 10 12 1 1 10 7 12 1 1 1 10 12 1 10 12 1 10 12 1 9 12 1 1 10 7 1 9 12 9 12 1 10 7 12 1 1 1 10 12 1 7 1 7 1 7 1 9 12 1 1 10 7 12 1 10 12 1 1 10 12 1 7 1 10 12 1 10 12 1 1 9 7 12 1 1 1 10 12 1 1 100 1 10 100 12 1 1 1 10 12 1 10 12 1 8 1 9 12 1 9 12 1 10 12 1 9 12 1 1 10 100 12 1 1 1 9 12 1 1 9 12 1 1 10 12 1 10 12 1 10 12 1 10 12 1 10 12 1 1 10 12 1 10 7 12 1 1 9 12 1 10 12 1 10 12 1 10 12 1 10 12 1 1 10 12 1 1 9 12 1 1 10 12 1 1 9 7 12 1 1 1 9 12 1 9 12 1 9 12 1 9 12 1 9 12 1 9 12 1 9 12 1 9 12 1 9 12 1 9 12 1 9 12 1 9 12 1 9 12 1 9 12 1 9 12 1 9 12 1 9 12 1 9 12 1 9 12 1 9 12 1 9 12 1 9 12 1 9 12 1 9 12 1 9 12 1 9 12 1 9 12 1 9 12 1 9 12 1 9 12 1 9 12 1 9 12 1 9 12 1 9 12 1 9 12 1 9 12 1 8 1 9 12 1 1 9 12 1 1 10 12 1 10 12 1 1 9 7 1 10 12 1 9 12 1 1 10 12 10 12 1 10 12 1 10 12 1 10 8 1 8 1 8 1 8 1 10 12 1 1 9 12 1 1 10 12 1 10 100 12 1 1 1 8 9 12 1 1 10 12 1 1 8 1 8 8 9 12 1 8 1 8 8 8 8 8 1 8 10 12 1 10 12 1 8 1 8 1 10 12 1 10 12 1 10 12 1 10 12 1 1 7 1 1 1 1 3 1 3 1 3 1 3 1 3 1 3 1 3 1 3 1 3 1 3 1 1 1 1 1 1 1 1 1 1 3 1 3 1 1 1 1 3 1 1 1 1 1 1 1 1 1 1 1 1 1 1 1 1 1 1 1 1 1 1 1 1 1 1 1 1 1 1 1 1 1 1 1 1 1 1 1 1 1 1 1 1 1 1 1 1 1 1 1 1 1 1 1 1 100 1 1 1 1 1 1 1 1 1 1 1 1 100 1 1 1 1 1 1 1 1 1 1 1 1 1 1 1 1 1 1 1 1 1 1 1 1 1 1 1 1 1 1 1 1 1 1 1 1 1 1 1 1 1 1 1 1 1 1 1 1 1 1 1
staticfield java/lang/invoke/DirectMethodHandle IMPL_NAMES Ljava/lang/invoke/MemberName$Factory; java/lang/invoke/MemberName$Factory
staticfield java/lang/invoke/DirectMethodHandle FT_UNCHECKED_REF I 8
staticfield java/lang/invoke/DirectMethodHandle ACCESSOR_FORMS [Ljava/lang/invoke/LambdaForm; 132 [Ljava/lang/invoke/LambdaForm;
staticfield java/lang/invoke/DirectMethodHandle ALL_WRAPPERS [Lsun/invoke/util/Wrapper; 10 [Lsun/invoke/util/Wrapper;
staticfield java/lang/invoke/DirectMethodHandle NFS [Ljava/lang/invoke/LambdaForm$NamedFunction; 12 [Ljava/lang/invoke/LambdaForm$NamedFunction;
staticfield java/lang/invoke/DirectMethodHandle OBJ_OBJ_TYPE Ljava/lang/invoke/MethodType; java/lang/invoke/MethodType
staticfield java/lang/invoke/DirectMethodHandle LONG_OBJ_TYPE Ljava/lang/invoke/MethodType; java/lang/invoke/MethodType
staticfield java/lang/invoke/DirectMethodHandle $assertionsDisabled Z 1
instanceKlass java/lang/invoke/VarHandleBooleans$FieldInstanceReadOnly
instanceKlass java/lang/invoke/VarHandleInts$FieldStaticReadOnly
instanceKlass java/lang/invoke/VarHandleLongs$FieldInstanceReadOnly
instanceKlass java/lang/invoke/VarHandleLongs$Array
instanceKlass java/lang/invoke/VarHandleInts$FieldInstanceReadOnly
instanceKlass java/lang/invoke/VarHandleReferences$FieldStaticReadOnly
instanceKlass java/lang/invoke/VarHandleReferences$Array
instanceKlass java/lang/invoke/VarHandleInts$Array
instanceKlass java/lang/invoke/VarHandleByteArrayAsLongs$ByteArrayViewVarHandle
instanceKlass java/lang/invoke/VarHandleByteArrayAsInts$ByteArrayViewVarHandle
instanceKlass java/lang/invoke/VarHandleReferences$FieldInstanceReadOnly
ciInstanceKlass java/lang/invoke/VarHandle 1 1 390 10 7 12 1 1 1 10 7 12 1 1 9 12 1 1 9 12 1 1 100 1 10 8 1 10 12 1 1 10 7 12 1 1 1 10 12 1 1 10 100 12 1 1 1 9 100 12 1 1 1 10 12 1 1 10 100 12 1 1 1 10 12 1 1 9 12 1 10 12 1 9 12 1 1 10 100 12 1 1 10 12 1 9 100 12 1 1 1 9 12 1 1 10 12 1 1 100 1 100 1 10 8 1 10 12 1 1 10 12 1 8 1 10 12 1 10 12 1 10 12 1 1 9 7 12 1 1 1 10 12 1 10 12 1 1 10 12 1 10 10 100 12 1 1 1 10 12 1 1 10 12 1 1 10 100 12 1 1 1 10 100 12 1 1 1 10 100 12 1 1 1 9 12 1 1 10 9 12 1 1 10 12 1 10 12 1 10 12 1 1 10 12 1 10 100 12 1 1 1 9 12 1 1 10 12 1 1 9 12 1 10 12 1 10 12 1 10 100 12 1 1 100 1 10 9 7 12 1 1 1 9 12 1 1 10 7 12 1 1 1 10 12 1 10 12 1 10 12 1 10 12 1 10 12 1 10 12 1 1 7 1 10 10 7 12 1 1 1 9 12 1 1 8 10 12 1 1 7 1 10 12 1 1 100 1 1 1 1 1 1 1 1 1 1 1 1 1 1 1 1 1 1 1 1 1 1 1 1 1 1 1 1 1 1 1 1 1 1 1 1 1 1 1 1 1 1 1 1 1 1 1 1 1 1 1 1 1 1 1 1 1 1 1 1 1 1 1 1 1 1 1 1 1 1 1 1 1 1 1 1 1 1 1 1 1 1 1 1 1 1 1 1 1 100 1 100 1 100 1 1 1 1 1 1 1 100 1 1 1
staticfield java/lang/invoke/VarHandle AIOOBE_SUPPLIER Ljava/util/function/BiFunction; jdk/internal/util/Preconditions$1
staticfield java/lang/invoke/VarHandle VFORM_OFFSET J 16
staticfield java/lang/invoke/VarHandle $assertionsDisabled Z 1
ciInstanceKlass java/lang/invoke/MemberName 1 1 757 7 1 7 1 100 1 9 12 1 1 10 7 12 1 1 1 9 12 1 1 10 12 1 1 10 12 1 1 10 12 1 1 10 12 1 10 12 1 1 10 7 12 1 1 1 10 12 1 9 7 12 1 1 10 12 1 100 1 100 1 10 12 1 8 1 10 12 1 1 10 12 1 10 12 1 1 10 12 1 9 12 1 1 8 1 10 100 12 1 1 1 7 1 10 10 12 1 1 7 1 7 1 10 12 1 1 9 12 1 1 100 1 8 1 10 12 1 10 12 1 10 12 1 10 12 1 10 12 1 1 10 12 1 10 12 1 10 12 1 1 10 12 1 1 10 12 1 8 1 8 1 8 1 10 100 12 1 1 1 10 12 1 9 12 1 1 3 10 12 1 10 12 1 10 12 1 10 10 7 12 1 1 1 10 12 1 10 12 1 10 12 1 10 12 1 7 1 8 10 12 1 1 10 12 1 1 8 1 9 100 1 8 9 100 1 10 12 1 1 10 12 1 10 12 1 8 1 10 12 1 1 10 12 1 10 12 1 10 12 1 10 12 1 1 100 1 10 12 1 1 10 12 1 8 1 10 12 1 10 12 1 8 1 10 12 1 1 10 12 1 1 7 1 10 12 1 1 10 12 8 1 8 1 100 1 10 12 1 10 100 12 1 1 1 100 1 10 12 10 12 1 10 12 1 10 12 1 10 12 1 10 10 12 1 10 12 1 10 12 1 3 10 12 1 3 10 12 1 3 3 3 3 3 3 3 100 1 10 12 1 10 7 12 1 1 1 10 12 1 3 9 12 1 10 12 1 1 3 10 12 1 10 10 7 12 1 1 1 10 12 1 1 10 7 1 10 10 12 1 10 12 1 10 12 1 10 10 12 1 1 10 12 1 10 12 1 10 12 1 100 1 10 10 10 12 100 1 10 10 10 12 1 1 10 12 1 1 10 10 12 1 8 10 7 1 10 12 1 10 100 1 10 12 1 10 12 1 10 12 1 10 10 12 1 10 12 1 1 10 12 1 1 10 12 1 10 12 1 10 12 1 100 1 10 12 1 1 100 1 8 1 10 7 1 10 12 1 10 12 10 12 1 1 10 12 1 10 12 1 8 1 8 1 8 1 8 1 10 12 1 10 12 1 10 12 1 1 8 1 8 1 10 12 1 8 1 10 10 12 1 10 12 1 8 1 8 1 10 10 12 1 8 1 10 100 12 1 1 1 8 1 10 12 1 10 12 1 1 10 12 1 8 1 8 1 8 1 8 1 100 1 10 8 1 8 1 8 1 8 1 10 12 1 100 1 100 1 100 1 10 100 1 10 100 1 10 100 12 1 1 1 9 7 12 1 1 1 100 1 100 1 1 1 1 1 1 1 3 1 3 1 3 1 3 1 3 1 3 1 1 1 1 1 1 1 1 3 1 3 1 1 1 1 3 1 1 1 1 1 1 1 1 1 1 1 1 1 1 1 1 1 1 1 1 1 1 1 1 1 1 1 1 1 1 1 1 1 1 1 1 1 1 1 1 1 1 1 1 1 1 1 1 1 1 1 1 1 1 1 1 1 1 1 1 1 1 1 1 1 1 1 1 1 1 1 1 1 1 1 1 1 1 1 1 1 1 1 1 1 1 1 1 1 1 1 1 1 1 1 1 1 1 1 1 1 1 1 1 1 1 100 1 1 1 1 1 1 1 1 1 1 1 1 1 1 1
staticfield java/lang/invoke/MemberName $assertionsDisabled Z 1
ciInstanceKlass java/lang/invoke/ResolvedMethodName 1 1 16 10 100 12 1 1 1 100 1 1 1 1 1 1 1 1
ciInstanceKlass java/lang/invoke/MethodHandleNatives 1 1 684 100 1 10 7 12 1 1 1 9 7 12 1 1 1 10 12 1 1 100 1 10 10 12 1 1 10 12 1 10 12 1 8 1 8 1 8 1 8 1 8 1 8 1 8 1 8 1 8 1 8 1 10 12 1 1 7 1 10 7 12 1 1 1 10 100 12 1 1 1 7 1 10 10 12 1 1 8 1 10 12 1 8 1 10 12 1 1 8 1 10 12 1 1 9 100 12 1 1 1 8 1 10 100 12 1 1 1 100 1 10 12 100 1 100 1 8 1 7 1 10 10 12 1 7 1 9 7 12 1 1 10 12 1 1 10 12 1 10 7 12 1 1 1 7 1 10 12 1 1 10 7 12 1 1 1 10 12 1 10 12 1 1 10 12 1 1 9 12 1 8 1 10 12 1 8 1 10 12 1 8 1 8 1 8 1 100 1 10 12 1 8 1 10 12 1 1 10 12 1 10 100 12 1 1 1 100 1 8 1 10 100 12 1 1 1 7 1 8 1 10 12 1 8 1 8 1 8 1 8 1 8 1 10 12 1 1 10 12 1 1 10 12 1 10 12 1 1 10 12 1 1 7 1 10 12 1 100 1 100 1 10 12 1 10 12 1 8 1 8 1 10 10 12 1 1 10 12 1 1 8 1 10 100 12 1 1 1 8 1 8 1 10 12 1 1 10 7 12 1 1 1 100 1 10 12 1 1 7 1 9 12 1 1 10 7 12 1 1 1 10 10 12 1 9 12 1 10 12 1 1 9 12 1 9 12 1 10 12 1 1 10 12 1 10 12 1 1 7 1 7 1 10 12 1 1 10 12 1 10 12 1 1 10 7 12 1 1 1 10 12 1 8 1 10 12 1 10 12 1 10 12 1 1 10 12 1 10 7 12 1 1 1 10 12 1 1 100 1 8 1 10 9 7 12 1 1 1 10 12 1 1 10 12 1 1 100 1 10 12 1 1 10 12 1 1 100 1 100 1 10 10 100 1 100 1 10 100 1 10 10 12 1 1 10 100 1 10 12 1 10 12 1 10 12 1 1 10 12 1 1 10 12 1 1 10 12 1 10 12 1 1 10 8 1 100 1 10 12 1 10 12 1 10 12 1 10 12 1 10 12 1 1 10 12 1 9 12 1 1 10 7 12 1 1 1 9 12 1 1 11 7 12 1 1 1 10 12 1 10 12 1 10 10 12 1 10 7 12 1 1 1 1 1 1 1 1 1 1 1 1 1 1 1 100 1 1 1 1 1 1 1 1 1 1 1 1 1 1 1 1 1 1 1 1 1 1 1 1 1 1 1 1 1 1 1 1 1 1 1 1 1 1 1 1 1 1 1 1 1 1 1 1 1 1 1 1 1 1 1 1 1 1 1 1 1 1 1 1 1 1 1 1 1 1 1 1 1 1 1 1 1 1 1 1 1 1 1 1 1 1 1 1 1 1 1 1 1 1 1 1 1 1 100 1 1 1 1 1 1 1 1 1 1 1 1 1 1 1 1 1 1 1 1 1 1 1 1 1 1 1 1 100 1 1 1 1 1 1 1 100 1 1 1
staticfield java/lang/invoke/MethodHandleNatives JLA Ljdk/internal/access/JavaLangAccess; java/lang/System$2
staticfield java/lang/invoke/MethodHandleNatives $assertionsDisabled Z 1
ciInstanceKlass java/lang/invoke/LambdaForm 1 1 1052 100 1 9 7 12 1 1 1 10 7 12 1 1 1 10 7 12 1 1 9 12 1 1 9 12 1 1 10 12 1 1 100 1 10 9 12 1 10 12 1 1 9 12 1 10 7 12 1 1 1 9 12 1 9 12 1 9 12 1 1 9 12 1 10 12 1 1 7 1 10 12 1 10 100 12 1 1 1 10 100 12 1 1 1 10 12 1 10 12 1 1 9 100 12 1 1 1 10 12 1 1 9 12 1 10 12 1 1 10 12 1 10 12 1 1 10 12 1 1 10 100 12 1 1 1 7 1 10 10 12 1 1 8 1 10 12 1 10 12 1 10 12 1 1 7 1 10 7 12 1 1 1 10 12 1 1 10 12 1 10 12 1 1 9 12 1 1 9 12 1 9 12 1 1 10 12 1 9 12 1 10 100 12 1 1 1 10 12 1 1 10 12 1 9 12 1 1 10 100 12 1 1 1 10 12 1 10 12 1 10 12 1 10 12 1 10 12 1 10 12 1 1 10 12 1 10 12 1 1 8 1 10 12 1 10 12 1 8 1 8 1 9 12 1 9 12 1 9 12 1 1 10 12 1 1 10 12 1 9 12 1 10 12 1 1 10 7 12 1 1 1 10 12 1 1 10 12 1 10 12 1 10 12 1 1 9 12 1 10 12 1 8 1 8 1 8 1 8 1 8 1 8 1 8 1 8 1 10 12 1 9 12 1 7 1 10 12 1 1 9 12 1 10 12 1 10 12 1 1 10 12 10 12 1 10 12 1 1 10 12 1 1 10 10 12 1 1 10 12 1 1 7 1 8 1 10 12 1 1 10 12 1 10 12 1 1 10 8 1 10 12 1 1 8 1 8 1 8 1 10 12 1 9 12 1 1 10 12 1 1 10 12 1 1 100 1 10 12 1 1 10 12 1 10 7 12 1 1 1 10 12 1 1 9 12 1 1 8 1 10 100 12 1 1 1 10 7 12 1 1 10 12 10 10 12 1 1 9 12 1 8 10 12 1 1 100 1 10 12 1 1 10 12 1 9 7 12 1 1 9 12 1 1 8 1 10 100 12 1 1 10 12 1 1 100 1 100 1 10 10 12 1 1 10 12 1 1 8 1 8 1 100 1 8 1 10 12 10 12 1 10 12 1 10 12 1 1 8 1 8 1 9 100 12 1 1 1 10 12 1 10 12 1 1 8 1 8 1 8 1 100 1 8 1 100 1 8 1 100 1 8 1 10 12 1 8 1 9 10 7 12 1 1 1 10 12 1 9 12 1 1 10 12 1 10 10 12 1 10 12 1 10 12 1 10 12 1 1 10 12 1 10 12 1 1 10 12 1 1 10 12 1 1 8 1 100 10 12 1 10 12 1 9 12 1 1 10 7 12 1 1 8 1 8 1 100 1 8 1 8 1 8 1 8 1 8 1 8 1 8 1 8 1 10 12 1 1 10 12 1 1 10 12 1 10 12 1 8 1 8 1 8 1 10 12 1 8 1 10 12 1 8 1 8 1 8 1 8 1 8 1 10 12 1 10 12 1 10 12 1 1 10 7 12 1 1 1 10 12 1 10 12 1 10 12 1 10 12 1 10 12 1 10 12 1 10 12 1 9 12 1 1 8 1 10 12 1 1 9 12 1 1 10 12 1 1 9 12 1 9 12 1 1 9 12 1 9 12 1 1 7 1 10 7 12 1 1 1 9 12 1 10 12 1 10 12 1 8 1 10 12 1 9 12 1 1 7 1 10 7 12 1 1 1 8 1 100 1 10 12 1 9 12 1 9 12 1 10 12 1 10 12 1 10 7 12 1 1 1 10 12 1 9 7 12 1 1 10 12 1 1 10 12 1 10 12 1 9 12 10 12 1 10 10 12 1 9 9 12 1 7 9 12 1 1 10 12 1 1 9 12 1 10 12 1 10 7 1 9 1 1 1 1 3 1 3 1 3 1 1 1 1 1 1 1 1 1 1 1 1 1 1 1 1 1 1 1 1 1 1 1 1 1 1 1 1 1 1 1 1 1 1 1 1 1 1 1 1 1 1 1 1 1 1 1 1 1 1 1 1 1 1 1 1 100 1 1 1 1 1 1 1 1 1 1 1 1 1 1 1 1 1 1 1 1 1 1 1 1 1 1 1 1 1 1 1 1 1 1 1 1 1 1 1 1 1 1 1 1 1 1 1 1 1 1 1 1 1 1 1 1 1 1 1 100 1 1 1 1 1 1 1 1 1 1 1 1 1 1 1 1 1 1 1 1 1 1 1 1 1 1 1 1 1 1 1 1 1 1 100 1 1 1 1 1 1 1 1 1 1 1 1 1 1 1 1 1 1 1 1 1 1 100 1 1 1 100 1 1 100 1 1 1 1 1 1 1 1 1 1 1
staticfield java/lang/invoke/LambdaForm COMPILE_THRESHOLD I 0
staticfield java/lang/invoke/LambdaForm INTERNED_ARGUMENTS [[Ljava/lang/invoke/LambdaForm$Name; 5 [[Ljava/lang/invoke/LambdaForm$Name;
staticfield java/lang/invoke/LambdaForm IMPL_NAMES Ljava/lang/invoke/MemberName$Factory; java/lang/invoke/MemberName$Factory
staticfield java/lang/invoke/LambdaForm LF_identity [Ljava/lang/invoke/LambdaForm; 6 [Ljava/lang/invoke/LambdaForm;
staticfield java/lang/invoke/LambdaForm LF_zero [Ljava/lang/invoke/LambdaForm; 6 [Ljava/lang/invoke/LambdaForm;
staticfield java/lang/invoke/LambdaForm NF_identity [Ljava/lang/invoke/LambdaForm$NamedFunction; 6 [Ljava/lang/invoke/LambdaForm$NamedFunction;
staticfield java/lang/invoke/LambdaForm NF_zero [Ljava/lang/invoke/LambdaForm$NamedFunction; 6 [Ljava/lang/invoke/LambdaForm$NamedFunction;
staticfield java/lang/invoke/LambdaForm createFormsLock Ljava/lang/Object; java/lang/Object
staticfield java/lang/invoke/LambdaForm DEBUG_NAME_COUNTERS Ljava/util/HashMap; null
staticfield java/lang/invoke/LambdaForm DEBUG_NAMES Ljava/util/HashMap; null
staticfield java/lang/invoke/LambdaForm TRACE_INTERPRETER Z 0
staticfield java/lang/invoke/LambdaForm $assertionsDisabled Z 1
ciInstanceKlass java/lang/invoke/MethodType 1 1 771 7 1 10 7 12 1 1 1 9 12 1 1 9 12 1 1 9 12 1 1 10 7 12 1 1 1 9 7 12 1 1 8 1 10 100 12 1 1 1 9 7 1 9 7 1 10 12 1 1 100 1 10 8 1 10 12 1 1 10 12 1 10 12 1 1 100 1 8 1 10 12 1 100 1 10 10 12 1 10 12 1 1 10 12 1 1 11 7 12 1 1 1 9 12 1 11 12 1 1 7 7 1 10 7 12 1 1 1 10 12 1 9 12 1 1 10 7 12 1 1 10 12 1 1 10 7 12 1 1 1 10 7 12 1 1 1 10 12 1 9 12 1 1 10 12 1 1 7 1 10 12 1 1 10 12 1 1 10 12 1 1 10 12 1 1 10 12 1 1 10 12 1 10 12 1 10 12 1 1 10 12 1 8 1 8 1 10 12 1 1 9 12 1 1 100 1 10 10 12 1 1 10 12 1 10 12 1 1 10 12 1 1 10 12 1 10 12 1 1 10 12 1 8 1 10 12 1 1 10 7 12 1 1 1 10 12 1 10 12 1 1 10 12 1 10 12 1 10 12 1 1 10 12 1 10 12 1 9 12 1 10 12 1 10 10 12 1 1 10 12 1 9 12 1 1 10 12 1 1 10 12 1 1 10 12 1 1 10 12 1 1 7 1 10 12 10 12 1 10 12 1 100 1 8 1 8 1 8 1 10 12 1 10 12 1 10 12 1 10 11 12 1 1 11 12 1 10 100 12 1 1 1 9 12 1 10 12 1 10 12 1 1 10 12 1 1 10 12 1 10 12 1 10 100 12 1 1 1 10 12 1 1 10 12 1 10 12 1 10 12 1 10 9 12 1 1 7 1 10 12 1 10 12 1 1 9 100 12 1 1 1 10 100 12 1 1 1 10 100 12 1 1 1 10 12 1 1 10 100 12 1 1 1 10 12 1 1 8 1 10 7 12 1 1 1 11 12 1 1 9 12 1 1 10 12 1 1 10 12 1 10 12 1 1 10 12 1 1 10 100 12 1 1 100 1 10 12 1 1 11 100 12 1 1 1 18 12 1 1 11 12 1 1 18 12 1 11 12 1 100 1 11 100 12 1 1 10 12 1 100 1 10 12 1 10 100 12 1 1 10 12 1 1 9 12 1 1 9 100 12 1 1 1 10 100 12 1 1 1 9 12 1 10 100 12 1 1 10 12 1 100 10 12 1 1 10 12 1 10 7 1 7 1 9 12 1 1 100 1 100 1 100 1 1 1 5 0 1 1 1 1 1 1 1 3 1 3 1 3 1 1 1 1 1 1 1 1 1 1 1 1 1 1 1 1 1 1 1 1 1 1 1 1 1 1 1 1 1 1 1 1 1 1 1 1 1 1 1 1 1 1 1 1 1 1 1 1 1 1 1 1 1 1 1 1 1 1 1 1 1 1 1 1 1 1 1 1 1 1 1 1 1 1 1 1 1 1 1 1 1 1 1 1 1 1 1 1 1 1 1 1 1 1 1 1 1 1 1 1 1 1 1 1 1 1 1 1 1 1 1 1 1 1 1 1 1 1 1 1 1 1 1 1 1 1 1 7 1 7 1 1 1 1 1 1 1 1 1 1 1 1 1 100 1 1 1 100 1 1 1 1 1 1 1 1 1 1 1 1 1 1 1 1 1 1 1 1 1 15 10 100 12 1 1 1 16 15 10 12 16 16 15 10 12 16 1 1 1 1 100 1 1 100 1 1 100 1 100 1 1
staticfield java/lang/invoke/MethodType internTable Ljava/lang/invoke/MethodType$ConcurrentWeakInternSet; java/lang/invoke/MethodType$ConcurrentWeakInternSet
staticfield java/lang/invoke/MethodType NO_PTYPES [Ljava/lang/Class; 0 [Ljava/lang/Class;
staticfield java/lang/invoke/MethodType objectOnlyTypes [Ljava/lang/invoke/MethodType; 20 [Ljava/lang/invoke/MethodType;
staticfield java/lang/invoke/MethodType METHOD_HANDLE_ARRAY [Ljava/lang/Class; 1 [Ljava/lang/Class;
staticfield java/lang/invoke/MethodType serialPersistentFields [Ljava/io/ObjectStreamField; 0 [Ljava/io/ObjectStreamField;
staticfield java/lang/invoke/MethodType $assertionsDisabled Z 1
ciInstanceKlass java/lang/BootstrapMethodError 0 0 45 10 100 12 1 1 1 10 12 1 10 12 1 10 100 12 1 1 1 10 100 12 1 1 1 1 1 1 5 0 1 1 1 1 1 1 1 1 1 1 1 100 1 1 1
instanceKlass java/lang/invoke/VolatileCallSite
instanceKlass java/lang/invoke/MutableCallSite
instanceKlass java/lang/invoke/ConstantCallSite
ciInstanceKlass java/lang/invoke/CallSite 1 1 302 10 7 12 1 1 1 10 7 12 1 1 1 9 7 12 1 1 1 10 12 1 1 9 12 1 1 10 7 12 1 1 1 10 12 1 100 1 10 12 1 1 10 12 1 1 9 100 12 1 1 1 10 100 12 1 1 10 12 1 1 100 1 100 1 10 10 100 12 1 1 1 10 12 1 1 8 1 10 12 1 10 12 1 1 10 12 1 10 12 1 1 10 12 1 1 10 10 7 12 1 1 10 12 1 1 9 12 1 9 7 12 1 1 1 8 1 10 7 12 1 1 1 10 12 1 1 100 1 10 12 1 1 9 12 1 8 1 7 1 10 12 1 10 12 1 100 1 8 1 10 10 12 1 10 12 1 1 7 1 10 12 1 1 10 12 1 10 12 1 10 12 1 1 10 12 1 1 9 12 1 1 8 10 12 1 1 9 12 1 1 100 1 10 10 12 1 10 7 12 1 1 1 10 12 1 1 10 12 1 1 10 12 1 10 7 12 1 1 1 100 1 8 1 10 10 12 10 12 1 1 100 1 100 1 100 1 8 1 10 12 1 10 7 12 1 1 1 1 1 1 1 1 1 1 1 1 1 1 1 1 1 1 1 1 1 1 1 1 1 1 1 1 1 1 1 1 1 1 1 1 1 1 1 1 1 1 1 1 1 1 1 1 1 1 1 1 1 1 1 1 1
staticfield java/lang/invoke/CallSite $assertionsDisabled Z 1
ciInstanceKlass jdk/internal/invoke/NativeEntryPoint 0 0 92 10 100 12 1 1 1 9 100 12 1 1 1 10 100 12 1 1 1 100 1 9 12 1 9 12 1 9 12 1 1 9 12 1 1 9 12 1 1 100 1 8 1 10 12 1 11 100 12 1 1 1 10 12 1 1 10 12 1 11 100 12 1 1 11 12 1 10 12 1 1 10 12 1 1 1 1 1 1 1 1 1 1 1 1 1 1 1 1 1 1 1
ciInstanceKlass java/lang/invoke/MethodHandleNatives$CallSiteContext 1 1 49 10 7 12 1 1 1 7 1 10 10 7 12 1 1 1 10 7 12 1 1 1 10 7 12 1 1 1 100 1 1 1 1 1 1 1 1 1 1 1 1 1 1 1 1 1 100 1 1
ciInstanceKlass java/lang/invoke/ConstantCallSite 1 1 65 10 7 12 1 1 1 9 7 12 1 1 1 9 12 1 1 10 7 12 1 1 1 10 12 1 100 1 10 12 9 12 1 1 100 1 10 10 12 1 1 10 12 1 1 1 1 1 1 1 1 1 1 1 1 1 100 1 1 1 1 1 1 1 1
staticfield java/lang/invoke/ConstantCallSite UNSAFE Ljdk/internal/misc/Unsafe; jdk/internal/misc/Unsafe
instanceKlass org/codehaus/groovy/vmplugin/v8/CacheableCallSite
ciInstanceKlass java/lang/invoke/MutableCallSite 1 1 63 10 7 12 1 1 1 10 12 1 9 7 12 1 1 1 10 12 1 10 12 1 1 9 12 1 1 10 7 12 1 1 1 10 7 12 1 1 1 10 12 1 1 1 1 1 1 1 1 1 1 1 1 1 1 1 1 1 1 100 1 1 1
staticfield java/lang/invoke/MutableCallSite STORE_BARRIER Ljava/util/concurrent/atomic/AtomicInteger; java/util/concurrent/atomic/AtomicInteger
ciInstanceKlass java/lang/invoke/VolatileCallSite 0 0 37 10 100 12 1 1 1 10 12 1 10 100 12 1 1 1 10 12 1 10 12 1 1 1 1 1 1 1 1 1 1 1 1 1 1 1 1
ciInstanceKlass java/lang/AssertionStatusDirectives 0 0 24 10 100 12 1 1 1 100 1 1 1 1 1 1 1 1 1 1 1 1 1 1 1 1
instanceKlass java/lang/StringBuilder
instanceKlass java/lang/StringBuffer
ciInstanceKlass java/lang/AbstractStringBuilder 1 1 547 7 1 7 1 10 7 12 1 1 1 9 7 12 1 1 1 9 12 1 9 12 1 1 9 12 1 1 10 7 12 1 1 1 10 12 1 1 3 3 10 12 1 10 12 1 1 11 7 1 100 1 100 1 10 8 1 10 12 1 10 12 1 10 12 1 1 10 12 1 10 12 1 10 12 1 9 12 1 1 10 12 1 1 10 7 12 1 1 1 10 10 12 1 10 12 1 10 12 1 1 10 12 1 1 10 7 12 1 1 1 10 7 12 1 1 1 100 1 8 1 10 10 12 1 1 100 1 10 12 10 12 1 1 10 10 12 1 1 10 12 1 1 10 12 1 1 10 12 1 1 100 1 10 10 12 1 10 100 12 1 1 1 10 12 1 1 10 12 1 10 12 1 1 10 10 12 1 1 10 12 10 12 1 10 12 1 1 10 12 1 1 10 12 1 1 10 12 1 10 10 12 1 1 10 12 1 10 12 1 1 8 1 10 12 1 1 10 12 1 10 12 1 10 12 1 10 12 1 10 12 1 10 12 1 10 7 12 1 1 10 12 1 10 12 1 10 100 12 1 1 1 10 12 1 10 12 1 10 12 1 10 12 1 10 12 1 1 10 12 1 10 12 1 1 10 12 1 1 10 10 7 12 1 1 1 10 12 1 10 12 1 10 12 1 1 10 12 1 10 12 1 10 12 1 10 12 1 10 12 1 10 12 1 10 12 1 10 12 1 10 12 1 1 10 12 1 10 12 1 10 12 10 12 1 1 18 12 1 1 100 1 10 100 12 1 1 1 18 10 12 1 1 10 12 1 10 12 1 1 11 12 1 10 12 1 10 12 1 10 10 12 1 10 8 1 8 1 8 1 10 10 100 1 10 12 1 100 1 10 100 1 10 100 1 1 1 3 1 1 1 1 1 1 1 1 1 1 100 1 1 1 1 1 1 1 1 1 1 1 1 1 1 1 1 1 1 1 1 1 1 1 1 1 1 1 1 1 1 1 1 1 1 1 1 1 1 1 1 1 1 1 1 1 1 1 1 1 1 1 1 1 1 1 1 1 1 1 1 1 1 1 1 1 1 1 1 1 1 1 1 1 1 1 1 1 1 1 1 1 1 1 1 1 1 1 1 1 1 1 1 1 1 1 1 1 100 1 1 7 1 1 1 1 1 100 1 1 1 1 1 1 15 10 100 12 1 1 1 16 1 15 10 12 16 15 10 12 1 1 1 1 100 1 100 1 1
staticfield java/lang/AbstractStringBuilder EMPTYVALUE [B 0
ciInstanceKlass java/lang/StringBuffer 1 1 470 10 7 12 1 1 1 10 12 1 10 12 1 10 12 1 1 9 7 12 1 1 1 10 12 1 1 10 12 1 10 12 1 1 9 12 1 1 10 12 1 10 12 1 1 10 12 1 1 10 12 1 10 12 1 1 10 12 1 10 12 1 1 10 12 1 1 10 100 12 1 1 1 10 12 1 1 10 12 1 10 12 1 10 12 1 10 12 1 10 12 1 10 12 1 10 12 1 10 12 1 10 12 1 10 12 1 10 12 1 10 12 1 10 12 1 10 12 1 1 10 12 1 10 12 1 1 10 12 1 1 10 10 12 1 1 10 12 1 10 12 1 10 12 1 10 12 1 10 12 1 10 12 1 10 12 10 12 1 10 12 1 10 12 1 10 12 1 1 10 12 1 10 12 1 10 10 12 1 1 10 12 1 1 9 12 1 1 10 7 12 1 1 1 10 100 1 10 10 100 12 1 1 1 10 10 12 1 10 8 10 100 12 1 1 1 8 10 12 1 8 1 10 12 1 10 12 1 10 100 12 1 1 1 10 100 12 1 1 1 7 1 10 12 100 1 8 1 10 10 12 1 1 10 12 1 1 10 12 1 1 10 12 1 10 12 1 10 12 1 10 12 1 10 12 1 10 12 1 10 12 1 10 12 1 10 12 1 10 12 1 10 12 1 10 12 1 10 12 1 10 12 1 10 12 1 10 12 1 10 12 10 12 10 12 1 10 12 1 10 12 1 10 12 10 12 1 10 12 1 10 12 1 10 12 1 10 12 1 10 12 1 10 12 1 10 12 1 10 12 1 10 12 1 10 12 1 7 1 10 12 1 9 7 12 1 1 1 9 7 1 9 12 1 1 100 1 100 1 100 1 1 1 1 5 0 1 1 1 1 1 1 1 1 1 1 1 1 1 1 1 1 1 1 1 1 1 1 1 1 1 1 1 1 1 1 1 1 1 1 1 1 1 1 1 1 1 1 1 1 1 1 1 1 1 1 1 1 1 1 1 1 1 1 1 1 100 1 1 1 1 1 100 1 1 1 1 1 1 1 1 1 1 1 1 1 1 1 1 1
staticfield java/lang/StringBuffer serialPersistentFields [Ljava/io/ObjectStreamField; 3 [Ljava/io/ObjectStreamField;
ciInstanceKlass java/lang/StringBuilder 1 1 409 10 7 12 1 1 1 10 12 1 10 12 1 10 12 1 1 10 7 12 1 1 1 10 7 12 1 1 1 10 12 1 10 12 1 10 12 1 10 12 1 10 12 1 10 12 1 10 12 1 10 12 1 10 12 1 10 12 1 10 12 1 10 12 1 10 12 1 10 12 1 1 10 12 1 10 12 1 1 10 12 1 1 10 12 1 10 12 1 10 12 1 10 12 1 10 12 1 10 12 1 10 12 1 10 12 10 12 1 10 12 1 10 12 1 10 12 1 1 10 12 1 10 12 1 10 12 10 12 1 1 10 12 1 1 9 12 1 1 9 12 1 1 10 7 12 1 1 1 10 100 1 10 100 12 1 1 1 10 12 1 10 12 1 1 10 12 1 1 10 10 12 1 1 10 100 12 1 1 10 12 1 10 12 1 1 100 1 100 1 8 1 10 10 12 1 1 10 12 1 1 10 12 1 10 12 1 10 12 1 10 12 1 10 12 1 10 12 1 10 12 1 10 12 1 10 12 1 10 12 1 10 12 1 10 12 1 10 12 1 10 12 1 10 12 1 1 10 12 1 1 10 12 1 10 12 1 10 12 1 10 12 10 12 10 12 1 10 12 1 10 12 1 10 12 10 12 1 10 12 1 10 12 1 10 12 1 10 12 1 10 12 1 10 12 1 10 12 1 10 12 1 1 10 12 1 10 12 1 1 10 12 1 10 12 1 1 10 12 1 10 12 1 1 10 12 1 10 12 1 10 12 1 10 10 12 1 10 12 1 100 1 100 1 100 1 1 1 1 5 0 1 1 1 1 1 1 1 1 1 1 1 1 1 1 1 1 1 1 1 1 1 1 1 1 1 1 1 1 1 1 1 1 1 1 1 1 1 1 1 1 1 1 1 100 1 1 1 100 1 1 1 1 1 1 1 1 1 1
ciInstanceKlass jdk/internal/misc/UnsafeConstants 1 1 34 10 100 12 1 1 1 9 7 12 1 1 1 9 12 1 9 12 1 1 9 12 1 9 12 1 1 1 1 1 1 1 1 1
staticfield jdk/internal/misc/UnsafeConstants ADDRESS_SIZE0 I 8
staticfield jdk/internal/misc/UnsafeConstants PAGE_SIZE I 4096
staticfield jdk/internal/misc/UnsafeConstants BIG_ENDIAN Z 0
staticfield jdk/internal/misc/UnsafeConstants UNALIGNED_ACCESS Z 1
staticfield jdk/internal/misc/UnsafeConstants DATA_CACHE_LINE_FLUSH_SIZE I 0
ciInstanceKlass jdk/internal/misc/Unsafe 1 1 1285 10 7 12 1 1 1 9 7 12 1 1 1 9 12 1 1 10 12 1 1 10 7 12 1 1 1 10 12 1 1 10 12 1 1 10 12 1 1 10 12 1 1 10 12 1 1 10 12 1 1 10 12 1 1 10 12 1 1 10 12 1 1 10 12 1 1 10 12 1 1 10 12 1 1 10 12 1 1 10 12 1 10 12 1 100 1 10 10 12 1 1 10 12 1 1 5 0 10 12 1 1 10 12 1 1 10 7 12 1 1 1 10 12 1 1 10 12 1 10 12 1 10 12 1 1 10 12 1 1 10 12 1 10 12 1 100 1 100 1 10 8 1 10 12 1 1 10 12 1 8 1 10 12 1 1 10 12 1 10 12 1 10 12 1 1 10 12 1 10 12 1 1 10 12 1 1 10 12 1 10 12 1 10 12 1 10 12 1 1 10 12 1 10 12 1 10 12 1 1 10 12 1 5 0 5 0 5 0 10 12 1 10 12 1 10 12 1 10 12 1 10 12 1 10 12 1 10 12 1 10 12 1 10 12 1 1 10 12 1 10 12 1 100 1 8 1 10 100 1 10 10 12 1 1 10 12 1 1 10 12 1 10 12 1 1 10 12 1 1 10 12 1 10 12 1 1 10 12 1 9 7 12 1 1 9 12 1 100 1 10 10 12 1 1 8 1 10 8 1 8 1 10 12 1 1 9 7 12 1 1 1 9 100 1 9 7 1 9 7 1 9 9 100 1 9 7 1 9 100 1 10 12 1 1 10 12 1 1 10 12 1 1 10 12 1 1 5 0 5 0 9 12 1 1 10 12 1 10 12 1 10 12 1 1 10 12 1 1 10 12 1 8 1 3 10 12 1 1 10 12 1 1 10 12 1 10 12 1 1 10 12 1 1 10 12 1 10 12 1 10 12 1 10 12 1 10 12 1 10 12 1 1 10 12 1 1 10 12 1 10 12 1 10 12 1 10 12 1 10 12 1 10 12 1 1 10 12 1 1 10 12 1 10 12 1 10 12 1 10 12 1 10 12 1 10 12 1 1 10 12 1 1 10 12 1 1 10 12 1 1 10 12 1 10 12 1 10 12 1 10 12 1 10 12 1 10 12 1 10 12 1 1 10 12 1 1 10 12 1 10 12 1 10 12 1 10 12 1 10 12 1 10 12 1 10 12 1 1 10 12 1 1 10 12 1 10 12 1 10 12 1 10 12 1 10 12 1 10 12 1 10 12 1 10 12 1 1 10 12 1 10 12 1 10 12 1 10 12 1 10 12 1 1 10 12 1 10 12 1 10 12 1 10 12 1 10 12 1 10 12 1 10 12 1 10 12 1 1 10 12 1 10 12 1 10 12 1 10 12 1 10 12 1 10 12 1 1 10 12 1 10 12 1 10 12 1 1 10 12 1 10 12 1 10 12 1 10 12 1 10 12 1 10 12 1 10 12 1 10 12 1 10 12 1 10 12 1 10 12 1 10 12 1 10 12 1 10 12 1 10 12 1 10 12 1 10 12 1 10 12 1 10 12 1 10 12 1 10 12 1 10 12 1 100 1 10 100 1 10 9 12 1 5 0 10 12 1 1 5 0 10 12 1 5 0 10 12 1 10 12 1 10 12 1 1 10 12 1 1 10 12 1 10 12 1 10 12 1 10 12 1 1 10 12 1 10 12 1 10 12 1 10 12 1 10 12 1 1 10 12 1 10 12 1 10 12 1 10 12 1 1 10 12 1 10 12 1 10 12 1 1 10 12 1 10 12 1 10 12 1 10 12 1 1 10 12 1 10 10 12 1 1 10 12 1 10 12 1 1 10 12 1 10 12 5 0 5 0 5 0 10 12 1 1 10 12 1 10 12 1 10 12 10 100 12 1 1 8 1 100 1 11 12 1 1 8 1 11 12 1 1 10 100 12 1 1 10 12 1 10 12 1 10 12 1 10 12 1 10 12 1 1 10 12 1 10 12 1 10 12 1 10 12 1 10 12 1 10 12 1 10 7 1 10 12 1 9 12 1 7 1 9 12 1 7 1 9 12 1 7 1 9 12 1 7 1 9 12 1 7 1 9 12 1 7 1 9 12 1 7 1 9 12 1 7 1 9 12 1 10 12 1 9 12 1 9 12 1 9 12 1 9 12 1 9 12 1 9 12 1 9 12 1 9 12 1 9 12 1 9 12 1 1 1 3 1 1 1 1 1 1 1 1 1 1 1 1 1 1 1 1 1 1 1 1 1 1 1 1 1 1 1 1 1 1 1 1 1 1 1 1 1 1 1 1 1 1 1 1 1 1 1 1 1 1 1 1 1 1 1 1 1 1 1 1 1 1 1 1 1 1 1 1 1 1 1 1 1 1 1 1 1 1 1 1 1 1 1 1 1 1 1 1 1 100 1 1 1 1 1 1 1 1 1 1 1 1 1 1 1 1 1 1 1 1 1 1 1 1 1 1 1 1 1 1 1 1 1 1 1 1 1 1 1 1 1 1 1 1 1 1 1 1 1 1 1 1 1 1 1 1 1 1 1 1 1 1 1 1 1 1 1 1 1 1 1 1 1 1 1 1 1 1 1 1 1 1 1 1 1 1 1 1 1 1 1 1 1 1 1 1 1 1 1 1 1 1 1 1 1 1 1 1 1 1 1 1 1 1 1 1 1 1 1 1 1 1 1 1 1 1 1 1 1 1 1 1 1 1 1 1 1 1 1 1 1 1 1 1 1 1 1 1 1 1 1 1 1 1 1 1 1 1 1 1 1 1 1 1 1 1 1 1 1 1 1 1 1 1 1 1 1 1 1 1 1 1 1 1 1 1 1 1 1 1 1 1 1 1 1 1 1 1 1 1 1 1 1 1 1 1 1 3 1 1 1 1 1 1 1 1 1 1 1 1 1 1 1 1 1 1 1 1 1
staticfield jdk/internal/misc/Unsafe theUnsafe Ljdk/internal/misc/Unsafe; jdk/internal/misc/Unsafe
staticfield jdk/internal/misc/Unsafe ARRAY_BOOLEAN_BASE_OFFSET I 16
staticfield jdk/internal/misc/Unsafe ARRAY_BYTE_BASE_OFFSET I 16
staticfield jdk/internal/misc/Unsafe ARRAY_SHORT_BASE_OFFSET I 16
staticfield jdk/internal/misc/Unsafe ARRAY_CHAR_BASE_OFFSET I 16
staticfield jdk/internal/misc/Unsafe ARRAY_INT_BASE_OFFSET I 16
staticfield jdk/internal/misc/Unsafe ARRAY_LONG_BASE_OFFSET I 16
staticfield jdk/internal/misc/Unsafe ARRAY_FLOAT_BASE_OFFSET I 16
staticfield jdk/internal/misc/Unsafe ARRAY_DOUBLE_BASE_OFFSET I 16
staticfield jdk/internal/misc/Unsafe ARRAY_OBJECT_BASE_OFFSET I 16
staticfield jdk/internal/misc/Unsafe ARRAY_BOOLEAN_INDEX_SCALE I 1
staticfield jdk/internal/misc/Unsafe ARRAY_BYTE_INDEX_SCALE I 1
staticfield jdk/internal/misc/Unsafe ARRAY_SHORT_INDEX_SCALE I 2
staticfield jdk/internal/misc/Unsafe ARRAY_CHAR_INDEX_SCALE I 2
staticfield jdk/internal/misc/Unsafe ARRAY_INT_INDEX_SCALE I 4
staticfield jdk/internal/misc/Unsafe ARRAY_LONG_INDEX_SCALE I 8
staticfield jdk/internal/misc/Unsafe ARRAY_FLOAT_INDEX_SCALE I 4
staticfield jdk/internal/misc/Unsafe ARRAY_DOUBLE_INDEX_SCALE I 8
staticfield jdk/internal/misc/Unsafe ARRAY_OBJECT_INDEX_SCALE I 4
staticfield jdk/internal/misc/Unsafe ADDRESS_SIZE I 8
ciInstanceKlass jdk/internal/module/Modules 1 1 504 10 100 12 1 1 1 9 7 12 1 1 1 11 7 12 1 1 1 11 12 1 1 11 12 1 1 11 12 1 1 11 12 1 11 12 1 11 12 1 11 12 1 11 12 1 1 10 100 12 1 1 1 10 100 12 1 1 1 18 12 1 1 10 100 12 1 1 1 100 1 10 100 12 1 1 1 10 100 12 1 1 1 10 100 12 1 1 10 12 1 1 11 12 1 9 12 1 1 11 100 12 1 1 1 10 12 1 1 10 10 12 1 10 9 12 1 1 10 7 12 1 1 10 12 1 1 10 100 12 1 1 100 1 11 100 12 1 1 1 10 100 12 1 1 1 11 100 12 1 1 10 12 1 1 10 100 12 1 1 10 100 12 1 1 1 10 12 1 1 10 12 1 1 11 12 1 1 18 12 1 1 11 100 12 1 1 10 100 12 1 1 1 11 100 12 1 1 1 100 1 11 12 1 1 11 100 12 1 1 1 11 12 1 1 10 12 1 1 10 100 12 1 1 18 12 1 1 11 12 1 1 18 12 1 1 11 12 1 1 10 12 1 18 18 10 12 1 1 9 12 1 1 11 100 12 1 1 1 100 1 10 11 12 1 11 12 1 1 11 12 1 1 10 100 1 10 12 1 1 10 100 12 1 1 10 12 1 1 11 12 10 12 1 1 100 1 10 18 12 1 10 12 1 1 100 1 8 1 10 12 1 10 100 12 1 1 18 12 1 11 11 12 10 12 1 10 10 100 1 18 12 1 10 10 10 7 12 1 1 10 7 12 1 1 1 10 12 1 1 1 1 1 1 1 1 1 1 1 1 1 1 1 1 1 1 1 1 1 1 1 1 1 1 1 1 1 1 1 1 1 100 1 1 1 1 1 1 1 1 1 1 1 1 1 1 1 1 1 1 1 1 1 1 1 1 1 1 1 1 1 1 1 1 1 1 1 100 1 1 1 1 1 1 1 1 1 1 1 1 1 1 1 1 1 1 1 1 1 1 1 15 10 100 12 1 1 1 16 15 10 12 1 16 16 15 10 12 1 16 1 16 1 15 10 12 1 16 1 16 1 15 10 12 16 1 15 10 16 1 15 10 12 16 1 15 10 12 16 15 10 12 16 15 10 12 1 1 1 100 1 100 1 1
staticfield jdk/internal/module/Modules JLA Ljdk/internal/access/JavaLangAccess; java/lang/System$2
staticfield jdk/internal/module/Modules JLMA Ljdk/internal/access/JavaLangModuleAccess; java/lang/module/ModuleDescriptor$1
staticfield jdk/internal/module/Modules $assertionsDisabled Z 1
instanceKlass sun/nio/ch/NioSocketImpl$1
instanceKlass java/net/Socket$SocketInputStream
instanceKlass java/lang/ProcessBuilder$NullInputStream
instanceKlass sun/security/ssl/SSLSocketImpl$AppInputStream
instanceKlass com/sun/org/apache/xerces/internal/impl/XMLEntityManager$RewindableInputStream
instanceKlass sun/nio/ch/ChannelInputStream
instanceKlass java/util/jar/JarVerifier$VerifierStream
instanceKlass jdk/nio/zipfs/ZipFileSystem$EntryInputStream
instanceKlass java/io/ObjectInputStream
instanceKlass java/util/zip/ZipFile$ZipFileInputStream
instanceKlass java/io/FilterInputStream
instanceKlass java/io/FileInputStream
instanceKlass java/io/ByteArrayInputStream
ciInstanceKlass java/io/InputStream 1 1 184 100 1 10 7 12 1 1 1 100 1 10 10 7 12 1 1 1 10 7 12 1 1 1 10 12 1 7 1 3 10 12 1 1 100 1 8 1 10 12 1 10 7 12 1 1 1 3 100 1 8 1 10 10 7 12 1 1 1 7 1 10 11 7 12 1 1 1 10 12 1 1 11 12 1 1 11 7 12 1 1 1 11 12 1 1 7 1 10 7 12 1 1 1 5 0 10 12 1 10 12 1 1 100 1 10 8 1 10 8 1 8 1 10 12 1 1 10 7 12 1 1 1 100 1 1 1 1 3 1 3 1 1 1 1 1 1 1 1 1 1 1 1 1 1 1 1 1 1 1 1 1 1 1 1 1 1 1 1 1 1 1 1 1 1 1 1 1 1 1 1 1 1 1 1 1 1 1 1 1 1 1 1 1
ciInstanceKlass java/io/ByteArrayInputStream 1 1 96 10 7 12 1 1 1 9 7 12 1 1 1 9 12 1 1 9 12 1 9 12 1 10 100 12 1 1 1 10 7 12 1 1 1 10 7 12 1 1 1 10 100 12 1 1 1 10 12 1 1 10 7 12 1 1 1 1 1 1 1 1 1 1 1 1 1 1 1 1 1 1 1 1 1 1 1 1 1 1 1 100 1 1 1 1 1 1 1 1 1 1 1 1 1 1
ciInstanceKlass java/net/URL 1 1 743 10 7 12 1 1 1 10 12 1 10 7 12 1 1 9 12 1 1 9 12 1 10 7 12 1 1 1 10 12 1 1 10 12 1 1 9 12 1 1 10 7 12 1 1 1 8 1 10 12 1 1 100 1 10 10 12 1 1 8 1 10 12 1 1 9 12 1 100 1 8 1 10 12 1 10 12 1 8 1 9 12 1 10 12 1 1 9 12 1 10 12 1 10 12 1 9 12 1 9 12 1 8 1 9 12 1 10 12 1 1 8 1 9 12 1 1 10 12 1 1 10 7 12 1 1 1 8 1 10 12 1 7 1 10 12 1 10 12 1 10 12 1 10 12 1 1 10 12 1 1 8 1 10 12 1 1 10 12 1 8 1 9 12 1 8 1 10 12 1 10 7 12 1 1 1 100 1 10 12 1 10 12 1 1 10 7 12 1 1 1 100 1 8 1 10 10 12 1 8 1 10 12 1 1 10 12 1 10 12 1 10 12 1 10 12 1 10 12 1 8 1 10 12 1 10 10 7 12 1 1 1 10 12 1 9 100 12 1 1 1 10 100 12 1 1 1 9 12 1 1 10 12 1 10 100 12 1 1 1 100 1 100 1 10 12 1 10 12 1 10 12 1 10 12 1 10 12 1 10 12 10 10 10 12 1 100 1 10 12 1 10 12 1 1 8 1 9 100 12 1 1 1 10 100 12 1 1 1 10 12 1 1 9 100 12 1 1 1 10 12 1 1 100 1 10 12 1 10 12 1 10 10 12 1 1 10 12 1 1 10 12 1 10 12 1 10 12 1 10 7 12 1 1 1 10 12 1 1 10 12 1 9 12 1 1 9 12 1 1 100 1 8 1 10 10 12 1 9 12 1 1 10 7 12 1 1 8 1 10 7 12 1 1 8 1 10 12 1 1 10 12 1 8 1 8 1 10 7 12 1 1 1 100 1 10 100 12 1 1 1 10 12 1 10 12 1 7 1 10 9 12 1 1 10 7 12 1 1 8 1 10 12 1 1 7 1 10 10 7 12 1 1 1 8 9 100 12 1 1 1 10 12 1 10 12 1 10 12 1 10 12 1 10 7 12 1 1 11 7 12 1 1 10 12 1 10 12 1 9 12 1 10 12 1 1 10 100 12 1 1 10 100 12 1 1 1 8 10 100 12 1 1 100 1 10 8 8 10 12 1 8 8 8 100 1 10 12 1 9 12 1 1 10 12 1 10 12 1 1 10 12 1 10 12 10 12 1 1 10 12 1 1 10 10 10 12 1 10 12 1 10 12 1 10 12 1 10 12 1 10 10 12 1 100 1 8 1 10 10 10 12 1 1 10 12 1 10 12 1 1 8 1 7 1 10 10 10 7 1 10 12 1 9 7 12 1 1 1 9 12 1 1 7 1 10 10 7 12 1 1 1 100 1 1 1 1 1 5 0 1 1 1 1 1 1 1 1 1 1 1 1 1 1 1 1 1 1 1 1 1 1 1 1 1 1 1 1 1 1 1 1 1 1 1 1 1 1 1 100 1 1 1 1 1 1 1 1 1 1 1 1 1 1 1 1 1 1 1 1 1 1 1 1 1 1 1 1 1 1 1 1 1 1 1 1 1 100 1 1 1 1 1 1 1 1 1 1 1 1 1 1 1 1 100 1 1 1 1 1 1 1 1 1 1 1 1 1 1 1 1 1 1
staticfield java/net/URL defaultFactory Ljava/net/URLStreamHandlerFactory; java/net/URL$DefaultFactory
staticfield java/net/URL streamHandlerLock Ljava/lang/Object; java/lang/Object
staticfield java/net/URL serialPersistentFields [Ljava/io/ObjectStreamField; 7 [Ljava/io/ObjectStreamField;
ciInstanceKlass java/util/jar/Manifest 1 1 336 10 7 12 1 1 1 7 1 10 9 7 12 1 1 1 7 1 10 9 12 1 1 9 12 1 1 10 12 1 10 12 1 1 10 12 1 1 10 12 1 1 10 12 1 1 11 7 1 11 12 1 1 10 12 1 1 10 100 12 1 1 1 100 1 100 1 10 8 1 10 12 1 1 10 12 1 1 10 12 1 10 12 1 11 100 1 10 12 1 10 12 1 1 11 12 1 1 10 12 1 11 12 1 1 11 100 12 1 1 1 11 100 12 1 1 11 12 1 1 100 1 10 12 1 8 1 11 12 1 7 1 10 12 1 1 11 12 1 10 12 1 10 12 1 10 100 12 1 1 1 8 1 10 12 1 1 10 9 7 12 1 1 1 10 12 1 1 10 100 12 1 10 12 1 10 12 1 9 100 12 1 1 1 8 1 10 12 1 8 1 8 1 7 1 10 12 1 10 12 1 10 12 1 1 100 1 8 1 10 12 1 1 8 1 10 10 12 1 1 8 1 10 12 1 1 10 7 12 1 1 1 10 12 1 10 11 12 1 1 10 12 1 10 7 12 1 1 1 10 12 1 1 10 12 1 1 11 10 12 1 11 10 12 1 100 1 1 1 1 1 1 1 1 1 1 1 1 1 1 1 1 1 1 1 1 1 1 1 1 1 1 1 1 1 1 1 1 1 1 1 1 1 1 1 1 1 1 1 100 1 1 1 1 1 1 1 1 1 1 1 1 1 1 100 1 1 1 1 1 1 1 1 1 1 1
instanceKlass jdk/internal/loader/ClassLoaders$BootClassLoader
instanceKlass jdk/internal/loader/ClassLoaders$PlatformClassLoader
instanceKlass jdk/internal/loader/ClassLoaders$AppClassLoader
ciInstanceKlass jdk/internal/loader/BuiltinClassLoader 1 1 737 9 7 12 1 1 1 10 7 12 1 1 1 10 7 12 1 1 1 9 12 1 1 9 12 1 1 7 1 10 12 1 9 12 1 10 12 1 9 12 1 10 7 12 1 1 1 10 7 12 1 1 1 10 7 12 1 1 1 11 7 12 1 1 1 100 1 100 1 10 10 12 1 1 8 1 10 12 1 10 12 7 1 10 12 1 10 12 1 1 11 7 12 1 1 1 11 7 12 1 1 1 11 12 1 1 7 1 8 1 8 1 10 9 12 1 1 10 7 12 1 1 11 12 1 1 10 12 1 1 10 12 1 1 10 12 1 1 10 7 12 1 1 1 10 12 1 10 7 12 1 1 1 10 12 1 1 11 7 12 1 1 1 10 7 12 1 1 7 1 10 7 12 1 1 1 10 12 1 100 1 8 1 10 12 1 1 10 8 1 10 12 1 1 10 12 1 1 10 12 1 1 11 7 12 1 1 11 12 1 7 1 10 11 12 1 1 11 10 12 1 1 7 1 10 12 1 10 7 12 1 10 12 1 7 1 10 12 1 10 7 12 1 1 1 100 1 10 12 1 1 11 12 1 7 1 100 1 10 12 1 10 12 1 1 100 1 100 1 10 12 1 10 12 1 18 12 1 1 10 12 1 10 12 1 1 18 100 1 10 7 12 1 1 1 7 1 10 10 12 1 1 10 12 1 1 10 12 1 1 10 12 1 9 12 1 1 100 1 10 10 12 1 1 10 12 1 1 10 12 1 10 12 10 12 1 1 10 12 1 1 10 12 1 1 10 12 1 10 12 1 1 18 12 1 7 1 10 12 1 1 10 12 1 10 12 1 1 10 12 1 100 1 10 12 1 7 1 10 12 1 10 7 12 1 1 1 10 12 1 11 12 1 7 1 10 12 1 7 1 100 1 10 12 1 10 12 1 11 12 1 1 10 12 1 1 10 12 1 1 10 12 1 1 10 12 1 1 10 12 1 10 12 1 10 12 1 10 12 1 8 1 10 12 1 1 10 7 12 1 1 10 12 1 100 1 8 1 8 1 10 10 12 1 8 1 8 1 10 7 12 1 1 1 11 7 12 1 1 1 9 7 12 1 1 1 10 7 12 1 1 1 9 12 1 9 12 1 9 12 1 9 12 1 9 12 1 9 12 1 10 7 12 1 1 1 8 1 10 12 1 7 1 10 12 1 1 10 12 1 7 1 10 11 12 1 1 10 12 10 12 1 10 12 1 100 1 10 12 1 10 12 1 10 10 12 1 10 7 12 1 1 8 1 10 7 12 1 1 10 12 1 1 1 1 1 1 1 1 1 1 1 1 1 1 1 1 1 1 1 1 1 1 1 1 1 1 1 1 1 1 1 1 1 1 1 1 1 1 1 1 1 1 1 1 1 1 1 1 1 1 1 1 1 1 1 1 100 1 1 1 1 1 1 1 1 1 1 1 1 1 1 1 1 1 1 100 1 100 1 1 1 1 1 1 1 1 1 1 1 1 1 1 1 1 1 1 1 1 1 1 1 1 1 1 1 1 1 1 1 1 1 1 1 1 1 1 1 1 1 1 1 1 1 1 1 1 1 1 1 100 1 1 15 10 100 12 1 1 1 16 15 10 12 16 15 10 12 16 15 10 12 16 1 1 1 100 1 1 1 1 1 100 1 100 1 1
staticfield jdk/internal/loader/BuiltinClassLoader packageToModule Ljava/util/Map; java/util/concurrent/ConcurrentHashMap
staticfield jdk/internal/loader/BuiltinClassLoader $assertionsDisabled Z 1
ciInstanceKlass jdk/internal/loader/ClassLoaders 1 1 183 10 100 12 1 1 1 10 7 12 1 1 1 10 12 1 1 10 100 12 1 1 1 9 7 12 1 1 1 9 12 1 1 9 12 1 1 7 1 11 100 12 1 1 1 100 1 11 12 1 1 11 12 1 1 10 100 12 1 1 1 10 100 12 1 1 1 100 1 100 1 10 7 12 1 1 1 9 12 1 1 10 12 1 1 7 1 10 12 1 1 10 12 1 7 1 8 1 10 7 12 1 1 1 10 12 1 1 7 1 10 12 1 10 12 1 10 12 1 8 1 10 7 12 1 1 8 1 8 1 10 12 1 7 1 10 12 1 10 12 1 10 12 1 1 1 1 1 1 1 1 1 1 1 1 1 1 1 1 1 1 1 1 100 1 1 1 1 1 1 1 1 1 1 1 1 1 1 1 1 1 1 1
staticfield jdk/internal/loader/ClassLoaders JLA Ljdk/internal/access/JavaLangAccess; java/lang/System$2
staticfield jdk/internal/loader/ClassLoaders BOOT_LOADER Ljdk/internal/loader/ClassLoaders$BootClassLoader; jdk/internal/loader/ClassLoaders$BootClassLoader
staticfield jdk/internal/loader/ClassLoaders PLATFORM_LOADER Ljdk/internal/loader/ClassLoaders$PlatformClassLoader; jdk/internal/loader/ClassLoaders$PlatformClassLoader
staticfield jdk/internal/loader/ClassLoaders APP_LOADER Ljdk/internal/loader/ClassLoaders$AppClassLoader; jdk/internal/loader/ClassLoaders$AppClassLoader
ciInstanceKlass jdk/internal/loader/ClassLoaders$AppClassLoader 1 1 119 8 1 10 7 12 1 1 1 10 7 12 1 1 1 10 100 12 1 1 1 10 12 1 1 10 100 12 1 1 1 10 12 1 1 10 12 1 1 7 1 8 1 10 12 10 7 12 1 1 1 10 100 12 1 1 10 12 1 1 10 12 1 1 10 7 12 1 1 1 100 1 10 12 1 1 1 1 1 1 1 1 1 1 1 1 1 1 1 1 1 1 1 1 1 100 1 1 1 1 1 1 1 1 1 1 1 1 1 1 1 1 1 1 1 100 1 1 1
ciInstanceKlass jdk/internal/loader/ClassLoaders$PlatformClassLoader 1 1 42 8 1 10 7 12 1 1 1 10 7 12 1 1 1 100 1 10 12 1 100 1 1 1 1 1 1 1 1 1 1 1 1 1 1 100 1 1 1 100 1 1
ciInstanceKlass java/security/CodeSource 1 1 395 10 7 12 1 1 1 9 7 12 1 1 1 9 12 1 1 9 12 1 1 9 12 1 1 10 7 12 1 1 1 9 12 1 1 10 7 12 1 1 10 7 10 100 12 1 1 1 10 100 12 1 1 1 10 12 1 1 7 1 10 10 7 12 1 1 1 10 7 12 1 1 1 10 12 1 1 10 12 1 100 1 10 12 1 1 10 12 1 1 10 12 1 1 10 12 1 10 10 10 12 1 1 10 100 12 1 1 1 10 12 1 10 12 1 10 12 1 8 1 10 12 1 10 12 1 10 12 1 1 10 12 1 8 1 10 12 1 1 10 7 1 10 10 12 1 1 8 1 10 12 1 10 12 1 10 12 1 8 1 8 1 9 12 1 1 100 1 8 1 10 12 1 10 12 1 1 8 1 10 12 1 8 1 8 1 8 1 10 100 12 1 1 10 12 1 1 10 12 1 10 12 1 1 10 12 1 1 10 12 1 1 100 1 100 1 10 12 1 10 12 10 12 1 1 10 100 12 1 1 10 12 1 100 1 10 12 10 8 1 10 12 1 10 12 1 10 12 1 1 100 1 10 12 1 1 100 1 100 1 8 1 8 1 10 10 12 1 1 10 100 12 1 1 1 100 1 10 12 10 12 1 1 11 100 12 1 1 10 10 12 1 11 10 12 1 8 1 100 1 10 12 1 10 12 1 1 10 12 1 11 12 1 1 11 100 1 1 1 1 5 0 1 1 1 1 1 1 1 1 1 1 1 1 1 1 1 1 1 1 1 1 1 1 1 1 1 1 1 1 1 1 1 1 1 1 1 1 1 1 1 1 1 1 1 1 1 1 1 1 1 1 1 1 1 1 1 1 1 1 1 1 1 1 1 1 1 100 1 1 1 1 1 1 1
instanceKlass java/util/concurrent/ConcurrentSkipListMap
instanceKlass com/fasterxml/jackson/databind/util/internal/PrivateMaxEntriesMap
instanceKlass com/google/gson/internal/LinkedTreeMap
instanceKlass org/apache/groovy/util/concurrent/concurrentlinkedhashmap/ConcurrentLinkedHashMap
instanceKlass groovyjarjarpicocli/CommandLine$Model$CaseAwareLinkedMap
instanceKlass java/util/Collections$SingletonMap
instanceKlass java/util/EnumMap
instanceKlass java/util/TreeMap
instanceKlass java/util/IdentityHashMap
instanceKlass sun/util/PreHashedMap
instanceKlass java/util/WeakHashMap
instanceKlass java/util/Collections$EmptyMap
instanceKlass java/util/HashMap
instanceKlass java/util/ImmutableCollections$AbstractImmutableMap
instanceKlass java/util/concurrent/ConcurrentHashMap
ciInstanceKlass java/util/AbstractMap 1 1 192 10 7 12 1 1 1 10 7 12 1 1 1 11 7 12 1 1 1 10 11 12 1 1 11 7 12 1 1 1 11 12 1 1 7 1 11 12 1 10 12 1 1 11 12 1 100 1 10 11 12 1 11 7 1 10 12 1 1 11 12 1 9 12 1 1 7 1 10 12 1 9 12 1 1 100 1 10 11 11 12 1 1 11 12 1 100 1 100 1 11 12 1 8 1 100 1 10 10 12 1 1 8 1 10 12 1 10 12 1 1 10 12 1 1 1 1 1 1 1 1 1 1 1 1 1 1 1 1 1 1 1 1 1 1 1 1 1 1 1 1 1 1 1 1 1 1 1 1 1 1 1 1 100 1 1 1 1 1 1 1 1 1 1 1 1 1 1 1 1 7 1 1 1 1 1 1 1 1 1 100 1 100 1 100 1 100 1 1 1 1 1
ciInstanceKlass java/util/concurrent/ConcurrentHashMap 1 1 1210 7 1 7 1 3 10 12 1 1 3 100 1 10 7 12 1 1 1 100 1 10 100 12 1 1 1 100 1 11 12 1 1 11 12 1 11 12 1 1 9 12 1 1 9 12 1 1 9 12 1 10 7 12 1 1 1 7 1 10 12 1 1 10 12 1 1 10 7 12 1 1 1 4 10 12 1 9 12 1 10 12 1 1 100 1 10 5 0 10 12 1 10 12 1 1 5 0 10 12 1 1 10 12 1 9 12 1 1 10 12 1 1 9 12 1 9 12 1 1 10 12 1 1 9 12 1 10 12 1 1 9 12 1 1 10 12 1 1 100 1 10 100 1 10 12 1 10 12 1 1 10 12 1 1 10 12 1 1 10 12 1 10 12 1 1 10 12 1 1 100 1 10 12 1 1 7 1 100 1 8 1 10 12 1 10 12 1 1 10 12 1 1 11 7 12 1 1 10 12 1 1 11 12 1 1 11 7 12 1 1 1 11 7 12 1 1 1 11 12 1 7 1 11 12 1 11 12 1 10 12 1 1 10 12 1 1 9 12 1 1 10 100 12 1 1 1 9 10 12 1 1 9 12 1 10 12 1 1 5 0 9 12 1 1 7 1 10 12 1 9 12 1 1 7 1 10 12 1 9 12 1 7 1 10 100 1 10 10 12 1 1 8 1 10 12 1 10 12 1 1 11 100 1 10 12 1 10 100 12 1 1 1 8 1 10 100 12 1 1 1 8 1 10 12 1 8 1 10 12 1 10 12 1 1 10 100 12 1 1 10 12 1 10 12 1 10 12 1 9 12 1 9 10 12 1 9 12 1 1 11 100 12 1 1 1 11 7 12 1 1 1 100 1 10 12 11 100 12 1 1 10 11 7 12 1 10 12 1 100 1 10 12 1 7 1 10 10 9 7 12 1 1 1 10 12 3 10 100 12 1 1 9 12 1 10 12 1 1 9 12 1 1 9 12 1 10 12 1 1 10 100 12 1 1 9 12 1 9 7 12 1 1 10 12 1 1 10 12 1 3 9 12 1 9 12 1 10 12 1 1 7 1 9 3 9 12 1 100 1 10 12 1 9 12 1 10 12 1 9 12 1 10 12 1 9 12 1 10 100 12 1 1 1 100 10 12 1 100 1 5 0 10 100 12 1 1 100 1 10 12 1 1 10 12 1 10 12 1 100 1 10 12 1 10 100 1 100 1 10 10 12 1 10 100 1 10 12 1 10 100 1 10 12 1 10 100 1 10 12 1 1 100 1 10 12 1 10 10 12 1 100 1 10 12 1 10 10 12 1 100 1 10 12 1 10 100 1 10 12 1 10 100 1 10 12 1 10 100 1 10 12 1 10 100 1 10 12 1 10 100 1 10 12 1 10 100 1 10 12 1 10 100 1 10 12 1 10 100 1 10 10 100 1 10 10 100 1 10 10 100 1 10 12 1 10 100 1 10 12 1 10 100 1 10 12 1 10 100 1 10 12 1 10 100 1 10 12 1 10 100 1 10 10 100 1 10 10 100 1 10 10 100 1 10 12 1 10 100 1 10 12 1 10 100 1 10 12 1 10 100 1 10 12 1 10 100 1 10 12 1 10 10 12 1 10 7 12 1 1 1 10 12 1 7 1 7 1 10 12 1 9 12 1 1 9 12 1 1 10 12 1 1 8 10 12 1 1 8 8 8 8 7 10 12 1 1 10 12 1 100 1 8 1 10 7 1 100 1 100 1 1 1 5 0 1 1 3 1 3 1 1 1 1 3 1 3 1 3 1 1 1 1 1 3 1 3 1 3 1 1 1 1 1 1 1 1 1 1 1 1 1 1 1 1 1 1 1 1 1 1 1 1 1 100 1 1 1 1 1 1 1 1 1 1 1 1 1 1 1 1 1 1 1 1 1 1 1 1 1 1 1 1 1 1 1 1 1 1 1 1 1 1 1 1 1 1 1 1 1 1 1 1 1 1 1 1 1 1 1 1 1 1 1 1 1 1 1 1 1 1 1 1 1 1 1 1 1 1 1 1 1 1 1 1 1 1 1 1 100 1 1 1 1 1 1 1 1 1 1 1 100 1 1 1 1 1 1 1 1 1 1 1 1 1 1 1 1 1 1 1 1 1 1 1 1 1 1 1 1 1 1 1 1 1 1 1 1 1 1 1 1 1 1 1 1 1 1 1 1 1 1 1 1 1 1 1 1 1 1 1 1 1 1 1 1 1 1 1 1 1 1 1 1 1 1 1 1 1 1 1 1 1 1 1 1 1 1 1 1 1 1 1 1 1 1 1 1 1 1 1 1 1 1 1 1 1 1 1 1 1 1 1 1 1 1 1 1 1 1 1 1 1 1 1 1 1 1 1 1 1 1 1 1 1 1 1 1 1 1 1 1 1 1 1 1 1 1 1 1 1 1 1 1 1 1 1 1 1 1 1 1 1 1 1 1 1 1 1 1 1 1 1 1 1 1 1 1 1 1 1 1 1 1 1 1 1 1 1 1 1 1 1 1 1 1 1 1 1 1 1 1 1 1 1 1 1 1 1 1 1 1 1 1 1 1 1 1 1 1 1 1 1 1 1 100 1 100 1 100 1 100 1 100 1 100 1 100 1 100 1 100 1 1 1 1 1 1 1 1 1 1 1 1 1 1 1 1 1 1 1 1 1 1 1 1 1 1 1 1 1 1 1 1 1 1 1 1 1 1 1 1 1 1 1 1 1 1 1 1 1 1 1 1 1 1 1 1 1 1
staticfield java/util/concurrent/ConcurrentHashMap NCPU I 8
staticfield java/util/concurrent/ConcurrentHashMap serialPersistentFields [Ljava/io/ObjectStreamField; 3 [Ljava/io/ObjectStreamField;
staticfield java/util/concurrent/ConcurrentHashMap U Ljdk/internal/misc/Unsafe; jdk/internal/misc/Unsafe
staticfield java/util/concurrent/ConcurrentHashMap SIZECTL J 20
staticfield java/util/concurrent/ConcurrentHashMap TRANSFERINDEX J 32
staticfield java/util/concurrent/ConcurrentHashMap BASECOUNT J 24
staticfield java/util/concurrent/ConcurrentHashMap CELLSBUSY J 36
staticfield java/util/concurrent/ConcurrentHashMap CELLVALUE J 144
staticfield java/util/concurrent/ConcurrentHashMap ABASE I 16
staticfield java/util/concurrent/ConcurrentHashMap ASHIFT I 2
instanceKlass java/util/concurrent/ConcurrentLinkedDeque
instanceKlass com/fasterxml/jackson/databind/util/internal/LinkedDeque
instanceKlass org/apache/groovy/util/concurrent/concurrentlinkedhashmap/LinkedDeque
instanceKlass java/util/TreeMap$Values
instanceKlass java/util/HashMap$Values
instanceKlass java/util/IdentityHashMap$Values
instanceKlass java/util/LinkedHashMap$LinkedValues
instanceKlass java/util/AbstractQueue
instanceKlass java/util/ArrayDeque
instanceKlass java/util/AbstractSet
instanceKlass java/util/ImmutableCollections$AbstractImmutableCollection
instanceKlass java/util/AbstractList
ciInstanceKlass java/util/AbstractCollection 1 1 160 10 7 12 1 1 1 10 7 12 1 1 1 10 12 1 1 11 7 12 1 1 1 11 12 1 1 10 12 1 1 10 100 12 1 1 1 10 12 1 1 10 12 1 1 10 7 12 1 1 10 7 12 1 1 1 7 1 10 100 12 1 1 1 10 100 12 1 1 1 100 1 10 11 12 1 11 7 1 10 12 1 10 12 1 10 7 12 1 1 1 11 8 1 7 1 10 10 12 1 1 8 1 10 12 1 10 12 1 1 1 1 1 1 1 1 1 1 1 1 1 1 1 1 1 1 1 1 1 1 1 1 1 1 1 1 1 1 1 1 1 1 1 1 1 1 1 1 1 1 1 1 1 1 1 1 1 1 1 1
instanceKlass net/bytebuddy/matcher/FilterableList$Empty
instanceKlass net/bytebuddy/matcher/FilterableList$AbstractBase
instanceKlass sun/security/jca/ProviderList$ServiceList
instanceKlass java/util/AbstractList$SubList
instanceKlass sun/security/jca/ProviderList$3
instanceKlass groovy/lang/Tuple
instanceKlass java/util/Collections$SingletonList
instanceKlass groovy/lang/EmptyRange
instanceKlass groovy/lang/ObjectRange
instanceKlass groovy/lang/IntRange
instanceKlass java/util/Collections$CopiesList
instanceKlass java/util/ArrayList$SubList
instanceKlass java/util/AbstractSequentialList
instanceKlass java/util/Vector
instanceKlass java/util/Arrays$ArrayList
instanceKlass java/util/Collections$EmptyList
instanceKlass java/util/ArrayList
ciInstanceKlass java/util/AbstractList 1 1 218 10 7 12 1 1 1 9 7 12 1 1 1 10 12 1 1 10 12 1 1 100 1 10 10 12 1 1 11 7 12 1 1 1 11 12 1 1 11 12 1 10 7 12 1 1 1 10 12 1 11 12 1 11 12 1 11 12 1 10 12 1 1 10 12 1 1 11 100 12 1 1 1 11 7 1 11 7 1 10 12 1 7 1 10 12 1 10 12 1 1 7 1 7 1 10 12 1 7 1 10 100 1 100 1 10 8 1 10 12 1 1 10 12 1 10 12 1 1 10 12 1 8 1 100 1 8 1 8 1 8 1 10 7 1 11 10 10 12 1 11 12 1 10 12 1 1 8 1 8 1 1 1 1 1 1 1 1 1 1 1 1 1 1 1 1 1 1 1 1 1 1 1 1 1 1 1 1 1 1 1 1 1 1 1 1 1 1 1 1 1 1 1 1 1 1 1 1 1 1 1 1 1 1 1 1 1 1 100 1 100 1 1 1 1 1 1 1
instanceKlass org/dom4j/tree/BackedList
ciInstanceKlass java/util/ArrayList 1 1 492 10 7 12 1 1 1 7 1 9 7 12 1 1 1 9 12 1 100 1 100 1 10 8 1 10 12 1 1 10 12 1 10 12 1 1 10 12 1 9 12 1 11 7 12 1 1 1 9 12 1 1 10 12 1 1 7 10 7 12 1 1 1 9 12 1 10 12 1 10 12 1 1 10 7 12 1 1 1 10 7 12 1 1 1 10 12 1 1 10 12 1 1 10 12 1 1 10 12 1 10 12 1 1 100 1 100 1 10 12 1 10 7 12 1 1 1 10 7 12 1 1 10 12 1 10 12 10 12 1 1 10 12 1 1 10 12 1 1 7 1 10 12 1 1 10 12 1 1 10 12 1 100 1 10 11 12 1 1 11 7 12 1 1 1 11 12 1 10 12 1 10 12 1 10 12 1 1 100 1 10 12 1 1 10 10 12 1 1 10 12 1 8 1 8 1 8 1 8 1 10 12 1 1 10 12 1 1 11 12 1 100 1 10 100 12 1 1 10 12 1 10 12 1 1 10 100 12 1 1 10 12 1 10 100 12 1 1 1 11 100 12 1 1 1 10 12 1 100 1 8 1 10 7 1 10 12 1 7 1 10 12 1 10 12 1 1 7 1 10 12 1 10 12 1 1 11 7 12 1 1 7 1 10 12 1 10 12 1 1 11 7 12 1 1 10 12 1 1 10 12 1 1 10 12 1 1 10 12 1 1 11 100 12 1 1 10 12 1 1 100 1 100 1 100 1 1 1 1 5 0 1 3 1 1 1 1 1 1 1 1 1 1 1 1 1 1 1 1 1 1 1 1 1 1 1 1 1 1 1 1 1 1 1 1 1 1 1 1 1 1 1 1 1 1 1 1 1 1 1 1 1 1 1 1 1 1 1 1 1 1 1 1 1 1 1 1 1 1 1 1 1 1 1 1 1 1 1 1 1 1 1 1 1 1 1 1 1 1 1 1 1 1 1 1 1 1 1 1 7 1 1 1 1 7 1 1 1 1 1 1 1 1 1 1 1 1 1 1 1 1 1 1 1 1 1 1 1 1 1 1 1 1 1 100 1 1 1 1 1 1 1 1 1 1 1 1 1 1 1 1 1 1 100 1 100 1 1 1 1 1 1
staticfield java/util/ArrayList EMPTY_ELEMENTDATA [Ljava/lang/Object; 0 [Ljava/lang/Object;
staticfield java/util/ArrayList DEFAULTCAPACITY_EMPTY_ELEMENTDATA [Ljava/lang/Object; 0 [Ljava/lang/Object;
ciInstanceKlass java/lang/StackTraceElement 1 1 224 10 7 12 1 1 1 10 7 12 1 1 9 12 1 1 9 12 1 1 9 12 1 9 12 1 8 1 10 100 12 1 1 1 100 1 9 12 1 8 1 9 12 1 9 12 1 9 12 1 1 8 1 10 12 1 1 10 12 1 100 1 10 10 12 1 1 8 1 10 12 1 1 10 12 1 8 1 8 1 8 1 10 12 1 8 1 8 1 10 12 1 8 1 8 1 10 12 1 1 10 12 1 10 12 1 1 10 12 1 9 12 1 1 10 7 12 1 1 1 10 12 1 1 7 1 10 12 1 1 10 7 12 1 1 10 7 12 1 1 1 10 7 12 1 1 10 7 12 1 1 10 10 12 1 1 10 12 1 10 12 1 1 100 1 1 1 1 1 3 1 3 1 1 5 0 1 1 1 1 1 1 1 1 1 1 1 1 1 1 1 1 1 1 1 1 1 1 1 1 1 1 100 1 100 1 1 1 1 1 1 1 1 1 1 100 1 1 1 1 1 1 1 1
instanceKlass java/nio/DoubleBuffer
instanceKlass java/nio/FloatBuffer
instanceKlass java/nio/ShortBuffer
instanceKlass java/nio/IntBuffer
instanceKlass java/nio/LongBuffer
instanceKlass java/nio/CharBuffer
instanceKlass java/nio/ByteBuffer
ciInstanceKlass java/nio/Buffer 1 1 224 100 1 10 7 12 1 1 1 9 7 12 1 1 1 9 12 1 9 12 1 1 9 12 1 9 12 1 1 10 12 1 1 10 12 1 1 10 12 100 1 100 1 10 8 1 10 12 1 1 10 12 1 8 1 8 1 10 12 1 1 10 12 1 8 1 9 12 1 1 100 1 8 1 10 12 1 8 1 8 1 9 12 10 12 1 8 1 8 1 8 1 10 12 1 8 1 8 1 8 1 100 1 10 100 1 10 100 1 10 100 1 10 10 100 12 1 1 1 10 11 100 12 1 1 10 7 12 1 1 1 10 7 12 1 1 1 9 12 1 1 10 7 12 1 1 1 9 12 1 1 7 1 10 10 7 12 1 1 1 1 1 3 1 1 1 1 1 1 1 1 1 1 1 1 1 1 1 1 1 1 100 1 1 1 1 1 1 1 1 1 1 1 1 1 1 1 1 1 1 1 1 1 1 1 1 1 1 1 1 1 1 1 1 1 1 1 1 1 1 1 1 1 1
staticfield java/nio/Buffer UNSAFE Ljdk/internal/misc/Unsafe; jdk/internal/misc/Unsafe
staticfield java/nio/Buffer SCOPED_MEMORY_ACCESS Ljdk/internal/misc/ScopedMemoryAccess; jdk/internal/misc/ScopedMemoryAccess
staticfield java/nio/Buffer $assertionsDisabled Z 1
ciInstanceKlass java/lang/StackWalker 1 1 235 9 7 12 1 1 1 10 7 12 1 1 1 7 1 10 7 12 1 1 1 10 12 1 1 11 7 12 1 1 1 10 12 1 1 10 12 1 1 10 12 1 1 100 1 8 1 10 12 1 10 12 1 10 12 1 10 7 12 1 1 9 12 1 1 9 12 1 1 9 12 1 1 9 12 1 1 10 12 1 1 9 12 1 1 10 7 12 1 1 1 11 12 1 1 100 1 8 1 10 10 100 12 1 1 9 12 1 1 10 12 1 1 10 7 12 1 1 1 10 7 12 1 1 1 18 12 1 1 100 1 8 1 10 10 12 1 1 10 100 12 1 1 1 9 7 12 1 1 11 100 12 1 1 1 10 12 1 1 1 1 1 1 1 1 1 1 1 1 1 1 1 1 1 1 1 1 1 1 1 1 1 1 1 1 1 1 1 1 1 1 1 1 1 1 1 1 1 1 1 1 1 1 1 1 1 1 1 100 1 1 15 10 100 12 1 1 1 16 15 10 12 16 1 1 1 1 1 1 1 100 1 100 1 1
staticfield java/lang/StackWalker DEFAULT_EMPTY_OPTION Ljava/util/EnumSet; java/util/RegularEnumSet
staticfield java/lang/StackWalker DEFAULT_WALKER Ljava/lang/StackWalker; java/lang/StackWalker
instanceKlass java/lang/StackStreamFactory$StackFrameTraverser
ciInstanceKlass java/lang/StackStreamFactory$AbstractStackWalker 1 1 306 7 1 100 1 3 10 7 12 1 1 1 10 7 12 1 1 10 7 12 1 1 1 9 12 1 1 10 12 1 1 9 12 1 1 9 12 1 1 9 12 1 1 9 12 1 9 7 12 1 1 1 10 7 12 1 1 1 10 12 1 1 9 12 1 1 10 7 12 1 1 1 10 12 1 1 9 12 1 1 9 100 12 1 1 1 100 1 10 8 1 10 12 1 1 10 12 1 8 1 10 12 1 1 10 100 12 1 1 1 100 1 8 1 10 12 1 8 1 10 12 9 7 12 1 1 1 10 7 12 1 1 9 12 1 8 1 5 0 8 1 8 1 9 12 1 1 10 12 1 1 10 12 1 1 10 12 1 9 12 1 10 12 1 10 12 1 10 12 1 10 12 1 1 10 12 1 10 12 1 1 8 1 10 12 1 10 12 1 10 12 1 10 12 1 1 8 1 10 12 1 1 10 12 1 1 10 12 1 1 10 12 1 10 12 1 10 7 12 1 1 1 9 12 1 8 1 10 12 1 10 12 1 10 12 1 10 12 1 10 12 1 10 12 1 10 12 1 1 10 12 1 1 10 12 1 1 10 12 1 8 1 1 1 1 1 1 1 1 1 1 1 1 1 1 1 1 1 1 100 1 1 1 1 100 1 1 1 1 1 1 1 1 1 1 1 1 1 1 1 1 1 1 1 1 1
instanceKlass java/lang/LiveStackFrameInfo
ciInstanceKlass java/lang/StackFrameInfo 1 1 132 10 7 12 1 1 1 9 7 12 1 1 1 9 7 1 9 12 1 1 11 7 12 1 1 1 9 12 1 1 11 12 1 1 10 12 1 1 10 7 12 1 1 1 10 12 1 11 12 1 11 12 1 1 11 12 1 10 12 1 1 9 12 1 1 10 12 1 1 10 100 12 1 1 10 12 1 1 11 12 1 1 10 12 1 9 12 1 1 10 12 1 1 100 1 8 1 10 12 1 10 7 12 1 1 1 100 1 1 1 1 1 1 1 1 1 1 1 1 1 1 1 1 1 1 100 1 1 1 1 1 1
staticfield java/lang/StackFrameInfo JLIA Ljdk/internal/access/JavaLangInvokeAccess; java/lang/invoke/MethodHandleImpl$1
ciInstanceKlass java/lang/LiveStackFrameInfo 0 0 97 10 100 12 1 1 1 9 100 12 1 1 1 9 12 1 9 12 1 9 12 1 9 12 1 1 100 1 10 12 1 1 10 12 1 8 1 10 12 1 1 8 1 8 1 8 1 10 100 1 10 12 1 100 1 10 12 1 100 1 100 1 1 1 3 1 3 1 1 1 1 1 1 1 1 1 1 1 1 1 1 1 1 1 1 1 1 1 1 1 1 1 1 1 100 1 1
instanceKlass java/util/concurrent/locks/AbstractQueuedSynchronizer
ciInstanceKlass java/util/concurrent/locks/AbstractOwnableSynchronizer 1 1 32 10 7 12 1 1 1 9 7 12 1 1 1 100 1 1 1 1 5 0 1 1 1 1 1 1 1 1 1 1 1 1
ciInstanceKlass java/lang/Boolean 1 1 151 10 7 12 1 1 1 9 7 12 1 1 1 10 12 1 1 10 12 1 8 1 10 7 12 1 1 9 12 1 1 9 12 1 8 1 10 12 1 1 10 12 1 1 10 7 12 1 1 1 100 1 100 1 10 12 1 1 9 100 12 1 1 9 12 10 100 12 1 1 1 10 12 1 1 8 1 10 7 12 1 1 1 9 12 1 1 100 1 100 1 100 1 1 1 1 1 1 5 0 1 1 1 1 1 1 1 1 1 1 3 1 1 1 1 1 1 1 1 1 1 1 1 1 1 1 1 1 1 1 1 100 1 1 1 1 1 1 1 1 1 1 100 1 1 1 1 1 1 1 1
staticfield java/lang/Boolean TRUE Ljava/lang/Boolean; java/lang/Boolean
staticfield java/lang/Boolean FALSE Ljava/lang/Boolean; java/lang/Boolean
staticfield java/lang/Boolean TYPE Ljava/lang/Class; java/lang/Class
ciInstanceKlass java/lang/Character 1 1 576 7 1 100 1 100 1 9 12 1 1 8 1 9 12 1 1 100 1 9 12 1 1 10 100 12 1 1 1 10 100 12 1 1 1 10 100 12 1 1 1 10 7 12 1 1 1 9 7 12 1 1 1 10 12 1 10 12 1 1 10 12 1 1 10 7 12 1 1 10 12 1 1 3 3 3 3 3 10 12 1 1 10 12 1 3 11 7 12 1 1 1 11 12 1 1 10 12 1 1 10 12 1 1 100 1 10 10 12 1 3 10 12 1 1 10 12 1 10 12 1 1 100 1 8 1 10 12 1 1 10 12 1 10 12 1 10 12 1 10 12 1 10 12 1 1 10 12 1 10 7 12 1 1 10 10 12 1 10 10 12 1 10 12 1 1 10 12 1 10 10 12 1 10 12 1 10 12 1 10 12 1 10 12 1 10 12 1 10 12 1 10 12 10 10 12 10 10 12 1 10 10 12 1 10 10 12 1 10 10 12 1 10 10 12 1 10 10 12 1 10 10 12 1 1 10 10 12 1 10 5 0 10 12 1 10 12 1 10 10 12 1 10 10 12 1 1 10 10 12 1 10 10 12 1 9 12 1 1 100 1 10 10 12 1 10 12 1 1 3 10 100 12 1 1 1 10 12 1 10 100 12 1 1 100 1 10 10 12 1 1 10 12 1 1 10 12 1 1 8 1 10 12 1 9 100 12 1 1 1 10 12 1 10 10 12 1 10 12 1 1 10 12 1 10 10 12 1 1 10 10 12 1 1 100 1 8 1 10 12 1 1 10 7 12 1 1 1 8 1 10 12 1 1 9 12 1 1 100 1 100 1 100 1 1 1 1 3 1 3 1 3 1 3 1 1 1 1 1 3 1 1 3 1 3 1 3 1 3 1 3 1 3 1 3 1 3 1 3 1 3 1 3 1 3 1 3 1 3 1 3 1 3 1 3 1 3 1 3 1 3 1 3 1 3 1 3 1 3 1 3 1 3 1 3 1 3 1 1 1 1 1 1 1 1 1 1 1 1 1 1 1 1 1 1 1 3 1 1 1 1 1 1 1 3 1 1 3 1 1 1 1 1 3 1 1 5 0 1 1 1 1 1 1 1 1 1 1 1 1 1 1 1 1 1 1 1 1 1 1 1 1 1 1 1 1 1 1 1 1 1 1 1 1 1 1 1 1 1 1 1 1 1 1 1 1 1 1 1 1 1 1 1 1 1 1 1 1 1 1 1 1 1 1 1 1 1 1 1 1 1 1 1 1 1 1 1 1 1 1 1 1 1 1 1 1 1 100 1 100 1 1 1 1 1 1
staticfield java/lang/Character TYPE Ljava/lang/Class; java/lang/Class
staticfield java/lang/Character $assertionsDisabled Z 1
instanceKlass java/util/concurrent/atomic/Striped64
instanceKlass com/google/gson/internal/LazilyParsedNumber
instanceKlass java/math/BigInteger
instanceKlass java/math/BigDecimal
instanceKlass java/util/concurrent/atomic/AtomicLong
instanceKlass java/util/concurrent/atomic/AtomicInteger
instanceKlass java/lang/Long
instanceKlass java/lang/Integer
instanceKlass java/lang/Short
instanceKlass java/lang/Byte
instanceKlass java/lang/Double
instanceKlass java/lang/Float
ciInstanceKlass java/lang/Number 1 1 37 10 7 12 1 1 1 10 100 12 1 1 1 100 1 1 1 1 5 0 1 1 1 1 1 1 1 1 1 1 1 1 1 1 1 1 1
ciInstanceKlass java/lang/Float 1 1 223 7 1 100 1 10 7 12 1 1 1 10 100 12 1 1 1 4 100 1 10 12 1 1 10 12 1 1 8 1 8 1 10 100 12 1 1 1 10 12 1 1 10 12 1 1 10 4 4 4 10 7 12 1 1 9 12 1 1 10 12 1 1 10 12 1 10 12 1 10 12 1 1 10 12 1 10 12 1 3 10 12 1 1 10 12 1 1 10 12 1 10 100 12 1 1 1 10 12 1 1 10 12 1 1 8 1 10 7 12 1 1 1 9 12 1 1 100 1 100 1 100 1 1 1 1 1 4 1 1 1 4 1 1 3 1 3 1 3 1 3 1 1 1 1 5 0 1 1 1 1 1 1 1 1 1 1 100 1 1 1 1 1 1 1 1 1 1 1 1 1 3 1 1 1 1 1 1 1 1 1 1 1 1 1 1 1 1 1 1 1 1 1 1 1 1 1 1 1 1 1 1 1 1 1 1 1 1 1 1 100 1 1 1 1 1 1 1 100 1 100 1 1
staticfield java/lang/Float TYPE Ljava/lang/Class; java/lang/Class
ciInstanceKlass java/lang/Double 1 1 285 7 1 100 1 10 7 12 1 1 1 10 12 1 1 10 12 1 100 1 10 12 1 1 10 100 12 1 1 1 6 0 8 1 10 12 1 1 8 1 10 12 1 1 8 1 6 0 10 12 1 1 100 1 5 0 5 0 8 1 8 1 10 100 12 1 1 1 10 100 12 1 1 1 8 1 10 12 1 1 8 1 8 1 8 1 10 12 1 1 10 12 1 10 12 1 1 10 12 1 10 12 1 10 12 1 1 10 12 1 10 6 0 6 0 6 0 10 7 12 1 1 9 12 1 1 10 12 1 10 12 1 10 12 1 10 12 1 5 0 10 12 1 1 10 12 1 10 12 1 10 100 12 1 1 1 10 12 1 1 10 12 1 1 8 1 10 7 12 1 1 1 9 12 1 1 100 1 100 1 100 1 1 1 1 1 6 0 1 1 1 6 0 1 1 3 1 3 1 3 1 3 1 1 1 1 5 0 1 1 1 1 1 1 1 1 1 1 1 1 1 1 1 1 100 1 1 1 1 1 1 1 1 1 1 1 1 3 1 1 1 1 1 1 1 1 1 1 1 1 1 1 1 1 1 1 1 1 1 1 1 1 1 1 1 1 1 1 1 1 1 1 100 1 1 1 1 1 1 1 100 1 100 1 1
staticfield java/lang/Double TYPE Ljava/lang/Class; java/lang/Class
ciInstanceKlass java/lang/Byte 1 1 215 7 1 100 1 10 100 12 1 1 1 9 12 1 1 8 1 9 12 1 1 100 1 10 12 1 1 10 12 1 1 10 100 12 1 1 1 10 100 12 1 1 1 9 7 12 1 1 1 10 12 1 1 100 1 100 1 10 12 1 1 8 1 10 12 1 1 8 1 10 12 1 10 12 1 10 12 1 10 12 1 1 10 12 1 10 12 1 10 12 1 1 10 8 1 8 1 10 7 1 9 12 1 1 10 12 1 10 12 1 1 10 12 1 1 10 12 1 1 10 12 1 5 0 10 12 1 1 8 1 10 7 12 1 1 1 9 12 1 1 100 1 100 1 1 1 3 1 3 1 1 1 1 3 1 3 1 1 5 0 1 1 1 1 1 1 1 1 1 1 1 1 1 1 1 1 1 1 1 1 1 1 1 1 1 1 1 1 1 1 1 1 1 1 1 1 1 1 1 1 1 1 1 1 1 1 1 1 1 1 1 1 1 1 1
staticfield java/lang/Byte TYPE Ljava/lang/Class; java/lang/Class
ciInstanceKlass java/lang/Short 1 1 224 7 1 100 1 100 1 10 100 12 1 1 1 10 12 1 1 100 1 100 1 10 12 1 1 8 1 10 12 1 1 8 1 10 12 1 10 12 1 10 12 1 10 12 1 1 10 12 1 1 10 12 1 9 12 1 1 8 1 9 12 1 1 100 1 10 12 1 1 10 12 1 10 100 12 1 1 1 10 100 12 1 1 1 9 7 12 1 1 1 10 12 1 10 12 1 1 10 8 1 8 1 10 7 1 9 12 1 1 10 12 1 10 12 1 1 10 12 1 1 10 12 1 1 10 12 1 3 3 5 0 10 12 1 1 8 1 10 7 12 1 1 1 9 12 1 1 100 1 100 1 1 1 3 1 3 1 1 1 1 3 1 3 1 1 5 0 1 1 1 1 1 1 1 1 1 1 1 1 1 1 1 1 1 1 1 1 1 1 1 1 1 1 1 3 1 1 1 1 1 1 1 1 1 1 1 1 1 1 1 1 1 1 1 1 1 1 1 1 1 1 1 1 1
staticfield java/lang/Short TYPE Ljava/lang/Class; java/lang/Class
ciInstanceKlass java/lang/Integer 1 1 445 7 1 100 1 7 1 7 1 10 12 1 1 9 12 1 1 9 12 1 1 10 100 12 1 1 1 10 12 1 1 10 100 12 1 1 1 10 10 12 1 1 10 100 12 1 1 1 10 12 1 10 12 1 1 10 7 12 1 1 1 10 12 1 1 10 12 1 1 10 12 1 10 12 1 10 12 1 1 10 10 12 1 9 12 1 1 9 12 1 7 1 8 1 10 12 1 100 1 10 12 1 8 1 10 12 1 1 10 12 1 8 1 10 12 1 8 1 10 12 1 1 3 10 12 1 1 3 10 12 1 1 10 12 1 1 10 7 12 1 1 1 11 7 1 100 1 10 11 10 12 1 1 8 1 10 12 1 1 8 1 100 1 10 12 1 1 10 12 1 1 5 0 8 1 10 12 1 10 12 1 10 12 1 10 12 1 1 7 1 9 12 1 1 9 12 1 1 10 12 1 10 7 1 9 12 1 10 12 1 10 12 1 10 12 1 1 10 7 12 1 1 1 100 1 100 1 10 12 1 1 10 12 1 1 8 1 8 1 10 12 1 1 8 1 8 1 8 1 8 1 8 1 8 1 10 12 1 10 12 1 10 12 1 5 0 3 3 3 3 10 12 1 3 10 12 1 10 100 12 1 1 1 10 12 1 1 10 12 1 1 8 1 10 7 12 1 1 1 9 12 1 1 3 3 3 3 3 3 9 12 1 1 100 1 100 1 100 1 1 1 1 1 1 1 3 1 3 1 1 5 0 1 1 1 1 1 1 1 1 1 100 1 1 1 1 1 1 1 1 1 1 1 1 1 1 1 1 1 1 1 1 1 1 1 1 1 1 1 1 1 1 1 1 1 1 1 1 1 1 1 3 1 1 1 1 1 1 1 1 1 1 1 1 1 1 1 1 100 1 1 1 1 1 1 1 1 1 1 1 1 1 1 1 1 1 1 1 1 1 1 1 1 1 1 1 1 1 1 1 7 1 1 1 1 1 1 1 1 1 100 1 100 1 1
staticfield java/lang/Integer TYPE Ljava/lang/Class; java/lang/Class
staticfield java/lang/Integer digits [C 36
staticfield java/lang/Integer DigitTens [B 100
staticfield java/lang/Integer DigitOnes [B 100
staticfield java/lang/Integer sizeTable [I 10
ciInstanceKlass java/lang/Long 1 1 506 7 1 100 1 7 1 7 1 10 12 1 1 9 12 1 1 9 7 12 1 1 1 10 100 12 1 1 1 10 12 1 1 10 100 12 1 1 1 10 10 12 10 12 1 10 12 1 10 12 1 5 0 5 0 100 1 10 12 1 1 10 12 1 1 10 12 1 10 12 1 10 12 1 10 12 1 1 10 100 12 1 1 10 12 1 10 12 1 1 10 12 1 1 10 12 1 1 10 12 1 1 10 7 12 1 1 1 10 12 1 1 10 12 1 10 12 1 10 12 1 10 12 1 1 10 10 12 1 5 0 5 0 9 12 1 1 9 12 1 5 0 7 1 8 1 10 12 1 8 1 10 12 1 8 1 8 1 10 12 1 1 5 0 10 12 1 1 5 0 10 12 1 1 10 12 1 1 10 100 12 1 1 1 11 100 1 100 1 10 11 10 12 1 1 8 1 10 12 1 1 8 1 100 1 10 12 1 1 10 12 1 8 1 8 1 11 12 1 1 10 12 1 10 12 1 10 12 1 5 0 5 0 9 7 12 1 1 1 10 12 1 10 12 1 1 8 1 8 1 10 12 1 1 8 1 8 1 8 1 8 1 8 1 8 1 10 12 1 10 12 1 10 12 1 1 10 7 1 9 12 1 1 10 12 1 10 12 1 1 10 7 12 1 1 1 100 1 100 1 10 12 1 1 10 12 1 1 5 0 10 12 1 10 12 1 5 0 5 0 5 0 10 12 1 1 5 0 5 0 10 12 1 10 12 1 10 100 12 1 1 1 10 12 1 1 10 12 1 1 8 1 10 7 12 1 1 1 9 12 1 1 100 1 100 1 100 1 1 1 1 5 0 1 1 1 1 3 1 3 1 5 0 1 1 1 1 1 1 1 1 1 100 1 1 1 1 1 1 1 1 1 1 1 1 1 1 1 1 1 1 1 1 1 1 1 1 1 1 1 1 1 1 1 1 1 1 1 1 1 1 1 1 1 1 1 1 1 1 1 1 1 1 1 1 1 1 3 1 1 1 1 1 1 1 1 1 1 1 1 1 1 1 100 1 1 1 1 1 1 1 1 1 1 1 1 1 1 1 1 1 1 1 1 1 1 1 1 1 1 1 100 1 1 1 1 1 1 1 1 1 100 1 100 1 1
staticfield java/lang/Long TYPE Ljava/lang/Class; java/lang/Class
ciInstanceKlass java/util/Iterator 1 1 53 100 1 8 1 10 12 1 1 10 7 12 1 1 1 11 7 12 1 1 1 11 12 1 1 11 7 12 1 1 1 100 1 1 1 1 1 1 1 1 1 1 1 1 1 1 1 1 1 1 1 1 1
ciInstanceKlass java/lang/reflect/RecordComponent 1 1 196 10 100 12 1 1 1 9 100 12 1 1 1 9 12 1 1 9 12 1 10 12 1 1 10 12 1 1 10 100 12 1 1 1 10 12 1 1 9 12 1 1 10 12 1 1 10 12 1 1 10 12 1 10 100 12 1 1 10 100 12 1 1 9 12 1 1 10 100 12 1 1 1 11 100 12 1 1 1 10 9 100 12 1 1 1 10 100 12 1 1 1 9 12 1 1 10 100 12 1 1 1 10 12 1 1 11 100 12 1 1 10 100 12 1 1 100 1 9 12 1 9 12 1 1 9 12 1 10 100 12 1 1 1 10 12 1 1 10 12 1 1 100 1 10 10 12 1 10 12 1 1 8 1 10 12 1 10 12 1 9 12 1 100 1 1 1 1 1 1 1 1 1 1 1 1 1 1 1 1 1 1 1 1 1 1 100 1 1 1 1 1 1 100 1 1
ciInstanceKlass jdk/internal/vm/vector/VectorSupport 0 0 487 100 1 10 100 12 1 1 1 9 12 1 1 10 12 1 1 100 1 10 12 1 11 100 12 1 1 1 11 100 12 1 1 1 11 100 12 1 1 11 100 12 1 1 1 11 100 1 100 1 10 12 1 1 11 100 12 1 1 11 100 12 1 1 100 1 11 100 12 1 1 11 100 12 1 1 11 100 12 1 1 1 11 100 12 1 1 1 11 100 12 1 1 1 11 100 12 1 1 1 100 1 10 12 1 1 11 100 12 1 1 100 1 11 100 12 1 1 11 100 12 1 1 11 100 12 1 1 11 100 1 100 1 9 12 1 1 10 100 12 1 1 11 100 12 1 1 10 12 1 1 10 100 12 1 1 1 10 12 1 10 12 1 1 10 12 1 1 1 1 1 3 1 3 1 3 1 3 1 3 1 3 1 3 1 3 1 3 1 3 1 3 1 3 1 3 1 3 1 3 1 3 1 3 1 3 1 3 1 3 1 3 1 3 1 3 1 3 1 3 1 3 1 3 1 3 1 3 1 3 1 3 1 3 1 3 1 3 1 3 1 3 1 3 1 3 1 3 1 1 1 1 1 3 1 1 1 1 1 1 3 1 1 1 1 1 1 1 1 1 1 1 1 1 1 1 1 1 1 1 1 1 1 1 1 1 1 1 1 1 1 1 1 1 1 1 1 1 1 1 1 1 1 1 1 1 1 1 1 1 1 1 1 1 1 1 1 1 1 1 1 1 1 1 1 1 1 1 1 1 1 1 1 1 1 1 1 1 1 1 1 1 1 1 1 1 1 1 1 1 1 1 1 1 1 1 1 1 1 1 1 1 1 1 1 1 1 1 1 1 1 1 1 1 1 1 1 1 1 1 1 1 1 1 1 1 1 1 1 1 1 1 1 1 1 1 1 1 1 1 1 1 1 1 1 1 1 1 1 1 1 1 1 1 1 1 1 1 1 1 1 1 1 1 1 1 1 1 1 1 1 1 1 1 1 1 1 1 1 1 1 1 1 1 1 1 1 1 1 1 1 1 1 1 1 1 1 1 1 1 100 1 100 1 1 1 1 1 1 1 1 1 1 1 1 1 1 1 1 1 1 1 1 1 1 1 1
instanceKlass jdk/internal/vm/vector/VectorSupport$VectorShuffle
instanceKlass jdk/internal/vm/vector/VectorSupport$VectorMask
instanceKlass jdk/internal/vm/vector/VectorSupport$Vector
ciInstanceKlass jdk/internal/vm/vector/VectorSupport$VectorPayload 0 0 32 10 100 12 1 1 1 9 100 12 1 1 1 10 100 12 1 1 1 1 1 1 1 1 1 1 1 1 1 1 1 1
ciInstanceKlass jdk/internal/vm/vector/VectorSupport$Vector 0 0 28 10 100 12 1 1 1 100 1 1 1 1 1 1 1 1 1 1 1 1 1 1 1 100 1 1 1 1
ciInstanceKlass jdk/internal/vm/vector/VectorSupport$VectorMask 0 0 28 10 100 12 1 1 1 100 1 1 1 1 1 1 1 1 1 1 1 1 1 1 1 100 1 1 1 1
ciInstanceKlass jdk/internal/vm/vector/VectorSupport$VectorShuffle 0 0 28 10 100 12 1 1 1 100 1 1 1 1 1 1 1 1 1 1 1 1 1 1 1 100 1 1 1 1
ciInstanceKlass java/lang/NullPointerException 1 1 52 10 100 12 1 1 1 10 12 1 9 100 12 1 1 1 10 12 1 1 9 12 1 1 10 12 1 1 10 12 1 1 1 1 5 0 1 1 1 1 1 1 1 1 100 1 100 1 100 1 1 1
ciInstanceKlass java/lang/ArithmeticException 1 1 26 10 100 12 1 1 1 10 12 1 100 1 1 1 1 5 0 1 1 1 1 1 1 1 1 1
ciInstanceKlass java/util/Comparator 1 1 288 10 100 12 1 1 1 10 7 12 1 1 1 18 12 1 1 7 1 7 1 11 12 1 1 11 12 1 11 12 1 11 12 1 1 11 12 1 1 11 12 1 1 10 12 1 9 7 12 1 1 1 100 1 10 12 1 1 18 12 1 18 12 18 12 18 12 18 12 10 100 12 1 1 1 10 100 12 1 1 1 8 1 10 12 1 1 8 1 8 1 8 1 8 1 8 1 10 12 1 10 12 1 8 10 100 1 10 12 1 8 10 12 1 8 1 10 12 1 10 12 1 8 1 10 12 1 1 100 1 8 1 7 1 8 1 8 1 100 1 8 1 8 1 100 1 100 1 8 1 10 12 1 11 12 1 1 10 100 12 1 1 11 12 1 1 10 100 12 1 1 11 12 1 1 10 100 12 1 1 11 12 1 7 1 11 12 1 11 12 1 1 1 1 1 1 1 1 1 1 1 1 1 1 1 1 1 1 1 1 1 1 1 1 1 1 1 1 1 1 1 1 1 1 1 1 1 1 1 1 1 1 1 1 1 1 1 1 1 1 1 1 1 1 1 1 1 1 1 1 15 10 7 12 1 1 1 16 15 11 12 3 3 15 11 12 15 11 12 15 11 12 15 11 12 15 11 12 1 100 1 1 1 100 1 100 1 1
ciInstanceKlass java/lang/StringLatin1 1 1 380 7 1 10 100 12 1 1 1 100 1 10 12 1 10 7 12 1 1 1 10 7 12 1 1 1 10 12 1 10 7 12 1 1 1 10 12 1 1 10 7 12 1 1 1 10 12 1 1 10 12 1 1 10 10 12 1 10 12 1 1 10 9 7 12 1 1 1 10 12 1 1 10 7 12 1 1 1 10 12 10 12 1 1 10 12 1 1 10 12 1 1 10 7 12 1 1 1 10 12 1 10 12 1 1 9 12 1 1 100 1 10 10 100 12 1 1 1 10 7 12 1 1 1 10 12 1 10 12 1 100 1 100 1 8 1 10 12 1 8 1 10 12 100 1 10 10 10 7 12 1 1 1 8 1 8 1 8 1 10 12 1 1 10 100 12 1 1 10 12 1 10 12 1 1 10 12 1 1 10 12 1 1 10 12 1 10 12 10 12 10 12 1 10 12 10 10 12 1 10 12 1 10 12 1 10 100 12 1 1 1 10 100 12 1 1 1 10 12 1 1 10 12 1 1 10 10 7 12 1 1 1 1 1 1 1 1 1 1 1 1 1 1 1 1 1 1 1 1 1 1 1 1 1 1 1 1 1 1 1 1 1 1 1 1 1 1 1 1 1 1 1 1 1 1 1 1 1 1 1 1 100 1 1 1 1 1 1 1 1 1 1 1 1 1 1 1 1 1 1 1 1 1 1 1 1 1 1 1 1 1 1 1 1 1 1 1 1 1 1 1 1 1 1 1 1 100 1 1 1 1 1 1 1 1 1 1 1 1 1 1 1 1 1 1 1 1 1 100 1 1 1 1 1 1 1 1 1 1 1 1 1 1 1 1 1 1 1 1 1 1 1 1 1 1 100 1 1 1 1
staticfield java/lang/StringLatin1 $assertionsDisabled Z 1
ciInstanceKlass java/lang/Math 1 1 395 10 100 12 1 1 1 10 7 12 1 1 1 10 12 1 10 12 1 10 12 1 10 12 1 10 12 1 7 1 6 0 6 0 10 12 1 10 12 1 10 12 1 10 12 1 10 12 1 10 12 1 1 10 12 1 10 12 1 10 12 1 10 12 1 10 12 1 10 7 12 1 1 1 100 1 3 3 3 10 7 12 1 1 1 100 1 5 0 5 0 5 0 5 0 5 0 9 100 12 1 1 1 10 100 12 1 1 1 100 1 8 1 10 12 1 8 1 10 12 1 1 10 12 1 1 100 1 5 0 5 0 100 1 3 5 0 3 5 0 10 12 1 10 12 1 8 1 10 12 1 8 1 9 12 1 1 9 12 1 10 12 1 1 6 0 10 12 1 9 12 1 1 100 1 10 10 12 1 100 1 10 12 1 10 12 1 1 10 12 1 10 12 1 10 12 1 10 12 1 1 10 12 1 1 10 12 1 1 10 12 6 0 10 12 1 1 10 12 1 1 10 12 10 12 1 4 10 12 1 1 10 12 1 10 12 1 10 12 10 12 1 10 12 1 10 12 1 10 12 1 10 12 1 10 12 1 10 12 1 5 0 6 0 4 6 0 4 6 0 4 10 12 1 1 9 12 1 1 10 12 1 9 12 1 10 7 12 1 1 1 4 6 0 1 1 6 0 1 6 0 1 1 1 1 1 1 1 1 1 1 1 1 1 1 1 1 1 1 1 1 1 1 1 1 1 1 1 1 1 1 1 1 1 1 1 1 1 1 1 1 1 1 1 1 1 1 1 1 1 1 1 1 1 1 1 1 1 1 1 1 1 1 1 1 1 1 1 1 1 1 1 1 1 1 1 1 1 1 1 1 1 1 1 1 1 1 1 1 1 1 1 1 1 1
staticfield java/lang/Math negativeZeroFloatBits J -2147483648
staticfield java/lang/Math negativeZeroDoubleBits J -9223372036854775808
staticfield java/lang/Math $assertionsDisabled Z 1
ciInstanceKlass java/util/Arrays 1 1 988 10 7 12 1 1 1 10 7 12 1 1 1 10 7 12 1 1 1 10 12 1 10 12 1 10 12 1 10 12 1 10 12 1 10 12 1 10 100 12 1 1 1 100 1 7 1 10 8 1 10 12 1 1 10 12 1 8 1 8 1 10 12 1 1 10 12 1 100 1 10 12 1 9 100 12 1 1 1 10 7 12 1 1 100 1 10 12 1 1 10 7 12 1 1 10 7 12 1 1 1 100 1 10 12 1 10 12 1 1 7 1 9 7 12 1 1 1 10 12 1 1 10 7 12 1 1 10 12 1 10 12 1 1 10 12 1 10 12 1 1 7 1 11 12 1 1 10 12 1 10 7 12 1 1 1 10 12 10 12 1 10 12 1 10 12 10 12 1 11 7 12 1 1 1 10 7 12 1 1 1 100 1 10 12 1 10 100 1 10 12 1 10 100 1 10 12 1 10 100 1 10 12 1 10 10 12 1 1 10 12 1 10 12 1 10 12 1 10 12 1 10 12 1 10 100 12 1 1 1 10 12 1 10 100 12 1 1 1 10 12 1 10 12 1 10 7 12 1 1 1 10 12 1 10 12 1 10 12 1 10 12 1 10 12 1 10 12 1 10 12 1 10 12 1 10 12 1 10 12 1 10 12 1 10 12 1 10 12 1 10 12 1 10 12 1 10 12 1 1 10 12 1 1 10 7 12 1 1 1 10 12 1 8 1 7 1 10 12 10 12 1 10 12 1 1 10 12 1 1 9 100 12 1 1 1 100 1 10 12 1 9 100 1 100 1 10 12 1 9 100 1 100 1 10 12 1 9 100 1 100 1 10 12 1 9 100 1 100 1 10 12 1 9 100 1 100 1 10 12 1 9 100 1 10 12 1 100 1 10 12 1 10 12 1 9 12 1 100 1 10 10 12 1 1 10 12 1 10 12 1 10 12 1 10 12 1 10 12 1 10 12 1 10 12 1 10 12 1 10 12 1 8 1 8 1 10 12 1 10 12 1 8 1 10 12 1 10 12 1 10 12 1 10 7 12 1 1 1 3 10 100 1 10 10 12 1 1 11 100 12 1 1 10 12 1 1 10 12 1 10 12 1 10 12 1 10 12 1 10 12 1 10 12 1 10 12 1 10 12 1 11 12 1 8 1 10 11 12 1 11 100 12 1 1 1 11 100 12 1 1 1 11 12 1 1 18 12 1 1 11 12 1 1 11 100 12 1 1 1 18 12 1 11 100 12 1 1 1 18 12 1 11 100 12 1 1 1 18 12 1 100 1 10 7 12 1 1 1 10 12 1 10 12 1 10 12 1 10 12 1 10 12 1 10 12 1 10 12 1 10 12 1 1 10 12 1 10 7 12 1 1 10 12 1 10 12 1 10 12 1 1 10 12 1 10 12 1 10 12 1 1 10 12 1 10 12 1 10 12 1 1 10 12 1 10 12 1 10 12 1 10 12 1 10 12 10 12 1 10 12 10 12 10 12 1 10 12 10 12 1 10 12 1 10 12 1 1 1 1 3 1 3 1 1 1 1 1 1 1 1 1 1 1 1 1 1 1 1 1 1 1 1 1 1 1 1 1 1 1 1 1 1 1 1 1 1 1 1 1 1 1 1 1 1 1 1 1 1 1 1 1 1 1 1 1 1 1 1 1 1 1 1 1 1 1 1 1 1 1 1 1 1 1 1 1 1 1 1 1 1 1 1 1 1 1 1 1 1 1 1 1 1 1 1 1 1 1 1 1 1 1 1 1 1 1 1 1 1 1 1 1 1 1 1 1 1 1 1 1 1 1 1 1 1 1 1 1 1 1 1 1 1 1 1 1 1 1 1 1 1 1 1 1 1 1 1 1 1 1 1 1 1 1 1 1 1 1 1 1 1 1 1 1 1 1 1 1 1 1 1 1 1 1 1 1 1 1 1 1 1 1 1 1 1 1 1 1 1 1 1 1 1 1 1 1 1 1 1 1 1 1 1 1 1 1 1 1 1 1 1 1 1 1 1 1 1 1 1 1 1 1 1 1 1 1 1 1 1 1 1 1 1 1 1 1 1 1 1 1 1 1 1 1 1 1 1 1 1 1 1 1 1 1 1 1 1 1 1 1 1 1 1 1 100 1 1 15 10 100 12 1 1 1 16 15 10 12 15 10 12 15 10 12 15 10 12 1 1 100 1 100 1 1 1 1 100 1 1 1 1 1 1 100 1 1 100 1 1 100 1 1 1 100 1 100 1 1
staticfield java/util/Arrays $assertionsDisabled Z 1
instanceKlass java/lang/CharacterData00
instanceKlass java/lang/CharacterDataLatin1
ciInstanceKlass java/lang/CharacterData 1 1 80 10 7 12 1 1 1 10 100 12 1 1 1 9 7 12 1 1 1 9 7 12 1 1 9 100 12 1 1 9 100 1 9 100 1 9 100 1 9 100 1 9 100 1 1 1 1 1 1 1 1 1 1 1 1 1 1 1 1 1 1 1 1 1 1 1 1 1 1 1 1 1 1 1 1 1 1 1 1 1
ciInstanceKlass java/lang/CharacterDataLatin1 1 1 130 9 7 12 1 1 1 9 12 1 1 10 12 1 1 10 12 1 10 12 1 1 3 3 3 10 12 1 9 12 1 100 1 3 3 9 12 1 1 10 7 12 1 1 1 10 9 12 1 1 3 3 3 3 3 3 3 3 3 3 3 3 3 3 3 3 3 3 3 3 3 3 3 3 3 3 3 3 3 3 3 3 3 3 3 1 1 1 1 1 1 1 1 1 1 1 1 1 1 1 1 1 1 1 1 1 1 1 1 1 1 1 1 1 1 1 1 1 1 1 1 1 1 1 1 1 100 1 1 1
staticfield java/lang/CharacterDataLatin1 DIGITS [B 256
staticfield java/lang/CharacterDataLatin1 instance Ljava/lang/CharacterDataLatin1; java/lang/CharacterDataLatin1
staticfield java/lang/CharacterDataLatin1 A [I 256
staticfield java/lang/CharacterDataLatin1 B [B 256
instanceKlass org/dom4j/InvalidXPathException
instanceKlass java/lang/IllegalThreadStateException
instanceKlass java/security/InvalidParameterException
instanceKlass org/dom4j/IllegalAddException
instanceKlass java/nio/charset/UnsupportedCharsetException
instanceKlass java/util/regex/PatternSyntaxException
instanceKlass java/nio/file/InvalidPathException
instanceKlass java/nio/file/ProviderMismatchException
instanceKlass java/util/IllegalFormatException
instanceKlass java/lang/NumberFormatException
ciInstanceKlass java/lang/IllegalArgumentException 1 1 35 10 7 12 1 1 1 10 12 1 10 12 1 10 12 1 100 1 1 1 1 5 0 1 1 1 1 1 1 1 1 1 1 1 1
ciInstanceKlass java/lang/reflect/Modifier 1 1 133 100 1 10 100 12 1 1 1 100 1 10 7 1 8 1 10 12 1 8 1 10 12 1 1 8 1 8 1 8 1 8 1 8 1 8 1 8 1 8 1 8 1 8 1 8 1 10 12 1 1 3 1 1 1 3 1 3 1 3 1 3 1 3 1 3 1 3 1 3 1 3 1 3 1 3 1 3 1 1 1 3 1 3 1 3 1 1 3 1 3 1 3 1 3 1 3 1 1 1 1 1 1 1 1 1 1 1 1 1 1 1 1 1 1 1 1 1 1 1 1 1 1 1 1 1 1 1 1 1 1 1 1
ciInstanceKlass jdk/internal/util/ArraysSupport 1 1 271 7 1 100 1 8 1 10 12 1 1 10 12 1 1 10 100 12 1 1 9 7 12 1 1 1 9 12 1 1 10 7 12 1 1 1 9 12 1 1 10 100 12 1 1 1 9 12 1 10 12 9 12 1 10 12 1 1 10 12 9 12 1 9 12 1 10 12 1 1 9 12 1 9 12 1 9 12 1 9 12 1 9 12 1 9 12 1 9 12 1 10 12 1 1 10 100 12 1 1 1 9 12 1 9 12 1 10 12 1 1 10 12 1 9 12 1 10 12 1 10 100 12 1 1 1 9 12 1 9 12 1 10 12 1 10 12 1 10 7 12 1 1 1 3 10 12 1 100 1 100 1 10 8 1 10 12 1 1 10 12 1 8 1 8 1 10 12 1 1 10 10 12 1 1 10 12 1 1 9 12 1 10 12 1 9 12 1 9 12 1 9 12 1 9 12 1 9 12 1 9 12 1 9 12 1 100 1 1 1 1 1 1 1 1 1 1 1 1 1 1 1 1 1 1 1 1 1 1 1 1 1 1 1 1 1 1 1 1 1 1 1 1 1 1 1 1 1 1 1 1 1 1 1 1 1 1 1 1 1 1 1 1 1 1 1 1 1 1 1 1
staticfield jdk/internal/util/ArraysSupport U Ljdk/internal/misc/Unsafe; jdk/internal/misc/Unsafe
staticfield jdk/internal/util/ArraysSupport BIG_ENDIAN Z 0
staticfield jdk/internal/util/ArraysSupport LOG2_ARRAY_BOOLEAN_INDEX_SCALE I 0
staticfield jdk/internal/util/ArraysSupport LOG2_ARRAY_BYTE_INDEX_SCALE I 0
staticfield jdk/internal/util/ArraysSupport LOG2_ARRAY_CHAR_INDEX_SCALE I 1
staticfield jdk/internal/util/ArraysSupport LOG2_ARRAY_SHORT_INDEX_SCALE I 1
staticfield jdk/internal/util/ArraysSupport LOG2_ARRAY_INT_INDEX_SCALE I 2
staticfield jdk/internal/util/ArraysSupport LOG2_ARRAY_LONG_INDEX_SCALE I 3
staticfield jdk/internal/util/ArraysSupport LOG2_ARRAY_FLOAT_INDEX_SCALE I 2
staticfield jdk/internal/util/ArraysSupport LOG2_ARRAY_DOUBLE_INDEX_SCALE I 3
staticfield jdk/internal/util/ArraysSupport LOG2_BYTE_BIT_SIZE I 3
ciInstanceKlass java/lang/StringUTF16 1 1 598 100 1 7 1 10 100 12 1 1 1 100 1 10 7 1 3 100 1 100 1 10 8 1 10 12 1 1 10 12 1 8 1 10 12 1 1 10 12 1 9 12 1 1 10 12 1 1 100 1 8 1 10 12 1 9 12 1 1 9 12 1 10 10 12 1 1 10 12 1 1 10 7 12 1 1 1 10 12 1 10 12 1 1 10 12 1 1 10 12 1 1 10 12 1 1 10 12 1 10 12 1 1 10 12 1 1 10 12 1 1 10 12 1 1 10 12 1 10 12 1 10 12 1 1 10 12 1 100 1 10 12 1 10 10 12 1 1 10 12 1 10 12 1 1 10 12 1 10 100 12 1 1 1 10 100 12 1 1 1 10 12 10 12 1 1 10 12 1 10 12 1 1 10 12 1 1 10 12 1 10 12 1 10 12 1 3 10 12 1 1 10 12 1 10 12 1 10 12 1 10 12 1 10 12 1 10 12 1 1 9 12 1 10 12 1 10 12 1 10 12 1 10 12 1 10 12 1 10 10 12 10 12 10 10 100 12 1 1 1 10 100 12 1 1 1 10 12 1 10 12 1 100 1 8 1 8 1 10 12 1 1 100 1 10 10 100 12 1 1 1 10 100 12 1 1 8 1 8 1 8 1 10 12 1 1 10 12 1 1 10 12 10 12 1 10 100 12 1 1 10 12 1 1 10 12 1 1 10 12 1 10 12 10 12 10 12 1 10 12 10 12 1 10 12 1 10 12 1 10 12 1 10 12 1 10 100 12 1 1 1 10 100 12 1 1 1 10 12 1 1 10 12 1 1 11 100 12 1 1 10 12 1 10 12 1 10 12 1 1 9 12 1 1 9 12 1 5 0 5 0 10 12 1 10 12 10 12 10 7 12 1 1 1 10 12 1 1 1 1 1 1 1 1 1 1 1 1 1 1 1 1 1 1 1 1 1 1 1 1 1 1 1 1 1 1 1 100 1 1 1 1 1 1 1 1 1 1 1 1 1 1 1 1 1 1 1 1 1 1 1 1 1 1 1 1 1 1 1 1 1 1 1 1 1 1 1 1 1 1 1 1 1 1 1 1 1 1 1 1 1 1 1 1 1 1 1 1 1 1 1 1 1 1 1 1 1 1 1 1 1 1 1 1 1 1 1 1 1 1 100 1 1 1 1 1 1 1 1 1 1 1 1 1 1 1 1 1 100 1 1 1 1 1 1 1 1 1 1 1 1 1 1 1 1 1 1 1 1 1 1 1 1 1 1 1 1 1 1 1 1 1 1 1 1 1 1 1 1 1 1 1 1 1 1 1 1 1 1 1 1 1 1 1 1 1 1 1 1 1 100 1 100 1 1 1 1 1
staticfield java/lang/StringUTF16 HI_BYTE_SHIFT I 0
staticfield java/lang/StringUTF16 LO_BYTE_SHIFT I 8
staticfield java/lang/StringUTF16 $assertionsDisabled Z 1
instanceKlass org/codehaus/groovy/reflection/CachedConstructor
instanceKlass groovy/lang/MetaMethod
ciInstanceKlass org/codehaus/groovy/reflection/ParameterTypes 1 1 257 1 7 1 7 1 1 1 1 1 1 1 1 1 12 10 1 1 1 12 9 1 1 1 100 1 7 1 100 1 1 12 10 1 100 10 1 1 12 10 1 1 1 1 1 1 1 1 12 10 12 9 1 7 1 12 9 100 12 9 1 1 1 12 10 1 1 12 10 100 1 7 1 12 9 1 12 9 1 7 1 1 12 10 1 1 1 12 10 1 1 12 10 1 100 1 12 10 1 1 12 10 1 12 10 1 1 12 10 1 1 12 10 1 1 1 1 1 1 1 1 1 12 10 1 1 12 10 1 12 9 12 10 1 12 9 1 12 10 1 100 1 1 12 10 12 10 1 1 12 10 1 1 12 10 100 1 1 12 10 1 1 12 10 1 100 1 1 12 10 12 10 1 1 12 10 1 100 1 8 10 1 1 1 1 1 1 1 1 1 1 1 1 100 1 1 12 10 1 1 1 1 1 1 1 1 1 12 10 1 1 12 10 1 12 9 1 1 1 1 1 1 12 10 1 1 1 1 12 10 1 1 1 12 10 1 1 1 1 1 1 12 10 1 1 100 1 12 10 1 1 1 1 1 1 1 1
instanceKlass org/codehaus/groovy/runtime/metaclass/ClosureMetaMethod$AnonymousMetaMethod
instanceKlass org/codehaus/groovy/runtime/metaclass/ClosureMetaMethod
instanceKlass org/codehaus/groovy/runtime/metaclass/MixinInstanceMetaMethod
instanceKlass org/codehaus/groovy/runtime/metaclass/ClosureStaticMetaMethod
instanceKlass org/codehaus/groovy/runtime/metaclass/TransformMetaMethod
instanceKlass groovy/lang/MetaClassImpl$MetaConstructor
instanceKlass groovy/lang/MetaClassImpl$DummyMetaMethod
instanceKlass org/codehaus/groovy/runtime/metaclass/ReflectionMetaMethod
instanceKlass org/codehaus/groovy/runtime/callsite/CallSiteAwareMetaMethod
instanceKlass org/codehaus/groovy/reflection/CachedMethod
instanceKlass org/codehaus/groovy/reflection/GeneratedMetaMethod
ciInstanceKlass groovy/lang/MetaMethod 1 1 242 1 7 1 7 1 100 1 1 1 1 1 1 1 1 12 10 1 1 1 12 10 1 1 1 1 1 1 1 1 1 1 1 1 1 1 1 12 10 1 100 1 7 10 1 8 1 1 12 10 12 10 1 8 1 1 12 10 1 100 1 1 12 10 1 8 12 10 1 12 10 1 1 1 1 7 1 1 12 10 12 10 12 10 1 7 10 1 1 12 10 1 1 1 7 1 12 10 1 1 1 1 1 1 10 1 8 1 8 1 8 1 12 10 1 8 12 10 1 8 1 1 1 100 12 10 1 100 1 8 1 12 10 1 1 1 1 1 1 1 1 1 1 1 12 10 1 1 1 1 1 1 1 12 10 1 100 1 1 12 10 1 12 9 1 12 10 1 12 10 1 100 10 1 12 10 100 1 8 10 1 1 1 1 1 12 9 1 7 1 12 10 1 8 1 12 10 1 12 10 1 8 1 8 1 1 1 1 1 100 1 8 1 100 1 1 12 10 1 1 1 1 1 1 1 100 1 1 12 10 12 10 12 10 1 12 9 1 1 1 1 1
staticfield groovy/lang/MetaMethod EMPTY_ARRAY [Lgroovy/lang/MetaMethod; 0 [Lgroovy/lang/MetaMethod;
instanceKlass org/codehaus/groovy/runtime/dgm$1217
instanceKlass org/codehaus/groovy/runtime/dgm$57
instanceKlass org/codehaus/groovy/runtime/dgm$547
instanceKlass org/codehaus/groovy/runtime/dgm$32
instanceKlass org/codehaus/groovy/runtime/dgm$24
instanceKlass org/codehaus/groovy/runtime/dgm$1241
instanceKlass org/codehaus/groovy/runtime/dgm$563
instanceKlass org/codehaus/groovy/runtime/dgm$1154
instanceKlass org/codehaus/groovy/reflection/GeneratedMetaMethod$Proxy
ciInstanceKlass org/codehaus/groovy/reflection/GeneratedMetaMethod 1 1 46 1 7 1 7 1 1 100 1 1 100 1 1 1 1 1 1 1 1 1 1 12 10 12 9 12 9 12 9 1 1 1 1 1 1 1 1 1 1 1 1 1 1 1 1 1
ciInstanceKlass org/codehaus/groovy/reflection/GeneratedMetaMethod$Proxy 1 1 146 1 7 1 7 1 1 1 1 1 1 1 1 1 12 10 12 9 1 1 1 1 1 1 1 1 1 1 1 1 12 10 1 7 12 10 1 1 1 12 10 1 1 1 1 1 12 10 12 9 1 1 12 10 1 7 1 7 1 1 12 10 1 7 1 1 12 10 1 7 1 1 12 10 1 7 1 1 12 10 1 7 7 1 1 12 10 1 1 12 10 1 1 12 10 1 12 10 1 1 12 10 1 7 1 1 12 10 1 12 10 1 100 1 100 12 10 1 8 1 1 12 10 1 12 10 1 12 10 1 12 10 1 1 1 1 1 1 1 1 1 1 1 1 1 1
ciInstanceKlass org/codehaus/groovy/util/FastArray 1 1 119 1 7 1 7 1 100 1 100 1 1 100 1 1 5 0 1 1 1 1 1 1 1 1 1 12 10 12 9 1 1 12 10 1 1 100 1 1 12 11 1 12 10 1 1 12 9 1 1 1 1 1 1 1 7 1 1 12 10 1 1 1 1 1 1 1 1 1 1 12 10 1 1 1 1 1 1 1 1 100 11 1 1 1 1 1 1 1 100 1 12 10 1 1 12 10 12 10 1 1 1 12 10 1 8 12 10 12 10 1 12 9 1 1 1 1 1 1 1
staticfield org/codehaus/groovy/util/FastArray EMPTY_LIST Lorg/codehaus/groovy/util/FastArray; org/codehaus/groovy/util/FastArray
instanceKlass org/codehaus/groovy/reflection/stdclasses/CachedSAMClass
instanceKlass org/codehaus/groovy/reflection/stdclasses/CachedClosureClass
instanceKlass org/codehaus/groovy/reflection/stdclasses/ArrayCachedClass
instanceKlass org/codehaus/groovy/reflection/stdclasses/CharacterCachedClass
instanceKlass org/codehaus/groovy/reflection/stdclasses/BooleanCachedClass
instanceKlass org/codehaus/groovy/reflection/stdclasses/NumberCachedClass
instanceKlass org/codehaus/groovy/reflection/stdclasses/StringCachedClass
instanceKlass org/codehaus/groovy/reflection/stdclasses/ObjectCachedClass
ciInstanceKlass org/codehaus/groovy/reflection/CachedClass 1 1 457 1 7 1 7 1 1 7 1 7 1 7 1 7 1 7 1 7 1 7 1 7 1 100 1 1 100 1 1 1 1 1 1 1 1 1 1 1 1 1 1 1 1 1 1 1 1 1 1 1 1 1 1 1 1 1 1 1 1 1 1 1 1 1 1 1 1 1 12 10 12 9 1 12 10 12 9 10 12 9 10 12 9 10 12 9 10 12 9 10 12 9 10 12 9 10 12 9 12 9 12 9 12 9 1 7 1 12 10 12 9 12 10 12 9 1 1 12 10 12 9 12 10 12 9 1 7 1 1 12 10 12 9 1 1 12 10 1 7 1 1 12 11 1 7 1 7 1 12 11 1 1 12 11 1 7 1 12 10 1 1 12 10 1 1 12 10 1 1 1 1 1 1 7 1 12 10 1 1 1 1 7 1 1 1 7 1 1 1 7 1 1 12 10 1 100 100 1 100 1 1 12 10 1 1 12 10 1 1 12 10 1 1 12 10 1 1 12 10 1 1 1 1 1 1 1 1 1 1 1 1 12 10 1 12 10 12 9 12 10 3 1 1 100 1 12 9 10 1 1 100 1 12 10 1 1 1 7 1 1 12 9 1 7 1 1 12 10 1 12 10 1 1 12 10 1 100 1 1 12 10 1 7 1 1 12 11 1 100 1 12 9 1 1 12 10 1 7 12 9 1 1 12 11 7 1 1 1 1 1 1 1 1 1 1 12 10 1 7 11 1 12 10 1 12 11 1 100 1 12 9 1 12 10 1 1 1 1 1 1 1 1 1 1 1 1 12 10 1 100 1 1 12 10 1 12 10 11 1 12 10 1 12 10 10 10 1 100 1 100 10 1 8 1 1 12 10 1 8 1 12 10 1 12 10 1 12 10 1 1 1 1 12 9 1 1 10 1 100 1 12 10 1 1 12 10 1 12 10 1 12 10 11 1 1 12 10 1 1 12 10 1 100 1 100 1 12 10 1 1 1 1 1 7 1 1 10 1 1 1 1 12 9 1 7 1 1 12 10 1 1 1 1 1 1 1 1
staticfield org/codehaus/groovy/reflection/CachedClass EMPTY_ARRAY [Lorg/codehaus/groovy/reflection/CachedClass; 0 [Lorg/codehaus/groovy/reflection/CachedClass;
ciInstanceKlass org/codehaus/groovy/reflection/stdclasses/ObjectCachedClass 1 1 27 1 100 1 7 1 1 1 1 7 1 12 10 1 1 1 1 1 1 1 1 1 1 1 1 1 1
ciInstanceKlass org/codehaus/groovy/reflection/stdclasses/CachedClosureClass 1 1 71 1 7 1 7 1 1 1 1 1 1 1 12 10 1 1 12 10 1 100 1 100 1 100 100 1 8 1 7 1 1 12 10 1 7 1 1 12 10 1 1 12 10 1 7 1 1 12 10 12 9 12 9 1 1 1 1 1 1 1 1 1 1 1 1 1 1 1 1 1 1
ciInstanceKlass org/codehaus/groovy/reflection/CachedMethod 1 1 371 1 7 1 7 1 100 1 1 7 1 1 100 1 100 1 1 100 1 100 1 1 7 1 100 1 1 100 1 1 1 1 1 1 1 1 1 1 1 1 1 1 1 1 1 1 1 1 1 1 1 12 10 12 9 12 9 12 9 1 1 1 1 1 7 1 1 12 10 1 7 1 1 12 10 12 10 1 1 1 7 1 1 12 10 12 9 1 7 1 1 12 10 100 1 1 1 1 1 12 10 1 1 12 10 1 1 12 10 1 12 10 1 100 1 1 12 10 1 1 1 1 100 1 100 1 100 1 100 1 12 10 1 7 1 12 10 1 100 1 12 10 12 10 1 100 1 1 12 10 1 100 1 100 1 7 1 12 10 1 1 1 1 1 1 1 1 1 1 1 1 1 10 1 1 1 12 10 1 12 10 1 1 100 10 10 1 1 12 10 12 10 1 12 10 1 1 1 1 1 7 1 12 10 1 1 12 9 1 1 1 1 1 1 12 10 1 1 12 10 1 1 7 1 12 10 1 7 10 1 100 10 10 12 10 1 8 1 12 10 1 1 1 1 1 1 1 1 1 100 1 1 1 12 10 12 9 12 10 3 10 1 1 1 1 7 1 1 12 10 1 7 1 1 1 1 100 12 9 12 9 12 10 1 7 1 1 12 10 1 1 12 10 1 12 10 1 7 1 1 12 10 1 7 1 12 10 1 1 1 1 1 1 1 1 12 9 1 12 10 1 12 10 1 12 9 1 12 10 10 1 1 1 12 10 1 1 1 1 12 10 1 1 1 1 1 7 1 1 12 10 1 1 1 1 12 10 1 12 9 1 12 10 1 1 1 1 1 1 1 1
staticfield org/codehaus/groovy/reflection/CachedMethod EMPTY_ARRAY [Lorg/codehaus/groovy/reflection/CachedMethod; 0 [Lorg/codehaus/groovy/reflection/CachedMethod;
staticfield org/codehaus/groovy/reflection/CachedMethod COMPARATOR Lorg/codehaus/groovy/reflection/CachedMethod$MyComparator; org/codehaus/groovy/reflection/CachedMethod$MyComparator
ciInstanceKlass org/codehaus/groovy/reflection/CachedMethod$MyComparator 1 1 52 1 7 1 7 1 100 1 100 1 1 7 1 1 100 1 1 5 0 1 1 12 10 1 1 1 1 1 1 12 10 1 100 1 8 1 12 10 1 1 1 1 10 1 1 1 1 1 1 1 1 1
instanceKlass org/codehaus/groovy/runtime/metaclass/NewStaticMetaMethod
instanceKlass org/codehaus/groovy/runtime/metaclass/NewInstanceMetaMethod
ciInstanceKlass org/codehaus/groovy/runtime/metaclass/NewMetaMethod 1 1 56 1 7 1 7 1 1 1 1 1 1 12 10 1 7 1 1 12 10 12 9 12 9 1 7 1 7 1 1 12 10 100 1 1 12 10 1 1 1 1 1 1 1 1 1 1 12 10 1 1 1 1 1 1 1 1
staticfield org/codehaus/groovy/runtime/metaclass/NewMetaMethod EMPTY_TYPE_ARRAY [Lorg/codehaus/groovy/reflection/CachedClass; 0 [Lorg/codehaus/groovy/reflection/CachedClass;
instanceKlass org/codehaus/groovy/runtime/GroovyCategorySupport$CategoryMethod
ciInstanceKlass org/codehaus/groovy/runtime/metaclass/NewInstanceMetaMethod 1 1 41 1 100 1 7 1 1 1 12 10 1 1 1 1 1 1 1 1 1 1 1 100 1 100 1 1 12 10 12 10 1 1 1 1 1 1 1 1 1 1 1
instanceKlass org/codehaus/groovy/runtime/metaclass/ClosureMetaClass
instanceKlass groovy/lang/ExpandoMetaClass
ciInstanceKlass groovy/lang/MetaClassImpl 1 1 2549 1 7 1 7 1 7 1 7 1 1 100 1 7 1 1 7 1 1 7 1 1 7 1 7 1 1 7 1 7 1 1 7 1 1 7 1 1 100 1 7 1 1 100 1 1 7 1 1 7 1 7 1 1 7 1 1 100 1 7 1 100 1 100 1 7 1 100 1 1 100 1 1 100 1 100 1 100 1 100 1 100 1 100 1 7 1 100 1 1 100 1 7 1 100 1 100 1 1 7 1 7 1 1 100 1 7 1 1 100 1 1 7 1 1 100 1 100 1 1 1 1 1 1 8 1 1 8 1 1 8 1 1 8 1 1 8 1 1 8 1 1 8 1 1 8 1 1 8 1 1 8 1 1 1 1 1 1 1 1 1 1 1 1 1 1 1 1 1 1 1 1 1 1 1 1 1 1 1 1 1 1 1 1 1 1 1 1 1 1 1 1 1 1 1 1 1 1 1 1 1 1 1 1 1 1 1 1 1 1 1 1 1 1 1 1 1 1 12 10 10 12 9 10 12 9 1 7 10 12 9 1 7 10 12 9 1 7 10 12 9 12 9 1 7 10 12 9 12 9 12 9 12 9 1 7 1 1 12 10 12 9 1 7 1 7 1 1 12 10 12 9 12 9 1 7 1 1 12 10 12 9 1 12 10 12 9 1 7 1 1 12 10 100 1 100 1 1 12 10 12 9 12 9 1 7 1 12 9 1 1 1 1 1 12 10 1 1 7 1 1 12 10 1 12 10 12 9 1 12 10 1 1 1 1 1 1 7 1 1 12 10 1 1 12 10 1 100 1 1 12 10 100 1 1 12 10 1 1 1 1 1 1 1 1 1 12 10 1 1 12 10 1 12 10 1 1 1 1 1 12 10 1 1 12 10 1 1 12 10 1 7 1 1 12 10 1 1 12 10 1 1 1 1 1 1 1 12 10 1 12 10 1 1 1 1 12 10 12 9 1 1 12 10 1 1 12 10 1 1 12 10 1 7 1 1 12 11 1 7 1 7 1 12 11 1 1 12 11 1 12 10 1 100 1 7 1 12 10 1 12 10 12 9 1 1 12 10 1 1 12 10 1 1 12 10 1 12 10 1 12 10 1 12 10 1 12 9 1 1 12 10 1 1 1 1 1 1 1 1 10 11 1 1 12 10 1 12 10 1 12 10 1 1 12 11 12 11 1 1 12 10 1 1 12 10 1 7 1 12 10 1 12 10 10 1 1 1 1 1 1 1 1 1 1 1 7 10 1 12 10 1 12 9 1 1 12 10 1 12 10 1 12 9 7 1 12 10 1 12 10 1 12 9 1 1 1 12 10 1 12 10 1 1 1 12 10 1 12 9 10 1 1 1 10 1 12 10 1 1 1 1 1 1 1 12 10 1 12 10 1 100 1 7 10 1 1 12 10 1 12 10 1 1 12 10 1 1 1 1 1 12 11 1 1 12 11 1 7 1 12 11 1 12 11 1 12 10 1 1 1 1 1 12 9 1 7 1 7 1 1 1 12 10 1 12 9 1 12 9 1 12 9 1 1 12 10 10 12 10 1 1 12 10 10 1 1 12 10 1 1 1 1 1 1 1 1 1 1 1 1 1 1 1 12 9 1 1 1 1 1 12 10 1 100 1 12 10 10 1 12 10 1 1 1 1 1 100 10 10 1 12 10 1 1 12 9 1 12 10 1 7 1 1 12 10 1 1 1 1 1 12 10 1 1 1 1 100 1 7 1 12 10 12 10 1 12 10 1 1 12 10 1 7 1 12 10 1 1 12 10 1 12 10 12 9 12 9 1 1 12 10 1 100 1 100 1 1 12 10 12 11 10 10 1 7 1 12 10 1 1 1 1 1 1 1 1 1 1 100 1 12 10 12 11 1 12 10 1 12 10 1 12 10 1 12 10 1 12 10 1 1 12 10 12 9 1 100 1 12 10 1 12 10 10 1 12 10 1 100 1 100 1 12 10 1 1 1 1 1 1 1 1 1 1 1 7 11 12 9 11 12 9 10 1 1 12 10 1 1 1 1 100 1 7 1 12 10 10 11 10 1 100 1 8 12 10 1 1 12 11 1 100 10 1 8 1 1 12 10 1 12 10 1 8 1 12 10 1 12 10 1 100 1 1 12 10 1 8 1 12 10 1 8 1 8 1 100 1 100 1 12 10 1 1 12 10 1 1 12 10 1 1 12 10 1 12 10 1 100 1 1 12 10 1 8 1 12 10 1 7 1 12 10 1 7 1 1 12 10 10 1 1 1 1 1 1 1 1 1 1 1 1 1 1 1 12 10 1 100 1 8 1 8 10 12 9 1 12 10 10 12 10 1 7 1 1 12 10 11 1 12 10 1 12 10 1 12 10 1 12 10 11 1 1 12 10 1 1 12 10 1 12 10 1 7 1 12 10 1 12 10 1 1 12 9 12 9 1 7 1 1 12 11 1 12 10 1 1 12 10 1 1 1 1 1 1 1 1 1 1 1 1 1 1 1 1 1 1 1 100 1 1 12 10 1 12 10 1 1 12 10 11 1 1 12 10 1 12 10 1 12 10 11 1 100 1 1 12 10 1 100 1 1 12 10 1 100 12 10 1 1 11 1 1 1 12 11 1 1 12 10 1 1 12 10 1 12 10 1 1 1 1 1 1 1 7 11 1 12 9 12 9 12 10 12 9 12 9 1 1 12 10 1 12 10 1 1 1 1 12 9 1 12 10 1 12 10 1 1 1 7 1 1 12 10 1 1 1 1 12 9 1 12 11 12 10 1 12 10 1 1 12 10 1 12 10 12 11 11 1 1 12 10 1 1 1 12 9 10 10 1 100 12 10 1 12 10 1 1 1 1 1 12 10 1 1 1 1 12 10 1 12 10 1 10 1 100 1 8 10 1 8 1 8 10 1 1 12 10 1 12 10 1 16 1 12 10 15 1 7 1 1 12 10 15 1 1 12 18 1 1 12 11 1 7 1 12 11 1 1 1 1 8 1 8 1 1 12 10 1 8 1 7 1 12 9 1 12 10 1 7 1 1 12 10 1 12 10 1 1 12 10 1 100 1 8 1 12 10 1 8 10 1 1 12 10 1 12 10 1 1 12 10 1 1 1 12 10 1 7 10 1 8 1 1 12 10 1 8 1 8 1 1 12 10 1 8 1 8 1 1 1 1 1 12 10 1 1 12 10 1 1 1 12 11 1 12 11 10 1 12 11 1 12 10 1 1 1 1 1 12 10 1 1 12 10 8 12 9 10 1 7 1 100 1 1 12 10 1 1 12 10 12 10 12 10 1 1 1 1 1 1 1 1 12 10 1 12 10 1 12 10 10 1 12 10 10 10 10 10 10 1 1 12 10 1 7 1 12 10 1 1 12 10 1 7 1 1 12 10 1 8 1 7 1 1 12 10 1 1 12 10 1 1 12 10 1 12 10 1 12 10 1 1 1 1 1 1 1 16 1 1 12 10 15 16 1 1 12 18 1 1 12 10 1 1 1 12 10 15 1 12 18 1 1 1 12 10 15 18 1 1 1 12 11 1 1 12 10 15 1 16 1 12 18 1 100 1 1 12 11 1 12 11 1 1 12 11 1 100 1 12 10 1 1 1 1 1 1 1 12 10 10 1 12 10 1 1 12 10 11 1 12 11 12 9 1 12 10 1 1 12 10 11 1 1 1 1 1 1 1 1 1 12 10 1 1 1 1 1 12 10 9 1 12 10 1 1 12 10 1 12 10 1 1 1 1 1 1 1 1 1 1 1 1 10 10 10 12 9 10 10 1 1 12 10 1 1 12 10 1 12 10 1 1 12 10 1 12 10 1 100 8 1 12 10 12 10 1 7 10 1 1 12 10 1 1 12 10 1 1 12 10 1 1 1 1 1 10 10 1 1 12 10 1 7 1 1 12 10 10 1 1 1 1 1 10 1 12 10 1 12 10 1 1 12 10 1 1 1 1 1 1 10 1 1 1 1 1 1 1 1 1 12 10 1 100 10 1 1 12 10 1 7 1 12 10 1 12 10 12 10 12 10 1 100 1 12 10 1 1 1 1 12 9 1 8 1 12 10 1 8 12 10 1 12 10 1 1 12 10 1 12 9 1 1 1 1 1 1 1 12 9 16 1 12 10 15 16 1 1 12 18 1 7 1 1 12 11 1 1 10 1 12 10 10 1 12 10 10 10 1 100 1 8 10 1 12 10 1 1 7 1 12 10 1 1 12 10 1 1 12 10 1 12 10 10 1 12 10 1 1 1 1 10 1 1 1 1 7 12 10 10 1 12 10 1 12 10 12 10 12 9 1 1 12 10 1 100 1 12 10 1 100 1 1 12 10 1 12 11 1 100 10 12 9 1 7 1 1 12 10 1 8 1 8 8 1 1 1 1 1 1 1 1 1 12 10 1 1 7 12 11 1 8 1 12 10 1 100 10 1 1 12 11 1 1 12 9 1 1 12 10 1 1 12 10 1 1 12 10 1 8 1 100 1 1 12 10 1 100 1 1 12 10 1 12 10 1 100 1 16 1 12 10 15 1 12 18 10 1 1 12 10 1 1 12 10 1 12 10 1 8 1 8 1 1 1 1 1 1 1 1 1 8 1 1 8 10 1 1 12 10 1 1 12 10 1 12 10 1 1 7 1 12 10 12 9 1 12 10 12 9 1 12 10 12 9 12 10 1 12 10 1 12 10 1 12 9 1 7 1 12 9 10 1 1 12 9 1 1 1 1 1 1 12 9 100 1 12 9 1 1 1 1 1 1 12 10 10 1 12 10 1 10 1 12 9 1 12 10 10 1 12 10 1 12 10 12 10 1 1 12 10 10 1 1 12 10 10 1 1 12 10 1 12 10 1 1 1 1 12 10 5 0 10 1 12 10 1 1 12 10 1 1 12 10 1 12 10 1 1 12 10 1 1 1 1 1 1 1 8 10 1 8 1 8 12 10 1 8 1 8 1 1 1 10 1 12 10 1 1 12 10 1 7 12 10 1 12 10 1 100 1 12 10 1 100 1 1 12 10 12 10 1 1 100 1 12 10 16 1 12 10 15 1 1 12 18 1 7 1 1 12 10 1 7 1 12 10 15 18 1 8 1 1 12 10 1 1 12 11 12 10 1 1 12 11 1 100 1 100 1 12 10 1 12 10 1 12 11 1 1 1 1 1 1 1 1 1 1 12 10 11 10 1 1 1 1 12 10 1 1 1 1 7 12 10 1 7 1 1 12 10 1 100 1 12 10 1 1 1 1 7 1 1 12 10 1 100 10 1 1 100 1 12 11 1 12 11 1 12 10 1 7 1 12 10 1 100 10 1 1 1 1 1 12 10 1 12 10 10 1 100 10 1 1 1 1 12 9 1 1 7 12 10 1 12 10 1 1 1 12 10 1 1 12 10 12 11 11 1 1 12 10 11 1 12 10 11 1 1 12 10 12 10 1 12 10 1 1 1 1 1 12 10 1 1 12 10 1 1 12 10 1 12 10 1 12 10 1 1 1 1 1 12 10 10 1 1 1 12 10 1 1 1 1 12 10 12 9 1 12 10 1 1 7 1 1 12 10 1 12 10 1 7 1 100 10 1 1 1 1 12 10 1 10 10 1 100 12 11 1 12 10 1 1 1 1 1 1 1 1 12 10 1 1 1 1 1 1 1 12 9 1 1 12 10 10 15 1 16 1 12 18 1 1 12 11 1 8 1 7 1 12 10 1 8 1 7 1 1 12 10 1 7 10 12 10 15 12 18 12 10 15 18 1 1 1 1 1 1 1 1 1 1 1 1
staticfield groovy/lang/MetaClassImpl EMPTY_ARGUMENTS [Ljava/lang/Object; 0 [Ljava/lang/Object;
staticfield groovy/lang/MetaClassImpl METHOD_MISSING_ARGS [Ljava/lang/Class; 2 [Ljava/lang/Class;
staticfield groovy/lang/MetaClassImpl GETTER_MISSING_ARGS [Ljava/lang/Class; 1 [Ljava/lang/Class;
staticfield groovy/lang/MetaClassImpl SETTER_MISSING_ARGS [Ljava/lang/Class; 2 [Ljava/lang/Class;
staticfield groovy/lang/MetaClassImpl AMBIGUOUS_LISTENER_METHOD Lgroovy/lang/MetaMethod; groovy/lang/MetaClassImpl$DummyMetaMethod
staticfield groovy/lang/MetaClassImpl CACHED_CLASS_NAME_COMPARATOR Ljava/util/Comparator; java/util/Comparator$$Lambda$62+0x000000010016c240
staticfield groovy/lang/MetaClassImpl INTERFACE_METHODS_OF_SUPER Z 0
staticfield groovy/lang/MetaClassImpl PERMISSIVE_PROPERTY_ACCESS Z 0
staticfield groovy/lang/MetaClassImpl VM_PLUGIN Lorg/codehaus/groovy/vmplugin/VMPlugin; org/codehaus/groovy/vmplugin/v9/Java9
staticfield groovy/lang/MetaClassImpl PROP_NAMES Ljava/util/concurrent/ConcurrentMap; java/util/concurrent/ConcurrentHashMap
staticfield groovy/lang/MetaClassImpl NAME_INDEX_COPIER Lorg/codehaus/groovy/util/SingleKeyHashMap$Copier; groovy/lang/MetaClassImpl$$Lambda$63+0x0000000100129820
staticfield groovy/lang/MetaClassImpl METHOD_INDEX_COPIER Lorg/codehaus/groovy/util/SingleKeyHashMap$Copier; groovy/lang/MetaClassImpl$$Lambda$64+0x0000000100129a38
instanceKlass groovy/lang/MetaClassImpl$1MOPIter
instanceKlass groovy/lang/MetaClassImpl$1
ciInstanceKlass groovy/lang/MetaClassImpl$MethodIndexAction 1 1 109 1 7 1 7 1 1 7 1 1 100 1 100 1 1 7 1 7 1 7 1 7 1 1 7 1 100 1 1 1 1 12 9 1 12 10 1 1 1 1 1 12 9 1 1 12 9 1 1 12 10 1 100 1 1 12 10 1 7 1 1 12 10 1 12 10 1 1 12 9 1 1 12 10 1 12 9 1 1 12 9 1 1 1 1 1 1 1 1 1 1 1 1 1 1 1 12 10 1 1 1 1 1 1 1 1 1 1 1
ciInstanceKlass org/codehaus/groovy/runtime/metaclass/MetaMethodIndex$Entry 1 1 65 1 100 1 7 1 1 100 1 1 100 1 1 1 1 1 1 1 1 1 1 1 1 1 1 1 1 1 1 1 1 12 10 1 1 1 1 100 10 1 8 1 1 12 10 12 9 1 8 12 9 1 100 1 12 10 1 8 12 10 1 1 1 1 1
ciInstanceKlass groovy/lang/MetaClassImpl$1MOPIter 1 1 184 1 7 1 7 1 1 7 1 1 12 1 1 1 100 1 7 1 100 1 1 7 1 100 1 1 1 1 1 1 1 1 1 1 12 9 12 9 1 12 10 1 1 1 1 1 12 9 1 1 12 9 1 7 1 1 12 10 1 7 1 7 1 1 12 10 1 7 1 1 12 10 1 1 12 10 1 1 12 9 1 7 1 1 12 10 1 1 12 10 1 12 9 1 1 12 10 1 7 1 1 12 10 1 7 1 100 1 7 12 10 1 1 12 10 1 12 10 1 12 10 1 100 1 1 1 1 1 1 1 1 1 1 1 1 1 1 1 1 1 1 12 10 1 12 10 1 1 12 10 1 12 10 1 8 1 8 1 1 1 12 10 1 1 12 10 1 100 1 1 12 10 1 1 1 1 1 1 1 1 1 1 1 1
ciInstanceKlass org/codehaus/groovy/reflection/CachedClass$CachedMethodComparatorWithString 1 1 46 1 7 1 7 1 100 1 1 100 1 1 1 1 1 12 10 1 1 1 1 1 7 1 1 12 10 1 7 1 1 12 10 1 1 1 1 10 12 9 1 1 1 1 1 1
staticfield org/codehaus/groovy/reflection/CachedClass$CachedMethodComparatorWithString INSTANCE Ljava/util/Comparator; org/codehaus/groovy/reflection/CachedClass$CachedMethodComparatorWithString
ciInstanceKlass java/lang/CharacterData00 1 1 250 9 7 12 1 1 1 9 12 1 1 9 12 1 9 12 1 10 12 1 1 10 12 1 10 12 1 1 3 3 3 3 3 3 3 3 3 3 3 3 3 3 3 3 3 3 3 3 3 3 3 3 3 3 3 3 3 3 3 3 3 3 3 3 3 3 3 3 3 3 3 3 3 3 3 3 3 3 3 3 3 3 3 3 3 3 3 3 3 3 3 3 3 3 3 3 3 3 3 3 3 3 3 3 3 3 3 3 3 3 3 3 3 3 3 3 3 3 3 3 3 3 3 3 3 3 3 10 12 1 100 1 3 3 3 3 10 12 1 9 12 1 1 10 7 12 1 1 1 10 7 12 1 1 1 9 12 1 1 10 9 12 1 1 8 1 10 7 12 1 1 1 8 1 8 1 7 1 7 3 3 3 3 3 3 3 3 3 3 3 3 8 1 100 1 10 1 1 1 1 1 1 1 1 1 1 1 1 1 1 1 1 1 1 1 1 1 1 1 1 1 1 1 1 1 1 1 1 1 1 1 1 1 1 1 1 1 1 1 1 1 1 1 1 1 1 1 1 1 1
staticfield java/lang/CharacterData00 instance Ljava/lang/CharacterData00; java/lang/CharacterData00
staticfield java/lang/CharacterData00 charMap [[[C 103 [[[C
staticfield java/lang/CharacterData00 X [C 2048
staticfield java/lang/CharacterData00 Y [C 5856
staticfield java/lang/CharacterData00 A [I 972
staticfield java/lang/CharacterData00 B [C 972
staticfield java/lang/CharacterData00 $assertionsDisabled Z 1
ciMethod java/lang/Object <init> ()V 1024 0 1165541 0 128
ciMethod java/lang/String length ()I 608 0 1705425 0 96
ciMethod java/lang/String charAt (I)C 610 0 1890277 0 160
ciMethod java/lang/String equals (Ljava/lang/Object;)Z 558 0 12062 0 -1
ciMethod java/lang/String compareTo (Ljava/lang/String;)I 536 0 10920 0 512
ciMethod java/lang/String indexOf (I)I 512 0 323099 0 416
ciMethod java/lang/String indexOf (II)I 516 0 136804 0 480
ciMethod java/lang/String substring (I)Ljava/lang/String; 0 0 8237 0 1248
ciMethod java/lang/String substring (II)Ljava/lang/String; 276 0 16056 0 1344
ciMethod java/lang/String getBytes ([BIIBI)V 770 0 6803 0 352
ciMethod java/lang/String <init> ([BB)V 514 0 137734 0 256
ciMethod java/lang/String coder ()B 744 0 1932809 0 64
ciMethod java/lang/String isLatin1 ()Z 470 0 2306260 0 96
ciMethod java/lang/String checkIndex (II)V 4250 0 18072 0 128
ciMethod java/lang/String checkBoundsBeginEnd (III)V 514 0 20420 0 160
ciMethod java/lang/Class getSuperclass ()Ljava/lang/Class; 256 0 128 0 -1
ciMethod java/lang/System arraycopy (Ljava/lang/Object;ILjava/lang/Object;II)V 256 0 128 0 -1
ciMethod java/lang/reflect/Method getName ()Ljava/lang/String; 266 0 133 0 0
ciMethod java/lang/reflect/Method getModifiers ()I 320 0 160 0 0
ciMethod java/lang/AbstractStringBuilder <init> (I)V 282 0 11244 0 544
ciMethod java/lang/AbstractStringBuilder ensureCapacityInternal (I)V 514 0 8367 0 1152
ciMethod java/lang/AbstractStringBuilder newCapacity (I)I 260 0 446 0 0
ciMethod java/lang/AbstractStringBuilder inflate ()V 0 0 1 0 -1
ciMethod java/lang/AbstractStringBuilder append (Ljava/lang/String;)Ljava/lang/AbstractStringBuilder; 514 0 8811 0 1728
ciMethod java/lang/AbstractStringBuilder appendNull ()Ljava/lang/AbstractStringBuilder; 0 0 1 0 -1
ciMethod java/lang/AbstractStringBuilder append (I)Ljava/lang/AbstractStringBuilder; 4 0 7276 0 2208
ciMethod java/lang/AbstractStringBuilder getCoder ()B 770 0 10126 0 0
ciMethod java/lang/AbstractStringBuilder isLatin1 ()Z 290 0 301728 0 0
ciMethod java/lang/AbstractStringBuilder putStringAt (ILjava/lang/String;II)V 518 0 8730 0 448
ciMethod java/lang/AbstractStringBuilder putStringAt (ILjava/lang/String;)V 514 0 8730 0 416
ciMethod java/lang/StringBuilder <init> ()V 282 0 86708 0 384
ciMethod java/lang/StringBuilder append (Ljava/lang/String;)Ljava/lang/StringBuilder; 514 0 310239 0 1696
ciMethod java/lang/StringBuilder append (I)Ljava/lang/StringBuilder; 4 0 15579 0 0
ciMethod java/lang/StringBuilder toString ()Ljava/lang/String; 282 0 122959 0 1152
ciMethod java/lang/Character digit (CI)I 524 0 31619 0 288
ciMethod java/lang/Character digit (II)I 524 0 31619 0 288
ciMethod java/lang/Integer getChars (II[B)I 520 0 7399 0 0
ciMethod java/lang/Integer stringSize (I)I 514 74 7398 0 0
ciMethod java/lang/Integer parseInt (Ljava/lang/String;I)I 440 454 7125 18 0
ciMethod java/lang/Integer parseInt (Ljava/lang/String;)I 436 0 3423 24 0
ciMethod java/util/Comparator compare (Ljava/lang/Object;Ljava/lang/Object;)I 0 0 1 0 -1
ciMethod java/lang/StringLatin1 charAt ([BI)C 610 0 1837676 0 128
ciMethod java/lang/StringLatin1 canEncode (I)Z 518 0 473570 0 96
ciMethod java/lang/StringLatin1 compareTo ([B[B)I 536 0 10920 0 -1
ciMethod java/lang/StringLatin1 compareToUTF16 ([B[B)I 0 0 1 0 -1
ciMethod java/lang/StringLatin1 indexOf ([BII)I 518 0 5524 0 448
ciMethod java/lang/StringLatin1 indexOfChar ([BIII)I 210 8484 866 0 -1
ciMethod java/lang/StringLatin1 newString ([BII)Ljava/lang/String; 558 0 17754 0 1184
ciMethod java/lang/StringLatin1 inflate ([BI[BII)V 0 0 212 0 -1
ciMethod java/lang/Math max (II)I 1024 0 111020 0 -1
ciMethod java/lang/Math min (II)I 512 0 103620 0 -1
ciMethod java/util/Arrays binarySearch0 ([Ljava/lang/Object;IILjava/lang/Object;)I 0 0 477 0 -1
ciMethod java/util/Arrays binarySearch ([Ljava/lang/Object;Ljava/lang/Object;Ljava/util/Comparator;)I 816 0 6752 0 0
ciMethod java/util/Arrays binarySearch0 ([Ljava/lang/Object;IILjava/lang/Object;Ljava/util/Comparator;)I 850 0 6752 0 0
ciMethod java/util/Arrays copyOf ([BI)[B 264 0 7303 0 768
ciMethod java/util/Arrays copyOfRange ([BII)[B 770 0 6643 0 800
ciMethod java/lang/CharacterData digit (II)I 0 0 1 0 -1
ciMethod java/lang/CharacterData of (I)Ljava/lang/CharacterData; 516 0 15033 0 128
ciMethod java/lang/CharacterDataLatin1 digit (II)I 826 0 22855 0 192
ciMethodData java/lang/Object <init> ()V 2 1165545 orig 80 1 0 0 0 0 0 0 0 0 0 0 0 0 0 0 0 0 0 0 0 0 0 0 0 0 0 0 0 0 0 0 0 0 0 0 0 0 0 0 0 0 0 0 0 0 0 0 0 0 0 0 0 0 0 0 0 0 0 0 0 0 0 0 0 0 0 0 0 0 0 0 0 0 0 0 0 0 0 0 0 data 4 0x0 0x9 0x1 0x0 oops 0 methods 0
ciMethod java/lang/reflect/Modifier isPrivate (I)Z 530 0 18221 0 0
ciMethod jdk/internal/util/ArraysSupport newLength (III)I 768 0 2755 0 0
ciMethod jdk/internal/util/ArraysSupport hugeLength (II)I 0 0 1 0 -1
ciMethodData java/lang/String isLatin1 ()Z 2 2306260 orig 80 1 0 0 0 1 0 0 0 0 0 0 0 234 1 0 0 0 0 0 0 0 0 0 0 0 0 0 0 0 0 0 0 0 0 0 0 0 0 0 3 0 0 0 0 0 0 0 0 0 0 0 0 0 0 0 0 0 0 0 0 0 0 0 0 0 0 0 0 0 0 0 0 0 0 0 0 0 0 0 0 data 18 0x30007 0x0 0x58 0x232fe9 0x80000006000a0007 0x1ad 0x38 0x232e3f 0xe0003 0x232e3f 0x18 0x0 0x0 0x0 0x0 0x9 0x1 0x0 oops 0 methods 0
ciMethodData java/lang/String equals (Ljava/lang/Object;)Z 2 12062 orig 80 1 0 0 0 0 0 0 0 0 0 0 0 234 1 0 0 0 0 0 0 4 0 0 0 0 0 0 0 0 0 0 0 0 0 0 0 0 0 0 0 0 0 0 0 0 0 0 0 0 0 0 0 0 0 0 0 0 0 0 0 0 0 0 0 0 0 0 0 0 0 0 0 0 0 0 0 0 0 0 0 data 49 0x20007 0x299a 0x20 0x46d 0x8000000400080104 0xfffffffffffffffa 0x0 0x1ea650decf0 0x2995 0x1ea650e25c0 0x1 0xb0007 0x9 0xe0 0x2995 0xf0004 0x0 0x0 0x1ea650decf0 0x2995 0x0 0x0 0x160007 0x0 0x40 0x2995 0x210007 0x0 0x68 0x2995 0x2c0002 0x2995 0x2f0007 0x285a 0x38 0x13b 0x330003 0x13b 0x18 0x0 0x0 0x0 0x0 0x0 0x0 0x9 0x2 0x0 0x0 oops 3 7 java/lang/String 9 java/lang/Boolean 18 java/lang/String methods 0
ciMethodData java/lang/String coder ()B 2 1932809 orig 80 0 0 0 0 0 0 0 0 0 0 0 0 234 1 0 0 0 0 0 0 0 0 0 0 0 0 0 0 0 0 0 0 0 0 0 0 0 0 0 0 0 0 0 0 0 0 0 0 0 0 0 0 0 0 0 0 0 0 0 0 0 0 0 0 0 0 0 0 0 0 0 0 0 0 0 0 0 0 0 0 data 14 0x30007 0x0 0x38 0x1d7c95 0xa0003 0x1d7c95 0x18 0x0 0x0 0x0 0x0 0x9 0x1 0x0 oops 0 methods 0
ciMethodData java/lang/String length ()I 2 1705425 orig 80 0 0 0 0 0 0 0 0 0 0 0 0 234 1 0 0 0 0 0 0 0 0 0 0 0 0 0 0 0 0 0 0 0 0 0 0 0 0 0 0 0 0 0 0 0 0 0 0 0 0 0 0 0 0 0 0 0 0 0 0 0 0 0 0 0 0 0 0 0 0 0 0 0 0 0 0 0 0 0 0 data 16 0x60005 0x1a04a1 0x0 0x0 0x0 0x0 0x0 0x0 0x0 0x0 0x0 0x0 0x0 0x9 0x1 0x0 oops 0 methods 0
ciMethodData java/lang/String charAt (I)C 2 1890277 orig 80 1 0 0 0 0 0 0 0 0 0 0 0 234 1 0 0 0 0 0 0 0 0 0 0 0 0 0 0 0 0 0 0 0 0 0 0 0 0 0 0 0 0 0 0 0 0 0 0 0 0 0 0 0 0 0 0 0 0 0 0 0 0 0 0 0 0 0 0 0 0 0 0 0 0 0 0 0 0 0 0 data 25 0x10005 0x1cd6b4 0x0 0x0 0x0 0x0 0x0 0x40007 0xdc 0x30 0x1cd5d9 0xc0002 0x1cd5d9 0x150002 0xdc 0x0 0x0 0x0 0x0 0x0 0x0 0x9 0x2 0x0 0x0 oops 0 methods 0
ciMethodData java/lang/StringLatin1 charAt ([BI)C 2 1837676 orig 80 0 0 0 0 0 0 0 0 0 0 0 0 234 1 0 0 0 0 0 0 0 0 0 0 0 0 0 0 0 0 0 0 0 0 0 0 0 0 0 0 0 0 0 0 0 0 0 0 0 0 0 0 0 0 0 0 0 0 0 0 0 0 0 0 0 0 0 0 0 0 0 0 0 0 0 0 0 0 0 0 data 18 0x10007 0x0 0x40 0x1c093b 0x70007 0x1c093b 0x30 0x0 0xf0002 0x0 0x0 0x0 0x0 0x0 0x9 0x2 0x0 0x0 oops 0 methods 0
ciMethod java/lang/StringUTF16 newBytesFor (I)[B 0 0 220 0 -1
ciMethod java/lang/StringUTF16 getChar ([BI)C 31222 0 21830 0 -1
ciMethod java/lang/StringUTF16 length ([B)I 22 0 612 0 0
ciMethod java/lang/StringUTF16 compareTo ([B[B)I 0 0 1 0 -1
ciMethod java/lang/StringUTF16 compareToLatin1 ([B[B)I 0 0 1 0 -1
ciMethod java/lang/StringUTF16 indexOf ([BII)I 0 0 1 0 -1
ciMethod java/lang/StringUTF16 newString ([BII)Ljava/lang/String; 0 0 1 0 -1
ciMethod java/lang/StringUTF16 getChars (III[B)I 0 0 1 0 -1
ciMethod java/lang/StringUTF16 charAt ([BI)C 0 0 384 0 0
ciMethod java/lang/StringUTF16 checkIndex (I[B)V 14 0 400 0 0
ciMethodData java/lang/StringLatin1 canEncode (I)Z 2 473570 orig 80 0 0 0 0 0 0 0 0 0 0 0 0 234 1 0 0 0 0 0 0 0 0 0 0 0 0 0 0 0 0 0 0 0 0 0 0 0 0 0 1 0 0 0 0 0 0 0 0 0 0 0 0 0 0 0 0 0 0 0 0 0 0 0 0 0 0 0 0 0 0 0 0 0 0 0 0 0 0 0 0 data 11 0x8000000600040007 0x1 0x38 0x738df 0x80003 0x738df 0x18 0x0 0x9 0x1 0x0 oops 0 methods 0
ciMethodData java/lang/String indexOf (I)I 2 323099 orig 80 0 0 0 0 0 0 0 0 0 0 0 0 234 1 0 0 0 0 0 0 0 0 0 0 0 0 0 0 0 0 0 0 0 0 0 0 0 0 0 0 0 0 0 0 0 0 0 0 0 0 0 0 0 0 0 0 0 0 0 0 0 0 0 0 0 0 0 0 0 0 0 0 0 0 0 0 0 0 0 0 data 17 0x30005 0x4ed1b 0x0 0x0 0x0 0x0 0x0 0x0 0x0 0x0 0x0 0x0 0x0 0x9 0x2 0x0 0x0 oops 0 methods 0
ciMethodData java/lang/String indexOf (II)I 2 136804 orig 80 0 0 0 0 0 0 0 0 0 0 0 0 234 1 0 0 0 0 0 0 0 0 0 0 0 0 0 0 0 0 0 0 0 0 0 0 0 0 0 0 0 0 0 0 0 0 0 0 0 0 0 0 0 0 0 0 0 0 0 0 0 0 0 0 0 0 0 0 0 0 0 0 0 0 0 0 0 0 0 0 data 29 0x10005 0x21562 0x0 0x0 0x0 0x0 0x0 0x40007 0x0 0x48 0x21562 0xd0002 0x21562 0x100003 0x21562 0x28 0x190002 0x0 0x0 0x0 0x0 0x0 0x0 0x0 0x9 0x3 0x0 0x0 0x0 oops 0 methods 0
ciMethodData java/lang/StringLatin1 indexOf ([BII)I 2 5524 orig 80 0 0 0 0 0 0 0 0 0 0 0 0 234 1 0 0 0 0 0 0 0 0 0 0 0 0 0 0 0 0 0 0 0 0 0 0 0 0 0 0 0 0 0 0 0 0 0 0 0 0 0 0 0 0 0 0 0 0 0 0 0 0 0 0 0 0 0 0 0 0 0 0 0 0 0 0 0 0 0 0 data 30 0x10002 0x1491 0x40007 0x1491 0x20 0x0 0xd0007 0x1491 0x38 0x0 0x120003 0x0 0x38 0x170007 0x13b9 0x20 0xd8 0x200002 0x13b9 0x0 0x0 0x0 0x0 0x0 0x0 0x9 0x3 0x0 0x0 0x0 oops 0 methods 0
ciMethodData java/lang/String <init> ([BB)V 2 137734 orig 80 0 0 0 0 0 0 0 0 0 0 0 0 234 1 0 0 0 0 0 0 0 0 0 0 0 0 0 0 0 0 0 0 0 0 0 0 0 0 0 0 0 0 0 0 0 0 0 0 0 0 0 0 0 0 0 0 0 0 0 0 0 0 0 0 0 0 0 0 0 0 0 0 0 0 0 0 0 0 0 0 data 11 0x10002 0x21905 0x0 0x0 0x0 0x0 0x9 0x3 0xc 0x0 0x0 oops 0 methods 0
ciMethodData java/lang/StringUTF16 charAt ([BI)C 1 384 orig 80 0 0 0 0 0 0 0 0 0 0 0 0 234 1 0 0 0 0 0 0 0 0 0 0 0 0 0 0 0 0 0 0 0 0 0 0 0 0 0 0 0 0 0 0 0 0 0 0 0 0 0 0 0 0 0 0 0 0 0 0 0 0 0 0 0 0 0 0 0 0 0 0 0 0 0 0 0 0 0 0 data 14 0x20002 0x180 0x70002 0xad 0x0 0x0 0x0 0x0 0x0 0x0 0x9 0x2 0x0 0x0 oops 0 methods 0
ciMethodData java/lang/StringUTF16 checkIndex (I[B)V 1 400 orig 80 0 0 0 0 0 0 0 0 0 0 0 0 234 1 0 0 0 0 0 0 0 0 0 0 0 0 0 0 0 0 0 0 0 0 0 0 0 0 0 0 0 0 0 0 0 0 0 0 0 0 0 0 0 0 0 0 0 0 0 0 0 0 0 0 0 0 0 0 0 0 0 0 0 0 0 0 0 0 0 0 data 14 0x20002 0x189 0x50002 0x189 0x0 0x0 0x0 0x0 0x0 0x0 0x9 0x2 0x0 0x0 oops 0 methods 0
ciMethodData java/lang/StringUTF16 length ([B)I 1 612 orig 80 0 0 0 0 0 0 0 0 0 0 0 0 234 1 0 0 0 0 0 0 0 0 0 0 0 0 0 0 0 0 0 0 0 0 0 0 0 0 0 0 0 0 0 0 0 0 0 0 0 0 0 0 0 0 0 0 0 0 0 0 0 0 0 0 0 0 0 0 0 0 0 0 0 0 0 0 0 0 0 0 data 6 0x0 0x0 0x0 0x9 0x1 0x0 oops 0 methods 0
ciMethodData java/lang/String checkIndex (II)V 2 18072 orig 80 0 0 0 0 0 0 0 0 0 0 0 0 234 1 0 0 0 0 0 0 0 0 0 0 0 0 0 0 0 0 0 0 0 0 0 0 0 0 0 0 0 0 0 0 0 0 0 0 0 0 0 0 0 0 0 0 0 0 0 0 0 0 0 0 0 0 0 0 0 0 0 0 0 0 0 0 0 0 0 0 data 57 0x10007 0x0 0x40 0x3e4b 0x60007 0x3e4b 0x158 0x0 0x110002 0x0 0x170005 0x0 0x0 0x0 0x0 0x0 0x0 0x1b0005 0x0 0x0 0x0 0x0 0x0 0x0 0x210005 0x0 0x0 0x0 0x0 0x0 0x0 0x250005 0x0 0x0 0x0 0x0 0x0 0x0 0x280005 0x0 0x0 0x0 0x0 0x0 0x0 0x2b0002 0x0 0x0 0x0 0x0 0x0 0x0 0x0 0x9 0x2 0x0 0x0 oops 0 methods 0
ciMethodData java/lang/AbstractStringBuilder ensureCapacityInternal (I)V 2 8367 orig 80 0 0 0 0 0 0 0 0 0 0 0 0 234 1 0 0 0 0 0 0 0 0 0 0 0 0 0 0 0 0 0 0 0 0 0 0 0 0 0 0 0 0 0 0 0 0 0 0 0 0 0 0 0 0 0 0 0 0 0 0 0 0 0 0 0 0 0 0 0 0 0 0 0 0 0 0 0 0 0 0 data 23 0xe0007 0x1e72 0x68 0x13c 0x180005 0x13c 0x0 0x0 0x0 0x0 0x0 0x200002 0x13c 0x0 0x0 0x0 0x0 0x0 0x0 0x9 0x2 0xc 0x0 oops 0 methods 0
ciMethodData java/lang/AbstractStringBuilder newCapacity (I)I 1 446 orig 80 0 0 0 0 0 0 0 0 0 0 0 0 234 1 0 0 0 0 0 0 0 0 0 0 0 0 0 0 0 0 0 0 0 0 0 0 0 0 0 0 0 0 0 0 0 0 0 0 0 0 0 0 0 0 0 0 0 0 0 0 0 0 0 0 0 0 0 0 0 0 0 0 0 0 0 0 0 0 0 0 data 18 0x1d0002 0x13c 0x260007 0x13c 0x30 0x0 0x2f0002 0x0 0x0 0x0 0x0 0x0 0x0 0x0 0x9 0x2 0x0 0x0 oops 0 methods 0
ciMethodData java/util/Arrays copyOf ([BI)[B 2 7303 orig 80 0 0 0 0 0 0 0 0 0 0 0 0 234 1 0 0 0 0 0 0 0 0 0 0 0 0 0 0 0 0 0 0 0 0 0 0 0 0 0 0 0 0 0 0 0 0 0 0 0 0 0 0 0 0 0 0 0 0 0 0 0 0 0 0 0 0 0 0 0 0 0 0 0 0 0 0 0 0 0 0 data 14 0xb0002 0x1c03 0xe0002 0x1c03 0x0 0x0 0x0 0x0 0x0 0x0 0x9 0x2 0xffffffffffffffff 0x0 oops 0 methods 0
ciMethodData java/lang/StringBuilder append (Ljava/lang/String;)Ljava/lang/StringBuilder; 2 310346 orig 80 0 0 0 0 0 0 0 0 0 0 0 0 234 1 0 0 0 0 0 0 0 0 0 0 0 0 0 0 0 0 0 0 0 0 0 0 0 0 0 0 0 0 0 0 0 0 0 0 0 0 0 0 0 0 0 0 0 0 0 0 0 0 0 0 0 0 0 0 0 0 0 0 0 0 0 0 0 0 0 0 data 9 0x20002 0x4bb49 0x0 0x0 0x0 0x9 0x2 0xe 0x0 oops 0 methods 0
ciMethodData java/lang/AbstractStringBuilder append (Ljava/lang/String;)Ljava/lang/AbstractStringBuilder; 2 8811 orig 80 0 0 0 0 0 0 0 0 0 0 0 0 234 1 0 0 0 0 0 0 0 0 0 0 0 0 0 0 0 0 0 0 0 0 0 0 0 0 0 0 0 0 0 0 0 0 0 0 0 0 0 0 0 0 0 0 0 0 0 0 0 0 0 0 0 0 0 0 0 0 0 0 0 0 0 0 0 0 0 0 data 42 0x10007 0x216a 0x58 0x0 0x50005 0x0 0x0 0x0 0x0 0x0 0x0 0xa0005 0x216a 0x0 0x0 0x0 0x0 0x0 0x150005 0x216a 0x0 0x0 0x0 0x0 0x0 0x1e0005 0x216a 0x0 0x0 0x0 0x0 0x0 0x0 0x0 0x0 0x0 0x0 0x0 0x9 0x2 0xe 0x0 oops 0 methods 0
ciMethodData java/lang/AbstractStringBuilder putStringAt (ILjava/lang/String;)V 2 8730 orig 80 0 0 0 0 0 0 0 0 0 0 0 0 234 1 0 0 0 0 0 0 0 0 0 0 0 0 0 0 0 0 0 0 0 0 0 0 0 0 0 0 0 0 0 0 0 0 0 0 0 0 0 0 0 0 0 0 0 0 0 0 0 0 0 0 0 0 0 0 0 0 0 0 0 0 0 0 0 0 0 0 data 25 0x50005 0x2119 0x0 0x0 0x0 0x0 0x0 0x80005 0x2119 0x0 0x0 0x0 0x0 0x0 0x0 0x0 0x0 0x0 0x0 0x0 0x9 0x3 0xc 0x0 0x0 oops 0 methods 0
ciMethodData java/lang/AbstractStringBuilder putStringAt (ILjava/lang/String;II)V 2 8730 orig 80 0 0 0 0 0 0 0 0 0 0 0 0 234 1 0 0 0 0 0 0 0 0 0 0 0 0 0 0 0 0 0 0 0 0 0 0 0 0 0 0 0 0 0 0 0 0 0 0 0 0 0 0 0 0 0 0 0 0 0 0 0 0 0 0 0 0 0 0 0 0 0 0 0 0 0 0 0 0 0 0 data 45 0x10005 0x2117 0x0 0x0 0x0 0x0 0x0 0x50005 0x2117 0x0 0x0 0x0 0x0 0x0 0x80007 0x2117 0x58 0x0 0xc0005 0x0 0x0 0x0 0x0 0x0 0x0 0x1e0005 0x2117 0x0 0x0 0x0 0x0 0x0 0x0 0x0 0x0 0x0 0x0 0x0 0x9 0x5 0xc 0x0 0x0 0x0 0x0 oops 0 methods 0
ciMethodData java/lang/StringBuilder <init> ()V 2 86737 orig 80 0 0 0 0 0 0 0 0 0 0 0 0 234 1 0 0 0 0 0 0 0 0 0 0 0 0 0 0 0 0 0 0 0 0 0 0 0 0 0 0 0 0 0 0 0 0 0 0 0 0 0 0 0 0 0 0 0 0 0 0 0 0 0 0 0 0 0 0 0 0 0 0 0 0 0 0 0 0 0 0 data 7 0x30002 0x15244 0x0 0x0 0x9 0x1 0x0 oops 0 methods 0
ciMethodData java/lang/AbstractStringBuilder <init> (I)V 2 11244 orig 80 0 0 0 0 0 0 0 0 0 0 0 0 234 1 0 0 0 0 0 0 0 0 0 0 0 0 0 0 0 0 0 0 0 0 0 0 0 0 0 0 0 0 0 0 0 0 0 0 0 0 0 0 0 0 0 0 0 0 0 0 0 0 0 0 0 0 0 0 0 0 0 0 0 0 0 0 0 0 0 0 data 21 0x10002 0x2b5f 0x70007 0x0 0x38 0x2b5f 0x160003 0x2b5f 0x28 0x1b0002 0x0 0x0 0x0 0x0 0x0 0x0 0x0 0x9 0x2 0xc 0x0 oops 0 methods 0
ciMethodData java/lang/StringBuilder toString ()Ljava/lang/String; 2 122996 orig 80 0 0 0 0 0 0 0 0 0 0 0 0 234 1 0 0 0 0 0 0 0 0 0 0 0 0 0 0 0 0 0 0 0 0 0 0 0 0 0 0 0 0 0 0 0 0 0 0 0 0 0 0 0 0 0 0 0 0 0 0 0 0 0 0 0 0 0 0 0 0 0 0 0 0 0 0 0 0 0 0 data 27 0x10005 0x1dfe7 0x0 0x0 0x0 0x0 0x0 0x40007 0x0 0x48 0x1dfe7 0x100002 0x1dfe7 0x130003 0x1dfe7 0x28 0x1f0002 0x0 0x0 0x0 0x0 0x0 0x0 0x0 0x9 0x1 0x0 oops 0 methods 0
ciMethodData java/lang/AbstractStringBuilder isLatin1 ()Z 2 301766 orig 80 1 0 0 0 0 0 0 0 0 0 0 0 234 1 0 0 0 0 0 0 0 0 0 0 0 0 0 0 0 0 0 0 0 0 0 0 0 0 0 2 0 0 0 0 0 0 0 0 0 0 0 0 0 0 0 0 0 0 0 0 0 0 0 0 0 0 0 0 0 0 0 0 0 0 0 0 0 0 0 0 data 18 0x30007 0x0 0x58 0x49a35 0x80000006000a0007 0x1f 0x38 0x49a18 0xe0003 0x49a18 0x18 0x0 0x0 0x0 0x0 0x9 0x1 0x0 oops 0 methods 0
ciMethodData java/lang/StringLatin1 newString ([BII)Ljava/lang/String; 2 17754 orig 80 0 0 0 0 0 0 0 0 0 0 0 0 234 1 0 0 0 0 0 0 0 0 0 0 0 0 0 0 0 0 0 0 0 0 0 0 0 0 0 0 0 0 0 0 0 0 0 0 0 0 0 0 0 0 0 0 0 0 0 0 0 0 0 0 0 0 0 0 0 0 0 0 0 0 0 0 0 0 0 0 data 19 0x10007 0x4442 0x20 0x1 0x100002 0x4442 0x140002 0x4442 0x0 0x0 0x0 0x0 0x0 0x0 0x9 0x3 0xffffffffffffffff 0x0 0x0 oops 0 methods 0
ciMethodData java/lang/String substring (II)Ljava/lang/String; 2 16056 orig 80 0 0 0 0 0 0 0 0 0 0 0 0 234 1 0 0 0 0 0 0 0 0 0 0 0 0 0 0 0 0 0 0 0 0 0 0 0 0 0 0 0 0 0 0 0 0 0 0 0 0 0 0 0 0 0 0 0 0 0 0 0 0 0 0 0 0 0 0 0 0 0 0 0 0 0 0 0 0 0 0 data 46 0x10005 0x3e2e 0x0 0x0 0x0 0x0 0x0 0x80002 0x3e2e 0xc0007 0x3d8 0x40 0x3a56 0x110007 0x1592 0x20 0x24c4 0x1c0005 0x196a 0x0 0x0 0x0 0x0 0x0 0x1f0007 0x0 0x48 0x196a 0x290002 0x196a 0x2c0003 0x196a 0x28 0x360002 0x0 0x0 0x0 0x0 0x0 0x0 0x0 0x9 0x3 0x0 0x0 0x0 oops 0 methods 0
ciMethodData java/lang/String substring (I)Ljava/lang/String; 2 8237 orig 80 0 0 0 0 0 0 0 0 0 0 0 0 234 1 0 0 0 0 0 0 0 0 0 0 0 0 0 0 0 0 0 0 0 0 0 0 0 0 0 0 0 0 0 0 0 0 0 0 0 0 0 0 0 0 0 0 0 0 0 0 0 0 0 0 0 0 0 0 0 0 0 0 0 0 0 0 0 0 0 0 data 24 0x30005 0x202d 0x0 0x0 0x0 0x0 0x0 0x60005 0x202d 0x0 0x0 0x0 0x0 0x0 0x0 0x0 0x0 0x0 0x0 0x0 0x9 0x2 0x0 0x0 oops 0 methods 0
ciMethodData java/lang/AbstractStringBuilder getCoder ()B 2 10126 orig 80 0 0 0 0 0 0 0 0 0 0 0 0 234 1 0 0 0 0 0 0 0 0 0 0 0 0 0 0 0 0 0 0 0 0 0 0 0 0 0 0 0 0 0 0 0 0 0 0 0 0 0 0 0 0 0 0 0 0 0 0 0 0 0 0 0 0 0 0 0 0 0 0 0 0 0 0 0 0 0 0 data 14 0x30007 0x0 0x38 0x260d 0xa0003 0x260d 0x18 0x0 0x0 0x0 0x0 0x9 0x1 0x0 oops 0 methods 0
ciMethodData java/lang/String getBytes ([BIIBI)V 2 6803 orig 80 0 0 0 0 0 0 0 0 0 0 0 0 234 1 0 0 0 0 0 0 0 0 0 0 0 0 0 0 0 0 0 0 0 0 0 0 0 0 0 0 0 0 0 0 0 0 0 0 0 0 0 0 0 0 0 0 0 0 0 0 0 0 0 0 0 0 0 0 0 0 0 0 0 0 0 0 0 0 0 0 data 32 0x10005 0x1912 0x0 0x0 0x0 0x0 0x0 0x60007 0x0 0x48 0x1912 0x1b0002 0x1912 0x1e0003 0x1912 0x28 0x2a0002 0x0 0x0 0x0 0x0 0x0 0x0 0x0 0x9 0x6 0x0 0xffffffffffffffff 0x0 0x0 0x0 0x0 oops 0 methods 0
ciMethodData java/util/Arrays copyOfRange ([BII)[B 2 6643 orig 80 0 0 0 0 0 0 0 0 0 0 0 0 234 1 0 0 0 0 0 0 0 0 0 0 0 0 0 0 0 0 0 0 0 0 0 0 0 0 0 0 0 0 0 0 0 0 0 0 0 0 0 0 0 0 0 0 0 0 0 0 0 0 0 0 0 0 0 0 0 0 0 0 0 0 0 0 0 0 0 0 data 51 0x50007 0x1872 0x120 0x0 0x100002 0x0 0x140005 0x0 0x0 0x0 0x0 0x0 0x0 0x1a0005 0x0 0x0 0x0 0x0 0x0 0x0 0x1e0005 0x0 0x0 0x0 0x0 0x0 0x0 0x210005 0x0 0x0 0x0 0x0 0x0 0x0 0x240002 0x0 0x370002 0x1872 0x3a0002 0x1872 0x0 0x0 0x0 0x0 0x0 0x0 0x9 0x3 0xffffffffffffffff 0x0 0x0 oops 0 methods 0
ciMethodData java/lang/StringBuilder append (I)Ljava/lang/StringBuilder; 2 15585 orig 80 1 0 0 0 0 0 0 0 0 0 0 0 234 1 0 0 0 0 0 0 0 0 0 0 0 0 0 0 0 0 0 0 0 0 0 0 0 0 0 0 0 0 0 0 0 0 0 0 0 0 0 0 0 0 0 0 0 0 0 0 0 0 0 0 0 0 0 0 0 0 0 0 0 0 0 0 0 0 0 0 data 9 0x20002 0x3cdf 0x0 0x0 0x0 0x9 0x2 0xe 0x0 oops 0 methods 0
ciMethodData java/lang/AbstractStringBuilder append (I)Ljava/lang/AbstractStringBuilder; 2 7276 orig 80 0 0 0 0 0 0 0 0 0 0 0 0 234 1 0 0 0 0 0 0 0 0 0 0 0 0 0 0 0 0 0 0 0 0 0 0 0 0 0 0 0 0 0 0 0 0 0 0 0 0 0 0 0 0 0 0 0 0 0 0 0 0 0 0 0 0 0 0 0 0 0 0 0 0 0 0 0 0 0 0 data 37 0x70002 0x1c6a 0xe0005 0x1c6b 0x0 0x0 0x0 0x0 0x0 0x120005 0x1c6b 0x0 0x0 0x0 0x0 0x0 0x150007 0x0 0x48 0x1c6b 0x1e0002 0x1c6b 0x220003 0x1c6b 0x28 0x2c0002 0x0 0x0 0x0 0x0 0x0 0x0 0x0 0x9 0x2 0xe 0x0 oops 0 methods 0
ciMethodData java/lang/String checkBoundsBeginEnd (III)V 2 20420 orig 80 0 0 0 0 0 0 0 0 0 0 0 0 234 1 0 0 0 0 0 0 0 0 0 0 0 0 0 0 0 0 0 0 0 0 0 0 0 0 0 0 0 0 0 0 0 0 0 0 0 0 0 0 0 0 0 0 0 0 0 0 0 0 0 0 0 0 0 0 0 0 0 0 0 0 0 0 0 0 0 0 data 76 0x10007 0x0 0x60 0x4ec3 0x60007 0x0 0x40 0x4ec3 0xb0007 0x4ec3 0x1c8 0x0 0x160002 0x0 0x1c0005 0x0 0x0 0x0 0x0 0x0 0x0 0x200005 0x0 0x0 0x0 0x0 0x0 0x0 0x260005 0x0 0x0 0x0 0x0 0x0 0x0 0x2a0005 0x0 0x0 0x0 0x0 0x0 0x0 0x300005 0x0 0x0 0x0 0x0 0x0 0x0 0x340005 0x0 0x0 0x0 0x0 0x0 0x0 0x370005 0x0 0x0 0x0 0x0 0x0 0x0 0x3a0002 0x0 0x0 0x0 0x0 0x0 0x0 0x0 0x9 0x3 0x0 0x0 0x0 oops 0 methods 0
ciMethodData jdk/internal/util/ArraysSupport newLength (III)I 2 2755 orig 80 0 0 0 0 0 0 0 0 0 0 0 0 234 1 0 0 0 0 0 0 0 0 0 0 0 0 0 0 0 0 0 0 0 0 0 0 0 0 0 0 0 0 0 0 0 0 0 0 0 0 0 0 0 0 0 0 0 0 0 0 0 0 0 0 0 0 0 0 0 0 0 0 0 0 0 0 0 0 0 0 data 23 0x30002 0x943 0xa0007 0x0 0x40 0x943 0x100007 0x0 0x20 0x943 0x170002 0x0 0x0 0x0 0x0 0x0 0x0 0x0 0x9 0x3 0x0 0x0 0x0 oops 0 methods 0
ciMethodData java/lang/CharacterData of (I)Ljava/lang/CharacterData; 2 15033 orig 80 1 0 0 0 0 0 0 0 0 0 0 0 234 1 0 0 0 0 0 0 0 0 0 0 0 0 0 0 0 0 0 0 0 0 0 0 0 0 0 1 0 0 0 0 0 0 0 0 0 0 0 0 0 0 0 0 0 0 0 0 0 0 0 0 0 0 0 0 0 0 0 0 0 0 0 0 0 0 0 0 data 67 0x8000000600040007 0x1 0x20 0x39b7 0xf0008 0x24 0x0 0x1c0 0x1 0x130 0x0 0x148 0x0 0x160 0x0 0x178 0x0 0x1c0 0x0 0x1c0 0x0 0x1c0 0x0 0x1c0 0x0 0x1c0 0x0 0x1c0 0x0 0x1c0 0x0 0x1c0 0x0 0x1c0 0x0 0x1c0 0x0 0x190 0x0 0x1a8 0x0 0x1a8 0x630003 0x1 0x90 0x690003 0x0 0x78 0x6f0003 0x0 0x60 0x750003 0x0 0x48 0x7b0003 0x0 0x30 0x810003 0x0 0x18 0x0 0x0 0x0 0x0 0x9 0x1 0x0 oops 0 methods 0
ciMethodData java/lang/Integer stringSize (I)I 2 7398 orig 80 0 0 0 0 0 0 0 0 0 0 0 0 234 1 0 0 0 0 0 0 0 0 0 0 0 0 0 0 0 0 0 0 0 0 0 0 0 0 0 1 0 0 0 0 0 0 0 0 0 0 0 0 0 0 0 0 0 0 0 0 0 0 0 0 0 0 0 0 0 0 0 0 0 0 0 0 0 0 0 0 data 20 0x30007 0x0 0x20 0x1be5 0x8000000600130007 0x1 0x58 0x1ffa 0x180007 0x415 0x20 0x1be5 0x270003 0x415 0xffffffffffffffc0 0x0 0x0 0x9 0x1 0x0 oops 0 methods 0
ciMethodData java/lang/Integer getChars (II[B)I 2 7399 orig 80 0 0 0 0 0 0 0 0 0 0 0 0 234 1 0 0 0 0 0 0 0 0 0 0 0 0 0 0 0 0 0 0 0 0 0 0 0 0 0 0 0 0 0 0 0 0 0 0 0 0 0 0 0 0 0 0 0 0 0 0 0 0 0 0 0 0 0 0 0 0 0 0 0 0 0 0 0 0 0 0 data 35 0x40007 0x1be3 0x38 0x0 0x80003 0x0 0x18 0x100007 0x0 0x20 0x1be3 0x190007 0x1be3 0x38 0xda 0x450003 0xda 0xffffffffffffffe0 0x630007 0x1979 0x20 0x26a 0x740007 0x1be3 0x20 0x0 0x0 0x0 0x0 0x0 0x9 0x3 0x0 0x0 0xffffffffffffffff oops 0 methods 0
ciMethod java/lang/NumberFormatException <init> (Ljava/lang/String;)V 14 0 42 0 -1
ciMethod java/lang/NumberFormatException forInputString (Ljava/lang/String;I)Ljava/lang/NumberFormatException; 18 0 40 0 0
ciMethod groovy/lang/MetaMethod getModifiers ()I 0 0 1 0 -1
ciMethod groovy/lang/MetaMethod getName ()Ljava/lang/String; 0 0 1 0 -1
ciMethod groovy/lang/MetaMethod getDeclaringClass ()Lorg/codehaus/groovy/reflection/CachedClass; 0 0 1 0 -1
ciMethod groovy/lang/MetaMethod getMopName ()Ljava/lang/String; 900 0 5479 0 0
ciMethod org/codehaus/groovy/reflection/ParameterTypes getParameterTypes ()[Lorg/codehaus/groovy/reflection/CachedClass; 5278 0 11388 0 -1
ciMethod org/codehaus/groovy/reflection/GeneratedMetaMethod getModifiers ()I 262 0 131 0 0
ciMethod org/codehaus/groovy/reflection/GeneratedMetaMethod getName ()Ljava/lang/String; 744 0 372 0 0
ciMethod org/codehaus/groovy/reflection/GeneratedMetaMethod getDeclaringClass ()Lorg/codehaus/groovy/reflection/CachedClass; 1066 0 533 0 0
ciMethod org/codehaus/groovy/util/FastArray set (ILjava/lang/Object;)V 0 0 148 0 -1
ciMethod org/codehaus/groovy/util/FastArray size ()I 368 0 184 0 0
ciMethod org/codehaus/groovy/util/FastArray getArray ()[Ljava/lang/Object; 378 0 189 0 0
ciMethod org/codehaus/groovy/reflection/CachedClass getSuperClassDistance ()I 686 20 963 0 0
ciMethod org/codehaus/groovy/reflection/CachedClass getTheClass ()Ljava/lang/Class; 258 0 129 0 0
ciMethod org/codehaus/groovy/reflection/CachedMethod getName ()Ljava/lang/String; 582 0 17327 0 96
ciMethod org/codehaus/groovy/reflection/CachedMethod getDeclaringClass ()Lorg/codehaus/groovy/reflection/CachedClass; 288 0 144 0 0
ciMethod org/codehaus/groovy/reflection/CachedMethod getModifiers ()I 4254 0 7309 0 96
ciMethodData java/lang/String compareTo (Ljava/lang/String;)I 2 10920 orig 80 0 0 0 0 0 0 0 0 0 0 0 0 234 1 0 0 0 0 0 0 0 0 0 0 0 0 0 0 0 0 0 0 0 0 0 0 0 0 0 0 0 0 0 0 0 0 0 0 0 0 0 0 0 0 0 0 0 0 0 0 0 0 0 0 0 0 0 0 0 0 0 0 0 0 0 0 0 0 0 0 data 50 0xb0005 0x299c 0x0 0x0 0x0 0x0 0x0 0x130005 0x299c 0x0 0x0 0x0 0x0 0x0 0x160007 0x0 0x78 0x299c 0x1b0007 0x0 0x48 0x299c 0x200002 0x299c 0x230003 0x299c 0x28 0x280002 0x0 0x2e0007 0x0 0x48 0x0 0x330002 0x0 0x360003 0x0 0x28 0x3b0002 0x0 0x0 0x0 0x0 0x0 0x0 0x0 0x9 0x2 0x0 0x0 oops 0 methods 0
ciMethodData java/lang/reflect/Modifier isPrivate (I)Z 2 18221 orig 80 0 0 0 0 0 0 0 0 0 0 0 0 234 1 0 0 0 0 0 0 0 0 0 0 0 0 0 0 0 0 0 0 0 0 0 0 0 0 0 0 0 0 0 0 0 0 0 0 0 0 0 0 0 0 0 0 0 0 0 0 0 0 0 0 0 0 0 0 0 0 0 0 0 0 0 0 0 0 0 0 data 11 0x30007 0x41ba 0x38 0x46a 0x70003 0x46a 0x18 0x0 0x9 0x1 0x0 oops 0 methods 0
ciMethodData org/codehaus/groovy/reflection/CachedMethod getName ()Ljava/lang/String; 2 17327 orig 80 0 0 0 0 0 0 0 0 0 0 0 0 234 1 0 0 0 0 0 0 0 0 0 0 0 0 0 0 0 0 0 0 0 0 0 0 0 0 0 0 0 0 0 0 0 0 0 0 0 0 0 0 0 0 0 0 0 0 0 0 0 0 0 0 0 0 0 0 0 0 0 0 0 0 0 0 0 0 0 0 data 16 0x40005 0x428c 0x0 0x0 0x0 0x0 0x0 0x0 0x0 0x0 0x0 0x0 0x0 0x9 0x1 0x0 oops 0 methods 0
ciMethodData org/codehaus/groovy/reflection/ParameterTypes getParameterTypes ()[Lorg/codehaus/groovy/reflection/CachedClass; 2 11388 orig 80 0 0 0 0 0 0 0 0 0 0 0 0 234 1 0 0 0 0 0 0 0 0 0 0 0 0 0 0 0 0 0 0 0 0 0 0 0 0 0 0 0 0 0 0 0 0 0 0 0 0 0 0 0 0 0 0 0 0 0 0 0 0 0 0 0 0 0 0 0 0 0 0 0 0 0 0 0 0 0 0 data 15 0x40007 0x1f2e 0x30 0x2ff 0x80002 0x2ff 0x0 0x0 0x0 0x0 0x0 0x0 0x9 0x1 0xffffffffffffffff oops 0 methods 0
ciMethodData org/codehaus/groovy/reflection/CachedMethod getModifiers ()I 2 7309 orig 80 0 0 0 0 0 0 0 0 0 0 0 0 234 1 0 0 0 0 0 0 0 0 0 0 0 0 0 0 0 0 0 0 0 0 0 0 0 0 0 0 0 0 0 0 0 0 0 0 0 0 0 0 0 0 0 0 0 0 0 0 0 0 0 0 0 0 0 0 0 0 0 0 0 0 0 0 0 0 0 0 data 16 0x40005 0x143e 0x0 0x0 0x0 0x0 0x0 0x0 0x0 0x0 0x0 0x0 0x0 0x9 0x1 0x0 oops 0 methods 0
ciMethodData java/util/Arrays binarySearch ([Ljava/lang/Object;Ljava/lang/Object;Ljava/util/Comparator;)I 2 6752 orig 80 0 0 0 0 0 0 0 0 0 0 0 0 234 1 0 0 0 0 0 0 0 0 0 0 0 0 0 0 0 0 0 0 0 0 0 0 0 0 0 0 0 0 0 0 0 0 0 0 0 0 0 0 0 0 0 0 0 0 0 0 0 0 0 0 0 0 0 0 0 0 0 0 0 0 0 0 0 0 0 0 data 13 0x60002 0x18c8 0x0 0x0 0x0 0x0 0x0 0x0 0x9 0x3 0x0 0x0 0x0 oops 0 methods 0
ciMethodData java/util/Arrays binarySearch0 ([Ljava/lang/Object;IILjava/lang/Object;Ljava/util/Comparator;)I 2 6752 orig 80 0 0 0 0 0 0 0 0 0 0 0 0 234 1 0 0 0 0 0 0 0 0 0 0 0 0 0 0 0 0 0 0 0 0 0 0 0 0 0 0 0 0 0 0 0 0 0 0 0 0 0 0 0 0 0 0 0 0 0 0 0 0 0 0 0 0 0 0 0 0 0 0 0 0 0 0 0 0 0 0 data 47 0x20007 0x18b7 0x30 0x0 0x90002 0x0 0x190007 0x178d 0xe0 0xa91 0x300005 0x0 0x0 0x1ea6734c860 0x47d 0x1ea67c6ee20 0x614 0x390007 0x7e1 0x38 0x2b0 0x420003 0x2b0 0x50 0x470007 0x12a 0x38 0x6b7 0x500003 0x6b7 0x18 0x560003 0x967 0xffffffffffffff38 0x0 0x0 0x0 0x0 0x0 0x0 0x9 0x5 0x0 0x0 0x0 0x0 0x0 oops 2 13 org/codehaus/groovy/reflection/CachedMethod$MyComparator 15 org/codehaus/groovy/reflection/CachedClass$CachedMethodComparatorWithString methods 0
ciMethodData java/lang/Integer parseInt (Ljava/lang/String;)I 2 3423 orig 80 0 0 0 0 0 0 0 0 0 0 0 0 234 1 0 0 0 0 0 0 0 0 0 0 0 0 0 0 0 0 0 0 0 0 0 0 0 0 0 0 0 0 0 0 0 0 0 0 0 0 0 0 0 0 0 0 0 0 0 0 0 0 0 0 0 0 0 0 0 0 0 0 0 0 0 0 0 0 0 0 data 11 0x30002 0xc85 0x0 0x0 0x0 0x0 0x0 0x0 0x9 0x1 0x0 oops 0 methods 0
ciMethodData java/lang/Integer parseInt (Ljava/lang/String;I)I 2 29323 orig 80 1 0 0 0 0 0 0 0 0 0 0 0 234 1 0 0 0 0 0 0 0 0 0 0 0 0 0 0 0 0 0 0 0 0 0 0 0 0 0 1 0 0 0 0 0 0 0 0 0 0 0 0 0 0 0 0 0 0 0 0 0 0 0 0 0 0 0 0 0 0 0 0 0 0 0 0 0 0 0 0 data 173 0x10007 0x1af9 0x30 0x0 0xa0002 0x0 0x100007 0x1af9 0x120 0x0 0x1b0002 0x0 0x200005 0x0 0x0 0x0 0x0 0x0 0x0 0x240005 0x0 0x0 0x0 0x0 0x0 0x0 0x290005 0x0 0x0 0x0 0x0 0x0 0x0 0x2c0005 0x0 0x0 0x0 0x0 0x0 0x0 0x2f0002 0x0 0x360007 0x1af9 0x120 0x0 0x410002 0x0 0x460005 0x0 0x0 0x0 0x0 0x0 0x0 0x4a0005 0x0 0x0 0x0 0x0 0x0 0x0 0x4f0005 0x0 0x0 0x0 0x0 0x0 0x0 0x520005 0x0 0x0 0x0 0x0 0x0 0x0 0x550002 0x0 0x5e0005 0x1af9 0x0 0x0 0x0 0x0 0x0 0x690007 0x22 0x248 0x1ad7 0x6e0005 0x1ad7 0x0 0x0 0x0 0x0 0x0 0x8000000600770007 0x1ad4 0xb8 0x4 0x7e0007 0x0 0x38 0x4 0x870003 0x4 0x48 0x8e0007 0x0 0x30 0x0 0x930002 0x0 0x9a0007 0x4 0x30 0x0 0x9f0002 0x0 0xb20007 0x1ad6 0x100 0x71aa 0xba0005 0x71aa 0x0 0x0 0x0 0x0 0x0 0xbe0002 0x71aa 0xc50007 0x2 0x40 0x71a8 0xcc0007 0x71a8 0x30 0x0 0xd10002 0x2 0xe20007 0x71a8 0x30 0x0 0xe70002 0x0 0xf20003 0x71a8 0xffffffffffffff18 0xf60007 0x1ad2 0x38 0x4 0xfb0003 0x4 0x18 0x1040002 0x22 0x0 0x0 0x0 0x0 0x0 0x0 0x0 0x0 0x0 0x9 0x2 0x0 0x0 oops 0 methods 0
ciMethodData java/lang/Character digit (CI)I 2 31619 orig 80 1 0 0 0 0 0 0 0 0 0 0 0 234 1 0 0 0 0 0 0 0 0 0 0 0 0 0 0 0 0 0 0 0 0 0 0 0 0 0 0 0 0 0 0 0 0 0 0 0 0 0 0 0 0 0 0 0 0 0 0 0 0 0 0 0 0 0 0 0 0 0 0 0 0 0 0 0 0 0 0 data 12 0x20002 0x7a7d 0x0 0x0 0x0 0x0 0x0 0x0 0x9 0x2 0x0 0x0 oops 0 methods 0
ciMethodData java/lang/Character digit (II)I 2 31619 orig 80 0 0 0 0 0 0 0 0 0 0 0 0 234 1 0 0 0 0 0 0 0 0 0 0 0 0 0 0 0 0 0 0 0 0 0 0 0 0 0 0 0 0 0 0 0 0 0 0 0 0 0 0 0 0 0 0 0 0 0 0 0 0 0 0 0 0 0 0 0 0 0 0 0 0 0 0 0 0 0 0 data 19 0x10002 0x7a7d 0x60005 0x0 0x0 0x1ea67ac8490 0x7a7d 0x0 0x0 0x0 0x0 0x0 0x0 0x0 0x0 0x9 0x2 0x0 0x0 oops 1 5 java/lang/CharacterDataLatin1 methods 0
ciMethod groovy/lang/MetaClassImpl findMatchingMethod (Lgroovy/lang/MetaMethod;Ljava/lang/String;I[Lorg/codehaus/groovy/reflection/CachedMethod;)I 24 0 8 0 -1
ciMethod groovy/lang/MetaClassImpl findMatchingMethod ([Lorg/codehaus/groovy/reflection/CachedMethod;IILgroovy/lang/MetaMethod;)I 24 6 8 0 -1
ciMethod groovy/lang/MetaClassImpl access$200 (Lgroovy/lang/MetaClassImpl;Lgroovy/lang/MetaMethod;Ljava/lang/String;I[Lorg/codehaus/groovy/reflection/CachedMethod;)I 0 0 8 0 0
ciMethod groovy/lang/MetaClassImpl$1MOPIter methodNameAction (Ljava/lang/Class;Lorg/codehaus/groovy/runtime/metaclass/MetaMethodIndex$Entry;)V 1024 758 8926 0 -1
ciMethod groovy/lang/MetaClassImpl$1MOPIter decomposeMopName (Ljava/lang/String;)[Ljava/lang/String; 420 0 2244 0 0
ciMethod groovy/lang/MetaClassImpl$1MOPIter processFastArray (Lorg/codehaus/groovy/util/FastArray;)V 278 664 3243 0 0
ciMethod org/codehaus/groovy/reflection/CachedClass$CachedMethodComparatorWithString compare (Ljava/lang/Object;Ljava/lang/Object;)I 1024 0 1556 0 0
ciMethodData groovy/lang/MetaClassImpl$1MOPIter methodNameAction (Ljava/lang/Class;Lorg/codehaus/groovy/runtime/metaclass/MetaMethodIndex$Entry;)V 2 8926 orig 80 0 0 0 0 0 0 0 0 0 0 0 0 0 0 0 0 0 0 0 0 0 0 0 0 0 0 0 0 0 0 0 0 0 0 0 0 0 0 0 0 0 0 0 0 0 0 0 0 0 0 0 0 0 0 0 0 0 0 0 0 0 0 0 0 0 0 0 0 0 0 0 0 0 0 0 0 0 0 0 0 data 222 0x40007 0xfe9 0x2a0 0x10f6 0xb0007 0x10f6 0x20 0x0 0x130004 0xfffffffffffff5f7 0x0 0x1ea67c69c10 0x6ed 0x1ea67c69cc0 0xa6 0x160007 0xa09 0x80 0x6ed 0x1d0004 0x0 0x0 0x1ea67c69c10 0x6ed 0x0 0x0 0x230002 0x6ed 0x260003 0x6ed 0x570 0x2d0004 0x0 0x0 0x1ea67c69cc0 0x53a 0x1ea67c69d70 0x36 0x320004 0xfffffffffffff62d 0x0 0x1ea67c69cc0 0xa6 0x1ea67c69d70 0x36 0x350007 0x9d3 0x20 0x36 0x3e0005 0x0 0x0 0x1ea67c69cc0 0x53a 0x1ea67c69e20 0x499 0x410002 0x9d3 0x450007 0x8d 0x20 0x946 0x4a0005 0x0 0x0 0x1ea67c69cc0 0x8d 0x0 0x0 0x580002 0x8d 0x5f0007 0x8d 0x50 0x0 0x6f0002 0x0 0x770007 0x0 0x20 0x0 0x850003 0x8d 0x3c8 0x8c0007 0xdfc 0x20 0x1ed 0x940004 0xfffffffffffff770 0x0 0x1ea67c69c10 0x56c 0x0 0x0 0x970007 0x890 0x80 0x56c 0x9e0004 0x0 0x0 0x1ea67c69c10 0x56c 0x0 0x0 0xa40002 0x56c 0xa70003 0x56c 0x2f0 0xae0004 0x0 0x0 0x1ea67c69cc0 0x3ca 0x1ea67c69e20 0x492 0xb30004 0xfffffffffffff7a4 0x0 0x1ea67c69d70 0x34 0x0 0x0 0xb60007 0x85c 0x20 0x34 0xbf0005 0x0 0x0 0x1ea67c69cc0 0x3ca 0x1ea67c69e20 0x492 0xc20002 0x85c 0xc60007 0x7f2 0x20 0x6a 0xcb0005 0x0 0x0 0x1ea67c69cc0 0x360 0x1ea67c69e20 0x492 0xd30002 0x7f2 0xdc0002 0x7f2 0xe30007 0x7f2 0x188 0xb20 0xea0002 0xb20 0xf10005 0xb20 0x0 0x0 0x0 0x0 0x0 0xf60005 0xb20 0x0 0x0 0x0 0x0 0x0 0xfd0005 0xb20 0x0 0x0 0x0 0x0 0x0 0x1000005 0xb20 0x0 0x0 0x0 0x0 0x0 0x10e0002 0xb20 0x1150007 0xb18 0x50 0x8 0x1250002 0x8 0x12d0007 0x0 0x20 0x8 0x1410003 0xb20 0xfffffffffffffe90 0x0 0x0 0x0 0x0 0x0 0x0 0x0 0x0 0x0 0x0 0x0 0x0 0x0 0x0 0x0 0x9 0x3 0x0 0x0 0x0 oops 19 11 org/codehaus/groovy/util/FastArray 13 org/codehaus/groovy/reflection/CachedMethod 22 org/codehaus/groovy/util/FastArray 34 org/codehaus/groovy/reflection/CachedMethod 36 org/codehaus/groovy/runtime/metaclass/NewInstanceMetaMethod 41 org/codehaus/groovy/reflection/CachedMethod 43 org/codehaus/groovy/runtime/metaclass/NewInstanceMetaMethod 52 org/codehaus/groovy/reflection/CachedMethod 54 org/codehaus/groovy/reflection/GeneratedMetaMethod$Proxy 65 org/codehaus/groovy/reflection/CachedMethod 91 org/codehaus/groovy/util/FastArray 102 org/codehaus/groovy/util/FastArray 114 org/codehaus/groovy/reflection/CachedMethod 116 org/codehaus/groovy/reflection/GeneratedMetaMethod$Proxy 121 org/codehaus/groovy/runtime/metaclass/NewInstanceMetaMethod 132 org/codehaus/groovy/reflection/CachedMethod 134 org/codehaus/groovy/reflection/GeneratedMetaMethod$Proxy 145 org/codehaus/groovy/reflection/CachedMethod 147 org/codehaus/groovy/reflection/GeneratedMetaMethod$Proxy methods 0
ciMethodData groovy/lang/MetaClassImpl$1MOPIter processFastArray (Lorg/codehaus/groovy/util/FastArray;)V 2 7551 orig 80 0 0 0 0 0 0 0 0 0 0 0 0 234 1 0 0 0 0 0 0 0 0 0 0 0 0 0 0 0 0 0 0 0 0 0 0 0 0 0 0 0 0 0 0 0 0 0 0 0 0 0 0 0 0 0 0 0 0 0 0 0 0 0 0 0 0 0 0 0 0 0 0 0 0 0 0 0 0 0 0 data 94 0x10005 0x0 0x0 0x1ea67c69c10 0xc20 0x0 0x0 0x60005 0x0 0x0 0x1ea67c69c10 0xc20 0x0 0x0 0x100007 0xc20 0x230 0x1c33 0x170004 0x0 0x0 0x1ea67c69cc0 0xa4f 0x1ea67c69e20 0xf74 0x1e0004 0xffffffffffffe63d 0x0 0x1ea67c69cc0 0x7d 0x1ea67c69e20 0x138 0x210007 0x19c3 0x38 0x270 0x240003 0x270 0x168 0x290005 0x0 0x0 0x1ea67c69cc0 0xa4f 0x1ea67c69e20 0xf74 0x2c0002 0x19c3 0x380007 0xb49 0x38 0xe7a 0x3b0003 0xe7a 0xe8 0x400005 0x0 0x0 0x1ea67c69cc0 0x385 0x1ea67c69e20 0x7c4 0x4e0002 0xb49 0x550007 0xb49 0x88 0x0 0x660002 0x0 0x6e0007 0x0 0x58 0x0 0x7b0005 0x0 0x0 0x0 0x0 0x0 0x0 0x810003 0x1c33 0xfffffffffffffde8 0x0 0x0 0x0 0x0 0x0 0x0 0x9 0x2 0x0 0x0 oops 10 3 org/codehaus/groovy/util/FastArray 10 org/codehaus/groovy/util/FastArray 21 org/codehaus/groovy/reflection/CachedMethod 23 org/codehaus/groovy/reflection/GeneratedMetaMethod$Proxy 28 org/codehaus/groovy/reflection/CachedMethod 30 org/codehaus/groovy/reflection/GeneratedMetaMethod$Proxy 42 org/codehaus/groovy/reflection/CachedMethod 44 org/codehaus/groovy/reflection/GeneratedMetaMethod$Proxy 58 org/codehaus/groovy/reflection/CachedMethod 60 org/codehaus/groovy/reflection/GeneratedMetaMethod$Proxy methods 0
ciMethodData groovy/lang/MetaMethod getMopName ()Ljava/lang/String; 2 5479 orig 80 0 0 0 0 0 0 0 0 0 0 0 0 234 1 0 0 0 0 0 0 0 0 0 0 0 0 0 0 0 0 0 0 0 0 0 0 0 0 0 0 0 0 0 0 0 0 0 0 0 0 0 0 0 0 0 0 0 0 0 0 0 0 0 0 0 0 0 0 0 0 0 0 0 0 0 0 0 0 0 0 data 131 0x40007 0x1139 0x3d0 0x26c 0x80005 0x0 0x0 0x1ea67c69cc0 0x264 0x1ea67c69e20 0x8 0xd0005 0x0 0x0 0x1ea67c69cc0 0x264 0x1ea67c69e20 0x8 0x120005 0x0 0x0 0x1ea67c69cc0 0x264 0x1ea67c69e20 0x8 0x150002 0x26c 0x180007 0x229 0x198 0x43 0x200002 0x43 0x250005 0x43 0x0 0x0 0x0 0x0 0x0 0x290005 0x4 0x0 0x1ea684bc570 0x6 0x1ea684bb940 0x39 0x2c0005 0x43 0x0 0x0 0x0 0x0 0x0 0x310005 0x43 0x0 0x0 0x0 0x0 0x0 0x350005 0x43 0x0 0x0 0x0 0x0 0x0 0x380005 0x43 0x0 0x0 0x0 0x0 0x0 0x3e0003 0x43 0x178 0x460002 0x229 0x4b0005 0x229 0x0 0x0 0x0 0x0 0x0 0x4f0005 0x1f1 0x0 0x1ea684bc570 0x36 0x1ea684bc620 0x2 0x520005 0x229 0x0 0x0 0x0 0x0 0x0 0x570005 0x229 0x0 0x0 0x0 0x0 0x0 0x5b0005 0x229 0x0 0x0 0x0 0x0 0x0 0x5e0005 0x229 0x0 0x0 0x0 0x0 0x0 0x0 0x0 0x0 0x0 0x0 0x0 0x9 0x1 0x0 oops 10 7 org/codehaus/groovy/reflection/CachedMethod 9 org/codehaus/groovy/reflection/GeneratedMetaMethod$Proxy 14 org/codehaus/groovy/reflection/CachedMethod 16 org/codehaus/groovy/reflection/GeneratedMetaMethod$Proxy 21 org/codehaus/groovy/reflection/CachedMethod 23 org/codehaus/groovy/reflection/GeneratedMetaMethod$Proxy 43 org/codehaus/groovy/reflection/stdclasses/CachedClosureClass 45 org/codehaus/groovy/reflection/CachedClass 90 org/codehaus/groovy/reflection/stdclasses/CachedClosureClass 92 org/codehaus/groovy/reflection/stdclasses/ObjectCachedClass methods 0
ciMethodData groovy/lang/MetaClassImpl access$200 (Lgroovy/lang/MetaClassImpl;Lgroovy/lang/MetaMethod;Ljava/lang/String;I[Lorg/codehaus/groovy/reflection/CachedMethod;)I 1 8 orig 80 0 0 0 0 0 0 0 0 0 0 0 0 234 1 0 0 0 0 0 0 0 0 0 0 0 0 0 0 0 0 0 0 0 0 0 0 0 0 0 0 0 0 0 0 0 0 0 0 0 0 0 0 0 0 0 0 0 0 0 0 0 0 0 0 0 0 0 0 0 0 0 0 0 0 0 0 0 0 0 0 data 11 0x60002 0x8 0x0 0x0 0x9 0x5 0x0 0xffffffffffffffff 0x0 0x0 0x0 oops 0 methods 0
ciMethodData groovy/lang/MetaClassImpl$1MOPIter decomposeMopName (Ljava/lang/String;)[Ljava/lang/String; 2 2244 orig 80 0 0 0 0 0 0 0 0 0 0 0 0 234 1 0 0 0 0 0 0 0 0 0 0 0 0 0 0 0 0 0 0 0 0 0 0 0 0 0 0 0 0 0 0 0 0 0 0 0 0 0 0 0 0 0 0 0 0 0 0 0 0 0 0 0 0 0 0 0 0 0 0 0 0 0 0 0 0 0 0 data 95 0x30005 0x7f2 0x0 0x0 0x0 0x0 0x0 0x80007 0x0 0x1c8 0x7f2 0x110005 0x7f2 0x0 0x0 0x0 0x0 0x0 0x160007 0x0 0x170 0x7f2 0x240005 0x7f2 0x0 0x0 0x0 0x0 0x0 0x270004 0x0 0x0 0x1ea650decf0 0x7f2 0x0 0x0 0x2f0005 0x7f2 0x0 0x0 0x0 0x0 0x0 0x320004 0x0 0x0 0x1ea650decf0 0x7f2 0x0 0x0 0x370005 0x7f2 0x0 0x0 0x0 0x0 0x0 0x3a0004 0x0 0x0 0x1ea650decf0 0x7f2 0x0 0x0 0x440004 0x0 0x0 0x0 0x0 0x0 0x0 0x490004 0x0 0x0 0x0 0x0 0x0 0x0 0x4d0004 0x0 0x0 0x0 0x0 0x0 0x0 0x0 0x0 0x0 0x0 0x0 0x0 0x9 0x2 0x0 0x0 oops 3 32 java/lang/String 46 java/lang/String 60 java/lang/String methods 0
ciMethodData org/codehaus/groovy/reflection/CachedClass getSuperClassDistance ()I 1 963 orig 80 0 0 0 0 0 0 0 0 0 0 0 0 234 1 0 0 0 0 0 0 0 0 0 0 0 0 0 0 0 0 0 0 0 0 0 0 0 0 0 0 0 0 0 0 0 0 0 0 0 0 0 0 0 0 0 0 0 0 0 0 0 0 0 0 0 0 0 0 0 0 0 0 0 0 0 0 0 0 0 0 data 34 0x40007 0x20 0x20 0x24c 0xf0005 0x20 0x0 0x0 0x0 0x0 0x0 0x140007 0x20 0x70 0x58 0x1b0005 0x58 0x0 0x0 0x0 0x0 0x0 0x1f0003 0x58 0xffffffffffffffa8 0x0 0x0 0x0 0x0 0x0 0x0 0x9 0x1 0x4 oops 0 methods 0
ciMethodData java/lang/NumberFormatException forInputString (Ljava/lang/String;I)Ljava/lang/NumberFormatException; 1 40 orig 80 0 0 0 0 0 0 0 0 0 0 0 0 234 1 0 0 0 0 0 0 0 0 0 0 0 0 0 0 0 0 0 0 0 0 0 0 0 0 0 0 0 0 0 0 0 0 0 0 0 0 0 0 0 0 0 0 0 0 0 0 0 0 0 0 0 0 0 0 0 0 0 0 0 0 0 0 0 0 0 0 data 79 0x80002 0x1f 0xd0005 0x1f 0x0 0x0 0x0 0x0 0x0 0x110005 0x1f 0x0 0x0 0x0 0x0 0x0 0x160005 0x1f 0x0 0x0 0x0 0x0 0x0 0x1c0007 0x0 0x38 0x1f 0x210003 0x1f 0xd0 0x280002 0x0 0x2d0005 0x0 0x0 0x0 0x0 0x0 0x0 0x310005 0x0 0x0 0x0 0x0 0x0 0x0 0x340005 0x0 0x0 0x0 0x0 0x0 0x0 0x370005 0x1f 0x0 0x0 0x0 0x0 0x0 0x3a0005 0x1f 0x0 0x0 0x0 0x0 0x0 0x3d0002 0x1f 0x0 0x0 0x0 0x0 0x0 0x0 0x9 0x2 0x0 0x0 oops 0 methods 0
ciMethodData java/lang/CharacterDataLatin1 digit (II)I 2 22855 orig 80 0 0 0 0 0 0 0 0 0 0 0 0 234 1 0 0 0 0 0 0 0 0 0 0 0 0 0 0 0 0 0 0 0 0 0 0 0 0 0 0 0 0 0 0 0 0 0 0 0 0 0 0 0 0 0 0 0 0 0 0 0 0 0 0 0 0 0 0 0 0 0 0 0 0 0 0 0 0 0 0 data 27 0x70007 0x0 0x98 0x57aa 0xc0007 0x5 0x78 0x57a5 0x110007 0x0 0x58 0x57a5 0x170007 0x0 0x38 0x57a5 0x1b0003 0x57a5 0x18 0x0 0x0 0x0 0x9 0x3 0x0 0x0 0x0 oops 0 methods 0
ciMethodData org/codehaus/groovy/reflection/CachedClass$CachedMethodComparatorWithString compare (Ljava/lang/Object;Ljava/lang/Object;)I 2 1556 orig 80 0 0 0 0 0 0 0 0 0 0 0 0 0 0 0 0 0 0 0 0 0 0 0 0 0 0 0 0 0 0 0 0 0 0 0 0 0 0 0 0 0 0 0 0 0 0 0 0 0 0 0 0 0 0 0 0 0 0 0 0 0 0 0 0 0 0 0 0 0 0 0 0 0 0 0 0 0 0 0 0 data 78 0x10004 0x0 0x0 0x1ea67c69cc0 0x415 0x0 0x0 0x40007 0x0 0x100 0x415 0x80004 0x0 0x0 0x1ea67c69cc0 0x415 0x0 0x0 0xb0005 0x0 0x0 0x1ea67c69cc0 0x415 0x0 0x0 0xf0004 0x0 0x0 0x1ea650decf0 0x415 0x0 0x0 0x120005 0x415 0x0 0x0 0x0 0x0 0x0 0x170004 0x0 0x0 0x0 0x0 0x0 0x0 0x1b0004 0x0 0x0 0x0 0x0 0x0 0x0 0x1e0005 0x0 0x0 0x0 0x0 0x0 0x0 0x210005 0x0 0x0 0x0 0x0 0x0 0x0 0x0 0x0 0x0 0x0 0x0 0x0 0x9 0x3 0x0 0x0 0x0 oops 4 3 org/codehaus/groovy/reflection/CachedMethod 14 org/codehaus/groovy/reflection/CachedMethod 21 org/codehaus/groovy/reflection/CachedMethod 28 java/lang/String methods 0
compile groovy/lang/MetaClassImpl$1MOPIter methodNameAction (Ljava/lang/Class;Lorg/codehaus/groovy/runtime/metaclass/MetaMethodIndex$Entry;)V -1 4 inline 262 0 -1 groovy/lang/MetaClassImpl$1MOPIter methodNameAction (Ljava/lang/Class;Lorg/codehaus/groovy/runtime/metaclass/MetaMethodIndex$Entry;)V 1 35 groovy/lang/MetaClassImpl$1MOPIter processFastArray (Lorg/codehaus/groovy/util/FastArray;)V 2 1 org/codehaus/groovy/util/FastArray size ()I 2 6 org/codehaus/groovy/util/FastArray getArray ()[Ljava/lang/Object; 2 41 org/codehaus/groovy/reflection/GeneratedMetaMethod getModifiers ()I 2 41 org/codehaus/groovy/reflection/CachedMethod getModifiers ()I 3 4 java/lang/reflect/Method getModifiers ()I 2 44 java/lang/reflect/Modifier isPrivate (I)Z 2 64 groovy/lang/MetaMethod getMopName ()Ljava/lang/String; 3 8 org/codehaus/groovy/reflection/CachedMethod getName ()Ljava/lang/String; 4 4 java/lang/reflect/Method getName ()Ljava/lang/String; 3 8 org/codehaus/groovy/reflection/GeneratedMetaMethod getName ()Ljava/lang/String; 3 13 org/codehaus/groovy/reflection/CachedMethod getDeclaringClass ()Lorg/codehaus/groovy/reflection/CachedClass; 3 13 org/codehaus/groovy/reflection/GeneratedMetaMethod getDeclaringClass ()Lorg/codehaus/groovy/reflection/CachedClass; 3 18 org/codehaus/groovy/reflection/CachedMethod getModifiers ()I 4 4 java/lang/reflect/Method getModifiers ()I 3 18 org/codehaus/groovy/reflection/GeneratedMetaMethod getModifiers ()I 3 21 java/lang/reflect/Modifier isPrivate (I)Z 3 32 java/lang/StringBuilder <init> ()V 3 44 java/lang/StringBuilder append (I)Ljava/lang/StringBuilder; 3 70 java/lang/StringBuilder <init> ()V 3 75 java/lang/StringBuilder append (Ljava/lang/String;)Ljava/lang/StringBuilder; 3 79 org/codehaus/groovy/reflection/CachedClass getSuperClassDistance ()I 4 15 org/codehaus/groovy/reflection/CachedClass getTheClass ()Ljava/lang/Class; 3 82 java/lang/StringBuilder append (I)Ljava/lang/StringBuilder; 3 87 java/lang/StringBuilder append (Ljava/lang/String;)Ljava/lang/StringBuilder; 3 91 java/lang/StringBuilder append (Ljava/lang/String;)Ljava/lang/StringBuilder; 3 94 java/lang/StringBuilder toString ()Ljava/lang/String; 2 78 java/util/Arrays binarySearch ([Ljava/lang/Object;Ljava/lang/Object;Ljava/util/Comparator;)I 3 6 java/util/Arrays binarySearch0 ([Ljava/lang/Object;IILjava/lang/Object;Ljava/util/Comparator;)I 4 48 org/codehaus/groovy/reflection/CachedClass$CachedMethodComparatorWithString compare (Ljava/lang/Object;Ljava/lang/Object;)I 5 11 org/codehaus/groovy/reflection/CachedMethod getName ()Ljava/lang/String; 6 4 java/lang/reflect/Method getName ()Ljava/lang/String; 5 18 java/lang/String compareTo (Ljava/lang/String;)I 6 11 java/lang/String coder ()B 6 19 java/lang/String coder ()B 1 62 org/codehaus/groovy/reflection/CachedMethod getModifiers ()I 2 4 java/lang/reflect/Method getModifiers ()I 1 62 org/codehaus/groovy/reflection/GeneratedMetaMethod getModifiers ()I 1 65 java/lang/reflect/Modifier isPrivate (I)Z 1 74 groovy/lang/MetaMethod getMopName ()Ljava/lang/String; 2 8 org/codehaus/groovy/reflection/CachedMethod getName ()Ljava/lang/String; 3 4 java/lang/reflect/Method getName ()Ljava/lang/String; 2 13 org/codehaus/groovy/reflection/CachedMethod getDeclaringClass ()Lorg/codehaus/groovy/reflection/CachedClass; 2 18 org/codehaus/groovy/reflection/CachedMethod getModifiers ()I 3 4 java/lang/reflect/Method getModifiers ()I 2 21 java/lang/reflect/Modifier isPrivate (I)Z 2 32 java/lang/StringBuilder <init> ()V 2 44 java/lang/StringBuilder append (I)Ljava/lang/StringBuilder; 2 70 java/lang/StringBuilder <init> ()V 2 75 java/lang/StringBuilder append (Ljava/lang/String;)Ljava/lang/StringBuilder; 2 79 org/codehaus/groovy/reflection/CachedClass getSuperClassDistance ()I 3 15 org/codehaus/groovy/reflection/CachedClass getTheClass ()Ljava/lang/Class; 2 82 java/lang/StringBuilder append (I)Ljava/lang/StringBuilder; 2 87 java/lang/StringBuilder append (Ljava/lang/String;)Ljava/lang/StringBuilder; 2 91 java/lang/StringBuilder append (Ljava/lang/String;)Ljava/lang/StringBuilder; 2 94 java/lang/StringBuilder toString ()Ljava/lang/String; 1 88 java/util/Arrays binarySearch ([Ljava/lang/Object;Ljava/lang/Object;Ljava/util/Comparator;)I 2 6 java/util/Arrays binarySearch0 ([Ljava/lang/Object;IILjava/lang/Object;Ljava/util/Comparator;)I 3 48 org/codehaus/groovy/reflection/CachedClass$CachedMethodComparatorWithString compare (Ljava/lang/Object;Ljava/lang/Object;)I 4 11 org/codehaus/groovy/reflection/CachedMethod getName ()Ljava/lang/String; 5 4 java/lang/reflect/Method getName ()Ljava/lang/String; 4 18 java/lang/String compareTo (Ljava/lang/String;)I 5 11 java/lang/String coder ()B 5 19 java/lang/String coder ()B 1 164 groovy/lang/MetaClassImpl$1MOPIter processFastArray (Lorg/codehaus/groovy/util/FastArray;)V 2 1 org/codehaus/groovy/util/FastArray size ()I 2 6 org/codehaus/groovy/util/FastArray getArray ()[Ljava/lang/Object; 2 41 org/codehaus/groovy/reflection/GeneratedMetaMethod getModifiers ()I 2 41 org/codehaus/groovy/reflection/CachedMethod getModifiers ()I 3 4 java/lang/reflect/Method getModifiers ()I 2 44 java/lang/reflect/Modifier isPrivate (I)Z 2 64 groovy/lang/MetaMethod getMopName ()Ljava/lang/String; 3 8 org/codehaus/groovy/reflection/CachedMethod getName ()Ljava/lang/String; 4 4 java/lang/reflect/Method getName ()Ljava/lang/String; 3 8 org/codehaus/groovy/reflection/GeneratedMetaMethod getName ()Ljava/lang/String; 3 13 org/codehaus/groovy/reflection/CachedMethod getDeclaringClass ()Lorg/codehaus/groovy/reflection/CachedClass; 3 13 org/codehaus/groovy/reflection/GeneratedMetaMethod getDeclaringClass ()Lorg/codehaus/groovy/reflection/CachedClass; 3 18 org/codehaus/groovy/reflection/CachedMethod getModifiers ()I 4 4 java/lang/reflect/Method getModifiers ()I 3 18 org/codehaus/groovy/reflection/GeneratedMetaMethod getModifiers ()I 3 21 java/lang/reflect/Modifier isPrivate (I)Z 3 32 java/lang/StringBuilder <init> ()V 3 44 java/lang/StringBuilder append (I)Ljava/lang/StringBuilder; 3 70 java/lang/StringBuilder <init> ()V 3 75 java/lang/StringBuilder append (Ljava/lang/String;)Ljava/lang/StringBuilder; 3 79 org/codehaus/groovy/reflection/CachedClass getSuperClassDistance ()I 4 15 org/codehaus/groovy/reflection/CachedClass getTheClass ()Ljava/lang/Class; 3 82 java/lang/StringBuilder append (I)Ljava/lang/StringBuilder; 3 87 java/lang/StringBuilder append (Ljava/lang/String;)Ljava/lang/StringBuilder; 3 91 java/lang/StringBuilder append (Ljava/lang/String;)Ljava/lang/StringBuilder; 3 94 java/lang/StringBuilder toString ()Ljava/lang/String; 2 78 java/util/Arrays binarySearch ([Ljava/lang/Object;Ljava/lang/Object;Ljava/util/Comparator;)I 3 6 java/util/Arrays binarySearch0 ([Ljava/lang/Object;IILjava/lang/Object;Ljava/util/Comparator;)I 4 48 org/codehaus/groovy/reflection/CachedClass$CachedMethodComparatorWithString compare (Ljava/lang/Object;Ljava/lang/Object;)I 5 11 org/codehaus/groovy/reflection/CachedMethod getName ()Ljava/lang/String; 6 4 java/lang/reflect/Method getName ()Ljava/lang/String; 5 18 java/lang/String compareTo (Ljava/lang/String;)I 6 11 java/lang/String coder ()B 6 19 java/lang/String coder ()B 1 191 org/codehaus/groovy/reflection/GeneratedMetaMethod getModifiers ()I 1 191 org/codehaus/groovy/reflection/CachedMethod getModifiers ()I 2 4 java/lang/reflect/Method getModifiers ()I 1 194 java/lang/reflect/Modifier isPrivate (I)Z 1 203 groovy/lang/MetaMethod getMopName ()Ljava/lang/String; 2 8 org/codehaus/groovy/reflection/CachedMethod getName ()Ljava/lang/String; 3 4 java/lang/reflect/Method getName ()Ljava/lang/String; 2 8 org/codehaus/groovy/reflection/GeneratedMetaMethod getName ()Ljava/lang/String; 2 13 org/codehaus/groovy/reflection/CachedMethod getDeclaringClass ()Lorg/codehaus/groovy/reflection/CachedClass; 2 13 org/codehaus/groovy/reflection/GeneratedMetaMethod getDeclaringClass ()Lorg/codehaus/groovy/reflection/CachedClass; 2 18 org/codehaus/groovy/reflection/CachedMethod getModifiers ()I 3 4 java/lang/reflect/Method getModifiers ()I 2 18 org/codehaus/groovy/reflection/GeneratedMetaMethod getModifiers ()I 2 21 java/lang/reflect/Modifier isPrivate (I)Z 2 32 java/lang/StringBuilder <init> ()V 2 44 java/lang/StringBuilder append (I)Ljava/lang/StringBuilder; 3 2 java/lang/AbstractStringBuilder append (I)Ljava/lang/AbstractStringBuilder; 4 7 java/lang/Integer stringSize (I)I 4 14 java/lang/AbstractStringBuilder ensureCapacityInternal (I)V 5 24 java/lang/AbstractStringBuilder newCapacity (I)I 6 29 jdk/internal/util/ArraysSupport newLength (III)I 2 70 java/lang/StringBuilder <init> ()V 3 3 java/lang/AbstractStringBuilder <init> (I)V 4 1 java/lang/Object <init> ()V 2 75 java/lang/StringBuilder append (Ljava/lang/String;)Ljava/lang/StringBuilder; 3 2 java/lang/AbstractStringBuilder append (Ljava/lang/String;)Ljava/lang/AbstractStringBuilder; 4 10 java/lang/String length ()I 5 6 java/lang/String coder ()B 4 21 java/lang/AbstractStringBuilder ensureCapacityInternal (I)V 5 24 java/lang/AbstractStringBuilder newCapacity (I)I 6 29 jdk/internal/util/ArraysSupport newLength (III)I 5 32 java/util/Arrays copyOf ([BI)[B 4 30 java/lang/AbstractStringBuilder putStringAt (ILjava/lang/String;)V 5 5 java/lang/String length ()I 6 6 java/lang/String coder ()B 5 8 java/lang/AbstractStringBuilder putStringAt (ILjava/lang/String;II)V 6 1 java/lang/AbstractStringBuilder getCoder ()B 6 5 java/lang/String coder ()B 6 30 java/lang/String getBytes ([BIIBI)V 7 1 java/lang/String coder ()B 2 79 org/codehaus/groovy/reflection/CachedClass getSuperClassDistance ()I 3 15 org/codehaus/groovy/reflection/CachedClass getTheClass ()Ljava/lang/Class; 2 82 java/lang/StringBuilder append (I)Ljava/lang/StringBuilder; 3 2 java/lang/AbstractStringBuilder append (I)Ljava/lang/AbstractStringBuilder; 4 7 java/lang/Integer stringSize (I)I 4 14 java/lang/AbstractStringBuilder ensureCapacityInternal (I)V 5 24 java/lang/AbstractStringBuilder newCapacity (I)I 6 29 jdk/internal/util/ArraysSupport newLength (III)I 5 32 java/util/Arrays copyOf ([BI)[B 4 18 java/lang/AbstractStringBuilder isLatin1 ()Z 4 30 java/lang/Integer getChars (II[B)I 2 87 java/lang/StringBuilder append (Ljava/lang/String;)Ljava/lang/StringBuilder; 3 2 java/lang/AbstractStringBuilder append (Ljava/lang/String;)Ljava/lang/AbstractStringBuilder; 4 10 java/lang/String length ()I 5 6 java/lang/String coder ()B 4 21 java/lang/AbstractStringBuilder ensureCapacityInternal (I)V 5 24 java/lang/AbstractStringBuilder newCapacity (I)I 6 29 jdk/internal/util/ArraysSupport newLength (III)I 5 32 java/util/Arrays copyOf ([BI)[B 4 30 java/lang/AbstractStringBuilder putStringAt (ILjava/lang/String;)V 5 5 java/lang/String length ()I 6 6 java/lang/String coder ()B 5 8 java/lang/AbstractStringBuilder putStringAt (ILjava/lang/String;II)V 6 1 java/lang/AbstractStringBuilder getCoder ()B 6 5 java/lang/String coder ()B 6 30 java/lang/String getBytes ([BIIBI)V 7 1 java/lang/String coder ()B 2 91 java/lang/StringBuilder append (Ljava/lang/String;)Ljava/lang/StringBuilder; 3 2 java/lang/AbstractStringBuilder append (Ljava/lang/String;)Ljava/lang/AbstractStringBuilder; 4 10 java/lang/String length ()I 5 6 java/lang/String coder ()B 4 21 java/lang/AbstractStringBuilder ensureCapacityInternal (I)V 5 24 java/lang/AbstractStringBuilder newCapacity (I)I 6 29 jdk/internal/util/ArraysSupport newLength (III)I 5 32 java/util/Arrays copyOf ([BI)[B 4 30 java/lang/AbstractStringBuilder putStringAt (ILjava/lang/String;)V 5 5 java/lang/String length ()I 6 6 java/lang/String coder ()B 5 8 java/lang/AbstractStringBuilder putStringAt (ILjava/lang/String;II)V 6 1 java/lang/AbstractStringBuilder getCoder ()B 6 5 java/lang/String coder ()B 6 30 java/lang/String getBytes ([BIIBI)V 7 1 java/lang/String coder ()B 2 94 java/lang/StringBuilder toString ()Ljava/lang/String; 3 1 java/lang/AbstractStringBuilder isLatin1 ()Z 3 16 java/lang/StringLatin1 newString ([BII)Ljava/lang/String; 4 16 java/util/Arrays copyOfRange ([BII)[B 4 20 java/lang/String <init> ([BB)V 5 1 java/lang/Object <init> ()V 1 211 groovy/lang/MetaClassImpl$1MOPIter decomposeMopName (Ljava/lang/String;)[Ljava/lang/String; 2 3 java/lang/String indexOf (I)I 3 3 java/lang/String indexOf (II)I 4 1 java/lang/String isLatin1 ()Z 4 13 java/lang/StringLatin1 indexOf ([BII)I 5 1 java/lang/StringLatin1 canEncode (I)Z 2 17 java/lang/String indexOf (II)I 3 1 java/lang/String isLatin1 ()Z 3 13 java/lang/StringLatin1 indexOf ([BII)I 4 1 java/lang/StringLatin1 canEncode (I)Z 2 36 java/lang/String substring (II)Ljava/lang/String; 3 1 java/lang/String length ()I 4 6 java/lang/String coder ()B 3 8 java/lang/String checkBoundsBeginEnd (III)V 3 28 java/lang/String isLatin1 ()Z 3 41 java/lang/StringLatin1 newString ([BII)Ljava/lang/String; 4 16 java/util/Arrays copyOfRange ([BII)[B 4 20 java/lang/String <init> ([BB)V 5 1 java/lang/Object <init> ()V 2 47 java/lang/String substring (II)Ljava/lang/String; 3 1 java/lang/String length ()I 4 6 java/lang/String coder ()B 3 8 java/lang/String checkBoundsBeginEnd (III)V 3 28 java/lang/String isLatin1 ()Z 3 41 java/lang/StringLatin1 newString ([BII)Ljava/lang/String; 4 16 java/util/Arrays copyOfRange ([BII)[B 4 20 java/lang/String <init> ([BB)V 5 1 java/lang/Object <init> ()V 2 55 java/lang/String substring (I)Ljava/lang/String; 3 3 java/lang/String length ()I 4 6 java/lang/String coder ()B 3 6 java/lang/String substring (II)Ljava/lang/String; 4 1 java/lang/String length ()I 5 6 java/lang/String coder ()B 4 8 java/lang/String checkBoundsBeginEnd (III)V 4 28 java/lang/String isLatin1 ()Z 4 41 java/lang/StringLatin1 newString ([BII)Ljava/lang/String; 5 16 java/util/Arrays copyOfRange ([BII)[B 5 20 java/lang/String <init> ([BB)V 6 1 java/lang/Object <init> ()V 1 220 java/lang/Integer parseInt (Ljava/lang/String;)I 2 3 java/lang/Integer parseInt (Ljava/lang/String;I)I 3 94 java/lang/String length ()I 4 6 java/lang/String coder ()B 3 110 java/lang/String charAt (I)C 4 1 java/lang/String isLatin1 ()Z 4 12 java/lang/StringLatin1 charAt ([BI)C 4 21 java/lang/StringUTF16 charAt ([BI)C 5 2 java/lang/StringUTF16 checkIndex (I[B)V 6 2 java/lang/StringUTF16 length ([B)I 3 186 java/lang/String charAt (I)C 4 1 java/lang/String isLatin1 ()Z 4 12 java/lang/StringLatin1 charAt ([BI)C 4 21 java/lang/StringUTF16 charAt ([BI)C 5 2 java/lang/StringUTF16 checkIndex (I[B)V 6 2 java/lang/StringUTF16 length ([B)I 3 190 java/lang/Character digit (CI)I 4 2 java/lang/Character digit (II)I 5 1 java/lang/CharacterData of (I)Ljava/lang/CharacterData; 5 6 java/lang/CharacterDataLatin1 digit (II)I 1 234 java/lang/StringBuilder <init> ()V 1 241 java/lang/StringBuilder append (Ljava/lang/String;)Ljava/lang/StringBuilder; 1 246 java/lang/StringBuilder append (I)Ljava/lang/StringBuilder; 1 253 java/lang/StringBuilder append (Ljava/lang/String;)Ljava/lang/StringBuilder; 1 256 java/lang/StringBuilder toString ()Ljava/lang/String; 1 270 java/util/Arrays binarySearch ([Ljava/lang/Object;Ljava/lang/Object;Ljava/util/Comparator;)I 2 6 java/util/Arrays binarySearch0 ([Ljava/lang/Object;IILjava/lang/Object;Ljava/util/Comparator;)I 3 48 org/codehaus/groovy/reflection/CachedClass$CachedMethodComparatorWithString compare (Ljava/lang/Object;Ljava/lang/Object;)I 4 11 org/codehaus/groovy/reflection/CachedMethod getName ()Ljava/lang/String; 5 4 java/lang/reflect/Method getName ()Ljava/lang/String; 4 18 java/lang/String compareTo (Ljava/lang/String;)I 5 11 java/lang/String coder ()B 5 19 java/lang/String coder ()B
